-- phpMyAdmin SQL Dump
-- version 4.6.6deb5
-- https://www.phpmyadmin.net/
--
-- Host: localhost:3306
-- Generation Time: Aug 02, 2019 at 02:01 PM
-- Server version: 5.7.27-0ubuntu0.18.04.1
-- PHP Version: 7.2.19-0ubuntu0.18.04.1

SET SQL_MODE = "NO_AUTO_VALUE_ON_ZERO";
SET time_zone = "+00:00";


/*!40101 SET @OLD_CHARACTER_SET_CLIENT=@@CHARACTER_SET_CLIENT */;
/*!40101 SET @OLD_CHARACTER_SET_RESULTS=@@CHARACTER_SET_RESULTS */;
/*!40101 SET @OLD_COLLATION_CONNECTION=@@COLLATION_CONNECTION */;
/*!40101 SET NAMES utf8mb4 */;

--
-- Database: `selfhelpDemo`
--

-- --------------------------------------------------------

--
-- Table structure for table `acl_groups`
--

CREATE TABLE `acl_groups` (
  `id_groups` int(10) UNSIGNED ZEROFILL NOT NULL,
  `id_pages` int(10) UNSIGNED ZEROFILL NOT NULL,
  `acl_select` tinyint(1) NOT NULL DEFAULT '1',
  `acl_insert` tinyint(1) NOT NULL DEFAULT '0',
  `acl_update` tinyint(1) NOT NULL DEFAULT '0',
  `acl_delete` tinyint(1) NOT NULL DEFAULT '0'
) ENGINE=InnoDB DEFAULT CHARSET=utf8;

--
-- Dumping data for table `acl_groups`
--

INSERT INTO `acl_groups` (`id_groups`, `id_pages`, `acl_select`, `acl_insert`, `acl_update`, `acl_delete`) VALUES
(0000000001, 0000000001, 1, 1, 1, 1),
(0000000001, 0000000002, 1, 1, 1, 1),
(0000000001, 0000000003, 1, 0, 1, 0),
(0000000001, 0000000004, 1, 1, 1, 1),
(0000000001, 0000000005, 1, 0, 1, 0),
(0000000001, 0000000006, 1, 1, 1, 1),
(0000000001, 0000000007, 1, 1, 1, 1),
(0000000001, 0000000008, 1, 1, 1, 1),
(0000000001, 0000000009, 1, 0, 0, 0),
(0000000001, 0000000010, 1, 0, 0, 0),
(0000000001, 0000000011, 1, 1, 0, 0),
(0000000001, 0000000012, 1, 0, 1, 0),
(0000000001, 0000000013, 1, 0, 0, 1),
(0000000001, 0000000014, 1, 0, 0, 0),
(0000000001, 0000000015, 1, 1, 0, 0),
(0000000001, 0000000016, 1, 0, 1, 0),
(0000000001, 0000000017, 1, 0, 0, 1),
(0000000001, 0000000018, 1, 0, 0, 0),
(0000000001, 0000000019, 1, 1, 0, 0),
(0000000001, 0000000020, 1, 0, 1, 0),
(0000000001, 0000000021, 1, 0, 0, 1),
(0000000001, 0000000022, 1, 0, 0, 0),
(0000000001, 0000000023, 1, 0, 0, 0),
(0000000001, 0000000024, 1, 0, 0, 0),
(0000000001, 0000000025, 1, 1, 0, 0),
(0000000001, 0000000026, 1, 0, 1, 0),
(0000000001, 0000000027, 1, 0, 0, 1),
(0000000001, 0000000028, 1, 0, 0, 0),
(0000000001, 0000000030, 1, 1, 1, 1),
(0000000001, 0000000031, 1, 1, 1, 1),
(0000000001, 0000000032, 1, 1, 1, 1),
(0000000001, 0000000033, 1, 1, 1, 1),
(0000000001, 0000000036, 1, 1, 1, 1),
(0000000001, 0000000037, 1, 1, 1, 1),
(0000000001, 0000000039, 1, 1, 1, 1),
(0000000001, 0000000040, 1, 0, 0, 0),
(0000000001, 0000000041, 1, 1, 1, 1),
(0000000001, 0000000042, 1, 1, 1, 1),
(0000000001, 0000000043, 1, 1, 1, 1),
(0000000001, 0000000044, 1, 1, 0, 0),
(0000000001, 0000000045, 1, 0, 1, 0),
(0000000001, 0000000046, 1, 0, 0, 0),
(0000000001, 0000000047, 1, 1, 0, 0),
(0000000001, 0000000048, 1, 0, 0, 1),
(0000000001, 0000000049, 1, 0, 1, 0),
(0000000001, 0000000050, 1, 0, 0, 1),
(0000000002, 0000000001, 1, 0, 0, 0),
(0000000002, 0000000002, 1, 0, 0, 0),
(0000000002, 0000000003, 1, 0, 0, 0),
(0000000002, 0000000004, 1, 0, 0, 0),
(0000000002, 0000000005, 1, 0, 0, 0),
(0000000002, 0000000006, 1, 0, 0, 0),
(0000000002, 0000000007, 1, 0, 0, 0),
(0000000002, 0000000008, 1, 0, 0, 0),
(0000000002, 0000000009, 1, 0, 0, 0),
(0000000002, 0000000010, 1, 0, 0, 0),
(0000000002, 0000000011, 1, 1, 0, 0),
(0000000002, 0000000012, 1, 0, 1, 0),
(0000000002, 0000000013, 1, 0, 0, 1),
(0000000002, 0000000014, 1, 0, 0, 0),
(0000000002, 0000000015, 1, 1, 0, 0),
(0000000002, 0000000016, 1, 0, 1, 0),
(0000000002, 0000000017, 0, 0, 0, 0),
(0000000002, 0000000018, 1, 0, 0, 0),
(0000000002, 0000000019, 1, 1, 0, 0),
(0000000002, 0000000020, 1, 0, 1, 0),
(0000000002, 0000000021, 0, 0, 0, 0),
(0000000002, 0000000022, 1, 0, 0, 0),
(0000000002, 0000000023, 1, 0, 0, 0),
(0000000002, 0000000024, 1, 0, 0, 0),
(0000000002, 0000000025, 1, 1, 0, 0),
(0000000002, 0000000026, 1, 0, 1, 0),
(0000000002, 0000000027, 1, 0, 0, 1),
(0000000002, 0000000028, 1, 0, 0, 0),
(0000000002, 0000000030, 1, 0, 0, 0),
(0000000002, 0000000031, 1, 0, 0, 0),
(0000000002, 0000000032, 1, 0, 0, 0),
(0000000002, 0000000033, 1, 0, 0, 0),
(0000000002, 0000000036, 1, 1, 1, 1),
(0000000002, 0000000037, 1, 1, 1, 1),
(0000000002, 0000000039, 1, 1, 1, 1),
(0000000002, 0000000040, 1, 0, 0, 0),
(0000000002, 0000000041, 1, 1, 1, 1),
(0000000002, 0000000042, 1, 0, 0, 0),
(0000000002, 0000000043, 1, 1, 1, 1),
(0000000002, 0000000044, 1, 1, 0, 0),
(0000000002, 0000000045, 1, 0, 1, 0),
(0000000003, 0000000001, 1, 0, 0, 0),
(0000000003, 0000000002, 1, 0, 0, 0),
(0000000003, 0000000003, 1, 0, 0, 0),
(0000000003, 0000000004, 1, 0, 0, 0),
(0000000003, 0000000005, 1, 0, 0, 0),
(0000000003, 0000000006, 1, 0, 0, 0),
(0000000003, 0000000007, 1, 0, 0, 0),
(0000000003, 0000000008, 1, 0, 0, 0),
(0000000003, 0000000009, 0, 0, 0, 0),
(0000000003, 0000000010, 0, 0, 0, 0),
(0000000003, 0000000011, 0, 0, 0, 0),
(0000000003, 0000000012, 0, 0, 0, 0),
(0000000003, 0000000013, 0, 0, 0, 0),
(0000000003, 0000000014, 0, 0, 0, 0),
(0000000003, 0000000015, 0, 0, 0, 0),
(0000000003, 0000000016, 0, 0, 0, 0),
(0000000003, 0000000017, 0, 0, 0, 0),
(0000000003, 0000000018, 0, 0, 0, 0),
(0000000003, 0000000019, 0, 0, 0, 0),
(0000000003, 0000000020, 0, 0, 0, 0),
(0000000003, 0000000021, 0, 0, 0, 0),
(0000000003, 0000000022, 0, 0, 0, 0),
(0000000003, 0000000023, 0, 0, 0, 0),
(0000000003, 0000000024, 0, 0, 0, 0),
(0000000003, 0000000025, 0, 0, 0, 0),
(0000000003, 0000000026, 0, 0, 0, 0),
(0000000003, 0000000027, 0, 0, 0, 0),
(0000000003, 0000000028, 1, 0, 0, 0),
(0000000003, 0000000030, 1, 0, 0, 0),
(0000000003, 0000000031, 1, 0, 0, 0),
(0000000003, 0000000032, 1, 0, 0, 0),
(0000000003, 0000000033, 1, 0, 0, 0),
(0000000003, 0000000036, 1, 0, 0, 0),
(0000000003, 0000000037, 1, 0, 0, 0),
(0000000003, 0000000039, 1, 0, 0, 0),
(0000000003, 0000000040, 1, 0, 0, 0),
(0000000003, 0000000041, 1, 0, 0, 0),
(0000000003, 0000000042, 1, 0, 0, 0),
(0000000003, 0000000043, 1, 0, 0, 0),
(0000000003, 0000000044, 0, 0, 0, 0);

-- --------------------------------------------------------

--
-- Table structure for table `acl_users`
--

CREATE TABLE `acl_users` (
  `id_users` int(10) UNSIGNED ZEROFILL NOT NULL,
  `id_pages` int(10) UNSIGNED ZEROFILL NOT NULL,
  `acl_select` tinyint(1) NOT NULL DEFAULT '1',
  `acl_insert` tinyint(1) NOT NULL DEFAULT '0',
  `acl_update` tinyint(1) NOT NULL DEFAULT '0',
  `acl_delete` tinyint(1) NOT NULL DEFAULT '0'
) ENGINE=InnoDB DEFAULT CHARSET=utf8;

--
-- Dumping data for table `acl_users`
--

INSERT INTO `acl_users` (`id_users`, `id_pages`, `acl_select`, `acl_insert`, `acl_update`, `acl_delete`) VALUES
(0000000001, 0000000001, 1, 0, 0, 0),
(0000000001, 0000000002, 1, 0, 0, 0),
(0000000001, 0000000006, 1, 0, 0, 0),
(0000000001, 0000000008, 1, 0, 0, 0),
(0000000001, 0000000030, 1, 0, 0, 0),
(0000000001, 0000000031, 1, 0, 0, 0),
(0000000001, 0000000032, 1, 0, 0, 0),
(0000000001, 0000000036, 1, 0, 0, 0),
(0000000001, 0000000037, 1, 0, 0, 0),
(0000000001, 0000000039, 1, 0, 0, 0),
(0000000001, 0000000040, 1, 0, 0, 0),
(0000000001, 0000000041, 1, 0, 0, 0),
(0000000001, 0000000042, 1, 0, 0, 0),
(0000000001, 0000000043, 1, 0, 0, 0);

-- --------------------------------------------------------

--
-- Table structure for table `actions`
--

CREATE TABLE `actions` (
  `id` int(10) UNSIGNED ZEROFILL NOT NULL,
  `name` varchar(100) NOT NULL
) ENGINE=InnoDB DEFAULT CHARSET=utf8;

--
-- Dumping data for table `actions`
--

INSERT INTO `actions` (`id`, `name`) VALUES
(0000000001, 'custom'),
(0000000002, 'component'),
(0000000003, 'sections');

-- --------------------------------------------------------

--
-- Table structure for table `activityType`
--

CREATE TABLE `activityType` (
  `id` int(10) UNSIGNED ZEROFILL NOT NULL,
  `name` varchar(100) NOT NULL
) ENGINE=InnoDB DEFAULT CHARSET=utf8;

--
-- Dumping data for table `activityType`
--

INSERT INTO `activityType` (`id`, `name`) VALUES
(0000000001, 'experiment'),
(0000000002, 'export');

-- --------------------------------------------------------

--
-- Table structure for table `chat`
--

CREATE TABLE `chat` (
  `id` int(10) UNSIGNED ZEROFILL NOT NULL,
  `id_snd` int(10) UNSIGNED ZEROFILL NOT NULL,
  `id_rcv` int(10) UNSIGNED ZEROFILL DEFAULT NULL,
  `id_rcv_grp` int(10) UNSIGNED ZEROFILL DEFAULT NULL,
  `content` longtext NOT NULL,
  `timestamp` datetime NOT NULL DEFAULT CURRENT_TIMESTAMP
) ENGINE=InnoDB DEFAULT CHARSET=utf8;

-- --------------------------------------------------------

--
-- Table structure for table `chatRecipiants`
--

CREATE TABLE `chatRecipiants` (
  `id_users` int(10) UNSIGNED ZEROFILL NOT NULL,
  `id_chat` int(10) UNSIGNED ZEROFILL NOT NULL,
  `id_room_users` int(10) UNSIGNED ZEROFILL DEFAULT NULL,
  `is_new` tinyint(4) NOT NULL DEFAULT '1'
) ENGINE=InnoDB DEFAULT CHARSET=latin1;

-- --------------------------------------------------------

--
-- Table structure for table `chatRoom`
--

CREATE TABLE `chatRoom` (
  `id` int(10) UNSIGNED ZEROFILL NOT NULL,
  `name` varchar(100) NOT NULL,
  `description` longtext NOT NULL
) ENGINE=InnoDB DEFAULT CHARSET=utf8;

--
-- Dumping data for table `chatRoom`
--

INSERT INTO `chatRoom` (`id`, `name`, `description`) VALUES
(0000000001, 'root', 'The main room where every user is part of');

-- --------------------------------------------------------

--
-- Table structure for table `chatRoom_users`
--

CREATE TABLE `chatRoom_users` (
  `id` int(10) UNSIGNED ZEROFILL NOT NULL,
  `id_chatRoom` int(10) UNSIGNED ZEROFILL NOT NULL,
  `id_users` int(10) UNSIGNED ZEROFILL NOT NULL
) ENGINE=InnoDB DEFAULT CHARSET=utf8;

-- --------------------------------------------------------

--
-- Table structure for table `fields`
--

CREATE TABLE `fields` (
  `id` int(10) UNSIGNED ZEROFILL NOT NULL,
  `name` varchar(100) NOT NULL,
  `id_type` int(10) UNSIGNED ZEROFILL NOT NULL DEFAULT '0000000002',
  `display` tinyint(1) NOT NULL DEFAULT '1'
) ENGINE=InnoDB DEFAULT CHARSET=utf8;

--
-- Dumping data for table `fields`
--

INSERT INTO `fields` (`id`, `name`, `id_type`, `display`) VALUES
(0000000001, 'label_user', 0000000001, 1),
(0000000002, 'label_pw', 0000000001, 1),
(0000000003, 'label_login', 0000000001, 1),
(0000000004, 'label_pw_reset', 0000000001, 1),
(0000000005, 'alert_fail', 0000000001, 1),
(0000000006, 'children', 0000000006, 0),
(0000000007, 'login_title', 0000000001, 1),
(0000000008, 'label', 0000000001, 1),
(0000000009, 'label_pw_confirm', 0000000001, 1),
(0000000010, 'label_change', 0000000001, 1),
(0000000011, 'pw_change_title', 0000000001, 1),
(0000000012, 'delete_title', 0000000001, 1),
(0000000013, 'label_delete', 0000000001, 1),
(0000000014, 'delete_content', 0000000002, 1),
(0000000015, 'label_delete_confirm', 0000000001, 1),
(0000000016, 'delete_confirm_content', 0000000002, 1),
(0000000017, 'alert_pw_fail', 0000000001, 1),
(0000000018, 'alert_pw_success', 0000000001, 1),
(0000000019, 'alert_del_fail', 0000000001, 1),
(0000000020, 'alert_del_success', 0000000001, 1),
(0000000021, 'level', 0000000005, 0),
(0000000022, 'title', 0000000007, 1),
(0000000023, 'css', 0000000001, 0),
(0000000024, 'text', 0000000002, 1),
(0000000025, 'text_md', 0000000004, 1),
(0000000026, 'text_md_inline', 0000000007, 1),
(0000000027, 'url', 0000000001, 0),
(0000000028, 'type', 0000000009, 0),
(0000000029, 'is_fluid', 0000000003, 0),
(0000000030, 'alt', 0000000001, 1),
(0000000031, 'title_prefix', 0000000001, 1),
(0000000032, 'experimenter', 0000000001, 1),
(0000000033, 'subjects', 0000000001, 1),
(0000000034, 'subtitle', 0000000001, 1),
(0000000035, 'alert_success', 0000000001, 1),
(0000000036, 'label_name', 0000000001, 1),
(0000000037, 'name_placeholder', 0000000001, 1),
(0000000038, 'name_description', 0000000007, 1),
(0000000039, 'label_gender', 0000000001, 1),
(0000000040, 'gender_male', 0000000001, 1),
(0000000041, 'gender_female', 0000000001, 1),
(0000000042, 'label_activate', 0000000001, 1),
(0000000043, 'pw_placeholder', 0000000001, 1),
(0000000044, 'success', 0000000001, 1),
(0000000045, 'is_dismissable', 0000000003, 0),
(0000000046, 'is_expanded', 0000000003, 0),
(0000000047, 'is_collapsible', 0000000003, 0),
(0000000048, 'url_edit', 0000000001, 0),
(0000000049, 'caption_title', 0000000001, 1),
(0000000050, 'caption', 0000000007, 1),
(0000000051, 'label_cancel', 0000000001, 1),
(0000000052, 'url_cancel', 0000000001, 0),
(0000000053, 'source', 0000000001, 1),
(0000000054, 'type_input', 0000000010, 0),
(0000000055, 'placeholder', 0000000001, 1),
(0000000056, 'is_required', 0000000003, 0),
(0000000057, 'name', 0000000001, 0),
(0000000058, 'value', 0000000002, 0),
(0000000059, 'is_paragraph', 0000000003, 0),
(0000000060, 'count', 0000000005, 0),
(0000000061, 'count_max', 0000000005, 0),
(0000000062, 'label_right', 0000000001, 1),
(0000000063, 'label_wrong', 0000000001, 1),
(0000000064, 'right_content', 0000000001, 1),
(0000000065, 'wrong_content', 0000000001, 1),
(0000000066, 'items', 0000000008, 1),
(0000000067, 'is_multiple', 0000000003, 0),
(0000000068, 'labels', 0000000008, 1),
(0000000069, 'min', 0000000005, 0),
(0000000070, 'max', 0000000005, 0),
(0000000071, 'sources', 0000000008, 1),
(0000000072, 'label_root', 0000000001, 1),
(0000000073, 'label_back', 0000000001, 1),
(0000000074, 'label_next', 0000000001, 1),
(0000000075, 'has_navigation_buttons', 0000000003, 0),
(0000000077, 'search_text', 0000000001, 1),
(0000000078, 'is_sortable', 0000000003, 0),
(0000000079, 'is_editable', 0000000003, 0),
(0000000080, 'url_delete', 0000000001, 0),
(0000000081, 'label_add', 0000000001, 1),
(0000000082, 'url_add', 0000000001, 0),
(0000000083, 'id_prefix', 0000000001, 0),
(0000000084, 'id_active', 0000000005, 0),
(0000000085, 'is_inline', 0000000003, 0),
(0000000086, 'open_in_new_tab', 0000000003, 0),
(0000000087, 'is_log', 0000000003, 0),
(0000000088, 'label_date_time', 0000000001, 1),
(0000000089, 'css_nav', 0000000001, 0),
(0000000090, 'label_submit', 0000000001, 1),
(0000000091, 'condition', 0000000008, 0),
(0000000092, 'email_activate', 0000000011, 1),
(0000000094, 'email_reminder', 0000000011, 1),
(0000000095, 'label_lobby', 0000000001, 1),
(0000000096, 'label_new', 0000000001, 1),
(0000000097, 'debug', 0000000003, 0),
(0000000099, 'has_controls', 0000000003, 0),
(0000000100, 'has_indicators', 0000000003, 0),
(0000000101, 'is_striped', 0000000003, 0),
(0000000102, 'has_label', 0000000003, 0),
(0000000103, 'has_crossfade', 0000000003, 0),
(0000000104, 'has_navigation_menu', 0000000003, 0),
(0000000105, 'json', 0000000008, 1),
(0000000106, 'description', 0000000002, 1),
(0000000107, 'code', 0000000012, 1),
(0000000108, 'admins', 0000000008, 0),
(0000000109, 'email_admins', 0000000011, 1),
(0000000110, 'email_user', 0000000011, 1),
(0000000111, 'subject_user', 0000000001, 1),
(0000000112, 'attachments_user', 0000000008, 1),
(0000000113, 'do_store', 0000000003, 0),
(0000000114, 'is_html', 0000000003, 0),
(0000000115, 'maintenance', 0000000004, 1),
(0000000117, 'maintenance_date', 0000000013, 0),
(0000000118, 'maintenance_time', 0000000014, 0);

-- --------------------------------------------------------

--
-- Table structure for table `fieldType`
--

CREATE TABLE `fieldType` (
  `id` int(10) UNSIGNED ZEROFILL NOT NULL,
  `name` varchar(100) NOT NULL,
  `position` int(11) NOT NULL
) ENGINE=InnoDB DEFAULT CHARSET=utf8;

--
-- Dumping data for table `fieldType`
--

INSERT INTO `fieldType` (`id`, `name`, `position`) VALUES
(0000000001, 'text', 10),
(0000000002, 'textarea', 30),
(0000000003, 'checkbox', 60),
(0000000004, 'markdown', 40),
(0000000005, 'number', 50),
(0000000006, 'style-list', 70),
(0000000007, 'markdown-inline', 20),
(0000000008, 'json', 45),
(0000000009, 'style-bootstrap', 5),
(0000000010, 'type-input', 4),
(0000000011, 'email', 90),
(0000000012, 'code', 42),
(0000000013, 'date', 25),
(0000000014, 'time', 24);

-- --------------------------------------------------------

--
-- Table structure for table `genders`
--

CREATE TABLE `genders` (
  `id` int(10) UNSIGNED ZEROFILL NOT NULL,
  `name` varchar(20) NOT NULL
) ENGINE=InnoDB DEFAULT CHARSET=utf8;

--
-- Dumping data for table `genders`
--

INSERT INTO `genders` (`id`, `name`) VALUES
(0000000001, 'male'),
(0000000002, 'female');

-- --------------------------------------------------------

--
-- Table structure for table `groups`
--

CREATE TABLE `groups` (
  `id` int(10) UNSIGNED ZEROFILL NOT NULL,
  `name` varchar(100) NOT NULL,
  `description` varchar(250) NOT NULL
) ENGINE=InnoDB DEFAULT CHARSET=utf8;

--
-- Dumping data for table `groups`
--

INSERT INTO `groups` (`id`, `name`, `description`) VALUES
(0000000001, 'admin', 'full access'),
(0000000002, 'therapist', 'access to home, legal, profile, experiment, manage experiment'),
(0000000003, 'subject', 'access to home, legal, profile, experiment');

-- --------------------------------------------------------

--
-- Table structure for table `languages`
--

CREATE TABLE `languages` (
  `id` int(10) UNSIGNED ZEROFILL NOT NULL,
  `locale` varchar(5) NOT NULL COMMENT '"e.g en-GB, de-CH"',
  `language` varchar(100) NOT NULL,
  `csv_separator` varchar(1) NOT NULL DEFAULT ','
) ENGINE=InnoDB DEFAULT CHARSET=utf8;

--
-- Dumping data for table `languages`
--

INSERT INTO `languages` (`id`, `locale`, `language`, `csv_separator`) VALUES
(0000000001, 'all', 'Independent', ','),
(0000000002, 'de-CH', 'Deutsch (Schweiz)', ','),
(0000000003, 'en-GB', 'English (GB)', ',');

-- --------------------------------------------------------

--
-- Table structure for table `pages`
--

CREATE TABLE `pages` (
  `id` int(10) UNSIGNED ZEROFILL NOT NULL,
  `keyword` varchar(100) NOT NULL,
  `url` varchar(255) DEFAULT NULL,
  `protocol` varchar(100) DEFAULT NULL COMMENT 'pipe seperated list of HTTP Methods (GET|POST)',
  `id_actions` int(10) UNSIGNED ZEROFILL DEFAULT NULL,
  `id_navigation_section` int(10) UNSIGNED ZEROFILL DEFAULT NULL,
  `parent` int(10) UNSIGNED ZEROFILL DEFAULT NULL,
  `is_headless` tinyint(1) NOT NULL DEFAULT '0',
  `nav_position` int(11) DEFAULT NULL,
  `footer_position` int(11) DEFAULT NULL,
  `id_type` int(10) UNSIGNED ZEROFILL NOT NULL
) ENGINE=InnoDB DEFAULT CHARSET=utf8;

--
-- Dumping data for table `pages`
--

INSERT INTO `pages` (`id`, `keyword`, `url`, `protocol`, `id_actions`, `id_navigation_section`, `parent`, `is_headless`, `nav_position`, `footer_position`, `id_type`) VALUES
(0000000001, 'login', '/login', 'GET|POST', 0000000003, NULL, NULL, 1, NULL, NULL, 0000000002),
(0000000002, 'home', '/', 'GET|POST', 0000000003, NULL, NULL, 0, NULL, NULL, 0000000002),
(0000000003, 'profile-link', NULL, NULL, NULL, NULL, NULL, 0, NULL, NULL, 0000000002),
(0000000004, 'profile', '/profile', 'GET|POST', 0000000003, NULL, 0000000003, 0, 10, NULL, 0000000002),
(0000000005, 'logout', '/login', 'GET', NULL, NULL, 0000000003, 0, 20, NULL, 0000000002),
(0000000006, 'missing', NULL, NULL, 0000000003, NULL, NULL, 0, NULL, NULL, 0000000002),
(0000000007, 'no_access', NULL, NULL, 0000000003, NULL, NULL, 0, NULL, NULL, 0000000002),
(0000000008, 'no_access_guest', NULL, NULL, 0000000003, NULL, NULL, 0, NULL, NULL, 0000000002),
(0000000009, 'admin-link', NULL, NULL, NULL, NULL, NULL, 0, 1000, NULL, 0000000001),
(0000000010, 'cmsSelect', '/admin/cms/[i:pid]?/[i:sid]?/[i:ssid]?', 'GET|POST', 0000000002, NULL, 0000000009, 0, 10, NULL, 0000000001),
(0000000011, 'cmsInsert', '/admin/cms_insert/[i:pid]?', 'GET|POST|PUT', 0000000002, NULL, 0000000009, 0, NULL, NULL, 0000000001),
(0000000012, 'cmsUpdate', '/admin/cms_update/[i:pid]?/[i:sid]?/[i:ssid]?/[update|insert|delete:mode]/[v:type]/[i:did]?', 'GET|POST|PATCH', 0000000002, NULL, 0000000009, 0, NULL, NULL, 0000000001),
(0000000013, 'cmsDelete', '/admin/cms_delete/[i:pid]/[i:sid]?/[i:ssid]?', 'GET|POST|DELETE', 0000000002, NULL, 0000000009, 0, NULL, NULL, 0000000001),
(0000000014, 'userSelect', '/admin/user/[i:uid]?', 'GET', 0000000002, NULL, 0000000009, 0, 20, NULL, 0000000001),
(0000000015, 'userInsert', '/admin/user_insert', 'GET|POST|PUT', 0000000002, NULL, 0000000009, 0, NULL, NULL, 0000000001),
(0000000016, 'userUpdate', '/admin/user_update/[i:uid]/[v:mode]/[i:did]?', 'GET|POST|PATCH', 0000000002, NULL, 0000000009, 0, NULL, NULL, 0000000001),
(0000000017, 'userDelete', '/admin/user_delete/[i:uid]', 'GET|POST|DELETE', 0000000002, NULL, 0000000009, 0, NULL, NULL, 0000000001),
(0000000018, 'groupSelect', '/admin/group/[i:gid]?', 'GET', 0000000002, NULL, 0000000009, 0, 30, NULL, 0000000001),
(0000000019, 'groupInsert', '/admin/group_insert', 'GET|POST|PUT', 0000000002, NULL, 0000000009, 0, NULL, NULL, 0000000001),
(0000000020, 'groupUpdate', '/admin/group_update/[i:gid]', 'GET|POST|PATCH', 0000000002, NULL, 0000000009, 0, NULL, NULL, 0000000001),
(0000000021, 'groupDelete', '/admin/group_delete/[i:gid]', 'GET|POST|DELETE', 0000000002, NULL, 0000000009, 0, NULL, NULL, 0000000001),
(0000000022, 'export', '/admin/export', 'GET', 0000000002, NULL, 0000000009, 0, 40, NULL, 0000000001),
(0000000023, 'exportData', '/admin/export/[user_input|user_activity|validation_codes:selector]/[all|used|open:option]?', 'GET', 0000000001, NULL, 0000000009, 0, NULL, NULL, 0000000001),
(0000000024, 'assetSelect', '/admin/asset', 'GET', 0000000002, NULL, 0000000009, 0, 15, NULL, 0000000001),
(0000000025, 'assetInsert', '/admin/asset_insert/[css|asset:mode]', 'GET|POST|PUT', 0000000002, NULL, 0000000009, 0, NULL, NULL, 0000000001),
(0000000026, 'assetUpdate', '/admin/asset_update/[v:file]', 'GET|POST|PATCH', 0000000002, NULL, 0000000009, 0, NULL, NULL, 0000000001),
(0000000027, 'assetDelete', '/admin/asset_delete/[css|asset:mode]/[*:file]', 'GET|POST|DELETE', 0000000002, NULL, 0000000009, 0, NULL, NULL, 0000000001),
(0000000028, 'request', '/request/[v:class]/[v:method]?', 'GET|POST', 0000000001, NULL, NULL, 0, NULL, NULL, 0000000001),
(0000000030, 'agb', '/agb', 'GET', 0000000003, NULL, NULL, 0, NULL, 300, 0000000002),
(0000000031, 'impressum', '/impressum', 'GET', 0000000003, NULL, NULL, 0, NULL, 100, 0000000002),
(0000000032, 'disclaimer', '/disclaimer', 'GET', 0000000003, NULL, NULL, 0, NULL, 200, 0000000002),
(0000000033, 'validate', '/validate/[i:uid]/[a:token]', 'GET|POST', 0000000003, NULL, NULL, 0, NULL, NULL, 0000000002),
(0000000036, 'style', '/style/[i:nav]', 'GET|POST', 0000000003, 0000000029, 0000000037, 0, NULL, NULL, 0000000003),
(0000000037, 'styles', '/styles', 'GET|POST', 0000000003, NULL, NULL, 0, 0, NULL, 0000000003),
(0000000039, 'extend', '/extend', 'GET|POST', 0000000003, NULL, NULL, 0, 50, NULL, 0000000003),
(0000000040, 'config', '/config/[config-apache|config-db|config-mail|new-experiment|users:target]', 'GET', 0000000002, NULL, 0000000041, 0, NULL, NULL, 0000000001),
(0000000041, 'configs', '/configs', 'GET|POST', 0000000003, NULL, NULL, 0, 30, NULL, 0000000003),
(0000000042, 'reset_password', '/reset', 'GET|POST', 0000000003, NULL, NULL, 0, NULL, NULL, 0000000002),
(0000000043, 'extend_item', '/extend/[i:nav]', 'GET|POST', 0000000003, 0000000415, 0000000039, 0, NULL, NULL, 0000000003),
(0000000044, 'userGenCode', '/admin/user_gen_code', 'GET|POST|PUT', 0000000002, NULL, 0000000009, 0, NULL, NULL, 0000000001),
(0000000045, 'email', '/admin/email/[i:id]?', 'GET|POST|PATCH', 0000000002, NULL, 0000000009, 0, 11, NULL, 0000000001),
(0000000046, 'chatAdminSelect', '/admin/chat/[i:rid]?', 'GET', 0000000002, NULL, 0000000009, 0, 35, NULL, 0000000001),
(0000000047, 'chatAdminInsert', '/admin/chat_insert/', 'GET|POST|PUT', 0000000002, NULL, 0000000009, 0, NULL, NULL, 0000000001),
(0000000048, 'chatAdminDelete', '/admin/chat_delete/[i:rid]', 'GET|POST|DELETE', 0000000002, NULL, 0000000009, 0, NULL, NULL, 0000000001),
(0000000049, 'chatAdminUpdate', '/admin/chat_update/[i:rid]/[add_user|rm_user:mode]/[i:did]?', 'GET|POST|PATCH', 0000000002, NULL, 0000000009, 0, NULL, NULL, 0000000001),
(0000000050, 'exportDelete', '/admin/exportDelete/[user_activity|user_input:selector]', 'GET|POST|DELETE', 0000000002, NULL, 0000000009, 0, NULL, NULL, 0000000001);

-- --------------------------------------------------------

--
-- Table structure for table `pages_fields`
--

CREATE TABLE `pages_fields` (
  `id_pages` int(10) UNSIGNED ZEROFILL NOT NULL,
  `id_fields` int(10) UNSIGNED ZEROFILL NOT NULL,
  `default_value` varchar(100) DEFAULT NULL,
  `help` longtext
) ENGINE=InnoDB DEFAULT CHARSET=utf8;

--
-- Dumping data for table `pages_fields`
--

INSERT INTO `pages_fields` (`id_pages`, `id_fields`, `default_value`, `help`) VALUES
(0000000002, 0000000106, NULL, 'A short description of the research project. This field will be used as `meta:description` in the HTML header. Some services use this tag to provide the user with information on the webpage (e.g. automatic link-replacement in messaging tools on smartphones use this description.)'),
(0000000002, 0000000115, NULL, 'This field defines the content of the alert message that is shown when a date is set in the field `maintainence_date`. Use markdown with the special keyword `@date` which will be replaced by a human-readable form of the field `maintainence_date`.'),
(0000000002, 0000000117, NULL, 'If set (together with the field `maintainence_time`), starting from the given date an alert message is shown at the top of the page displaying to content as defined in the field `maintainence`.'),
(0000000002, 0000000118, NULL, 'If set (together with the field `maintainence_date`), starting from the given time an alert message is shown at the top of the page displaying to content as defined in the field `maintainence`.');

-- --------------------------------------------------------

--
-- Table structure for table `pages_fields_translation`
--

CREATE TABLE `pages_fields_translation` (
  `id_pages` int(10) UNSIGNED ZEROFILL NOT NULL,
  `id_fields` int(10) UNSIGNED ZEROFILL NOT NULL,
  `id_languages` int(10) UNSIGNED ZEROFILL NOT NULL DEFAULT '0000000001',
  `content` longtext NOT NULL
) ENGINE=InnoDB DEFAULT CHARSET=utf8;

--
-- Dumping data for table `pages_fields_translation`
--

INSERT INTO `pages_fields_translation` (`id_pages`, `id_fields`, `id_languages`, `content`) VALUES
(0000000001, 0000000008, 0000000002, 'Login'),
(0000000001, 0000000008, 0000000003, 'Login'),
(0000000002, 0000000008, 0000000002, 'Demo'),
(0000000002, 0000000008, 0000000003, 'Demo'),
(0000000002, 0000000106, 0000000002, ''),
(0000000002, 0000000106, 0000000003, ''),
(0000000002, 0000000115, 0000000002, 'Um eine Server-Wartung durchzuführen wird die Seite ab dem @date um @time für einen kurzen Moment nicht erreichbar sein. Wir bitten um Entschuldingung.'),
(0000000002, 0000000115, 0000000003, 'There will be a short **service disruption** on the @date at @time due to server maintenance. Please accept our apologies for the caused inconveniences.'),
(0000000002, 0000000117, 0000000001, ''),
(0000000002, 0000000118, 0000000001, ''),
(0000000003, 0000000008, 0000000002, 'Profil'),
(0000000003, 0000000008, 0000000003, 'Profile'),
(0000000004, 0000000008, 0000000002, 'Einstellungen'),
(0000000004, 0000000008, 0000000003, 'Settings'),
(0000000005, 0000000008, 0000000002, 'Logout'),
(0000000005, 0000000008, 0000000003, 'Logout'),
(0000000006, 0000000008, 0000000002, 'Seite nicht gefunden'),
(0000000006, 0000000008, 0000000003, 'Missing'),
(0000000007, 0000000008, 0000000002, 'Kein Zugriff'),
(0000000007, 0000000008, 0000000003, 'No Access'),
(0000000008, 0000000008, 0000000002, 'Kein Zugriff'),
(0000000008, 0000000008, 0000000003, 'No Access'),
(0000000009, 0000000008, 0000000001, 'Admin'),
(0000000010, 0000000008, 0000000001, 'CMS'),
(0000000011, 0000000008, 0000000001, 'Create Page'),
(0000000012, 0000000008, 0000000001, 'Update Content'),
(0000000013, 0000000008, 0000000001, 'Delete Page'),
(0000000014, 0000000008, 0000000001, 'Users'),
(0000000015, 0000000008, 0000000001, 'Create User'),
(0000000016, 0000000008, 0000000001, 'Modify User'),
(0000000017, 0000000008, 0000000001, 'Delete User'),
(0000000018, 0000000008, 0000000001, 'Groups'),
(0000000019, 0000000008, 0000000001, 'Create Group'),
(0000000020, 0000000008, 0000000001, 'Modify Group'),
(0000000021, 0000000008, 0000000001, 'Delete Group'),
(0000000022, 0000000008, 0000000001, 'Export'),
(0000000023, 0000000008, 0000000001, 'Export'),
(0000000024, 0000000008, 0000000001, 'Assets'),
(0000000025, 0000000008, 0000000001, 'Upload Asset'),
(0000000026, 0000000008, 0000000001, 'Rename Asset'),
(0000000027, 0000000008, 0000000001, 'Delete Asset'),
(0000000030, 0000000008, 0000000002, 'AGB'),
(0000000030, 0000000008, 0000000003, 'GTC'),
(0000000031, 0000000008, 0000000002, 'Impressum'),
(0000000031, 0000000008, 0000000003, 'Impressum'),
(0000000032, 0000000008, 0000000002, 'Disclaimer'),
(0000000032, 0000000008, 0000000003, 'Disclaimer'),
(0000000033, 0000000008, 0000000002, 'Benutzer Validierung'),
(0000000033, 0000000008, 0000000003, 'User Validation'),
(0000000036, 0000000008, 0000000002, 'Style'),
(0000000036, 0000000008, 0000000003, 'Style'),
(0000000037, 0000000008, 0000000002, 'Styles'),
(0000000037, 0000000008, 0000000003, 'Styles'),
(0000000039, 0000000008, 0000000002, 'Erweiterungen'),
(0000000039, 0000000008, 0000000003, 'Extensions'),
(0000000040, 0000000008, 0000000003, 'Config'),
(0000000041, 0000000008, 0000000002, 'Server'),
(0000000041, 0000000008, 0000000003, 'Server'),
(0000000043, 0000000008, 0000000003, 'Server'),
(0000000044, 0000000008, 0000000001, 'Generate Validation Codes'),
(0000000045, 0000000008, 0000000001, 'Email CMS'),
(0000000045, 0000000092, 0000000002, 'Guten Tag\r\n\r\nUm Ihre Email Adresse zu verifizieren und Ihren @project Account zu aktivieren klicken Sie bitte auf den untenstehenden Link.\r\n\r\n@link\r\n\r\nVielen Dank!\r\n\r\nIhr @project Team'),
(0000000045, 0000000092, 0000000003, 'Hello\r\n\r\nTo verify you email address and to activate your @project account please click the link below.\r\n\r\n@link\r\n\r\nThank you!\r\n\r\nSincerely, your @project team'),
(0000000045, 0000000094, 0000000002, 'Guten Tag\r\n\r\nSie waren für längere Zeit nicht mehr aktiv auf der @project Plattform.\r\nEs würde uns freuen wenn Sie wieder vorbeischauen würden.\r\n\r\n@link\r\n\r\nMit freundlichen Grüssen\r\nihr @project Team'),
(0000000045, 0000000094, 0000000003, 'Hello\r\n\r\nYou did not visit the @project platform for some time now.\r\nWe would be pleased if you would visit us again.\r\n\r\n@link\r\n\r\nSincerely, your @project team'),
(0000000046, 0000000008, 0000000001, 'Chat Rooms'),
(0000000047, 0000000008, 0000000001, 'Create Chat Room'),
(0000000048, 0000000008, 0000000001, 'Delete Chat Room'),
(0000000049, 0000000008, 0000000001, 'Administrate Chat Room'),
(0000000050, 0000000008, 0000000002, 'Userdaten Löschen'),
(0000000050, 0000000008, 0000000003, 'Remove User Data');

-- --------------------------------------------------------

--
-- Table structure for table `pages_sections`
--

CREATE TABLE `pages_sections` (
  `id_pages` int(10) UNSIGNED ZEROFILL NOT NULL,
  `id_sections` int(10) UNSIGNED ZEROFILL NOT NULL,
  `position` int(11) DEFAULT NULL
) ENGINE=InnoDB DEFAULT CHARSET=utf8;

--
-- Dumping data for table `pages_sections`
--

INSERT INTO `pages_sections` (`id_pages`, `id_sections`, `position`) VALUES
(0000000001, 0000000437, NULL),
(0000000002, 0000000019, 0),
(0000000004, 0000000002, NULL),
(0000000006, 0000000003, NULL),
(0000000007, 0000000009, 0),
(0000000008, 0000000012, 0),
(0000000030, 0000000016, 0),
(0000000031, 0000000020, 0),
(0000000032, 0000000018, 0),
(0000000033, 0000000026, NULL),
(0000000037, 0000000335, 0),
(0000000039, 0000000392, 0),
(0000000041, 0000000389, 0),
(0000000042, 0000000412, NULL);

-- --------------------------------------------------------

--
-- Table structure for table `pageType`
--

CREATE TABLE `pageType` (
  `id` int(10) UNSIGNED ZEROFILL NOT NULL,
  `name` varchar(100) NOT NULL
) ENGINE=InnoDB DEFAULT CHARSET=utf8;

--
-- Dumping data for table `pageType`
--

INSERT INTO `pageType` (`id`, `name`) VALUES
(0000000001, 'intern'),
(0000000002, 'core'),
(0000000003, 'experiment'),
(0000000004, 'open');

-- --------------------------------------------------------

--
-- Table structure for table `sections`
--

CREATE TABLE `sections` (
  `id` int(10) UNSIGNED ZEROFILL NOT NULL,
  `id_styles` int(10) UNSIGNED ZEROFILL NOT NULL,
  `name` varchar(100) NOT NULL,
  `owner` int(10) UNSIGNED ZEROFILL DEFAULT NULL
) ENGINE=InnoDB DEFAULT CHARSET=utf8;

--
-- Dumping data for table `sections`
--

INSERT INTO `sections` (`id`, `id_styles`, `name`, `owner`) VALUES
(0000000001, 0000000001, 'login-login', NULL),
(0000000002, 0000000002, 'profile-profile', NULL),
(0000000003, 0000000003, 'missing-container', NULL),
(0000000004, 0000000004, 'missing-jumbotron', NULL),
(0000000005, 0000000005, 'missing-heading', NULL),
(0000000006, 0000000006, 'missing-markdown', NULL),
(0000000007, 0000000008, 'goBack-button', NULL),
(0000000008, 0000000008, 'goHome-button', NULL),
(0000000009, 0000000003, 'no_access-container', NULL),
(0000000010, 0000000004, 'no_access-jumbotron', NULL),
(0000000011, 0000000005, 'no_access-heading', NULL),
(0000000012, 0000000003, 'no_access_guest-container', NULL),
(0000000013, 0000000004, 'no_access_guest-jumbotron', NULL),
(0000000014, 0000000006, 'no_access_guest-markdown', NULL),
(0000000015, 0000000006, 'no_access-markdown', NULL),
(0000000016, 0000000003, 'agb-container', NULL),
(0000000018, 0000000003, 'disclaimer-container', NULL),
(0000000019, 0000000003, 'home-container', NULL),
(0000000020, 0000000003, 'impressum-container', NULL),
(0000000026, 0000000009, 'validate-validate', NULL),
(0000000027, 0000000032, 'styles-nestedList', NULL),
(0000000029, 0000000033, 'style-navigation', NULL),
(0000000180, 0000000011, 'primary-alert', NULL),
(0000000181, 0000000011, 'secondary-alert', NULL),
(0000000182, 0000000011, 'success-alert', NULL),
(0000000183, 0000000011, 'danger-alert', NULL),
(0000000184, 0000000011, 'warning-alert', NULL),
(0000000185, 0000000011, 'info-alert', NULL),
(0000000186, 0000000011, 'light-alert', NULL),
(0000000187, 0000000011, 'dark-alert', NULL),
(0000000188, 0000000017, 'simple-plaintext', NULL),
(0000000189, 0000000012, 'alert-card', NULL),
(0000000190, 0000000012, 'alert-dismiss-card', NULL),
(0000000191, 0000000011, 'dismiss-alert-alert', NULL),
(0000000192, 0000000017, 'dismiss-alert-plaintext', NULL),
(0000000196, 0000000008, 'primary-button', NULL),
(0000000197, 0000000008, 'secundary-button', NULL),
(0000000198, 0000000008, 'success-button', NULL),
(0000000199, 0000000008, 'danger-button', NULL),
(0000000200, 0000000008, 'warning-button', NULL),
(0000000201, 0000000008, 'info-button', NULL),
(0000000202, 0000000008, 'light-button', NULL),
(0000000203, 0000000008, 'dark-button', NULL),
(0000000204, 0000000006, 'button-markdown', NULL),
(0000000206, 0000000012, 'card-card', NULL),
(0000000207, 0000000012, 'primary-card', NULL),
(0000000208, 0000000012, 'secondary-card', NULL),
(0000000209, 0000000012, 'success-card', NULL),
(0000000210, 0000000012, 'danger-card', NULL),
(0000000211, 0000000012, 'warning-card', NULL),
(0000000212, 0000000012, 'info-card', NULL),
(0000000213, 0000000012, 'light-card', NULL),
(0000000214, 0000000012, 'dark-card', NULL),
(0000000215, 0000000012, 'card-headless-card', NULL),
(0000000216, 0000000012, 'primary-headless-card', NULL),
(0000000219, 0000000012, 'card-collapsible-card', NULL),
(0000000220, 0000000012, 'card-collapsible-primary-card', NULL),
(0000000222, 0000000006, 'card-collapsible-text-markdown', NULL),
(0000000223, 0000000006, 'card-headless-markdown', NULL),
(0000000224, 0000000006, 'card-card-markdown', NULL),
(0000000225, 0000000006, 'alert-markdown-1', NULL),
(0000000226, 0000000006, 'alert-markdown', NULL),
(0000000227, 0000000006, 'alert-dismiss-markdown', NULL),
(0000000231, 0000000012, 'tabs-card', NULL),
(0000000232, 0000000025, 'tabs-tabs', NULL),
(0000000233, 0000000024, 'primary-tab', NULL),
(0000000234, 0000000024, 'secondary-tab', NULL),
(0000000235, 0000000024, 'success-tab', NULL),
(0000000236, 0000000024, 'danger-tab', NULL),
(0000000237, 0000000024, 'warn-tab', NULL),
(0000000238, 0000000024, 'info-tab', NULL),
(0000000239, 0000000024, 'light-tab', NULL),
(0000000240, 0000000024, 'dark-tab', NULL),
(0000000241, 0000000006, 'tab-primary-markdown', NULL),
(0000000243, 0000000020, 'quiz-quiz', NULL),
(0000000244, 0000000006, 'tabs-markdown', NULL),
(0000000245, 0000000006, 'tabs-intro-markdown', NULL),
(0000000246, 0000000006, 'quiz-markdown', NULL),
(0000000250, 0000000006, 'md-intro-markdown', NULL),
(0000000254, 0000000006, 'heading-markdown', NULL),
(0000000256, 0000000006, 'text-markdown-1', NULL),
(0000000258, 0000000003, 'fluid-container', NULL),
(0000000259, 0000000011, 'fluid-alert', NULL),
(0000000260, 0000000003, 'non-fluid-container', NULL),
(0000000261, 0000000011, 'non-fluid-alert', NULL),
(0000000263, 0000000004, 'jumbotron-jumbotron', NULL),
(0000000264, 0000000012, 'fluid-card', NULL),
(0000000265, 0000000012, 'non-fluid-card', NULL),
(0000000266, 0000000006, 'container-markdown', NULL),
(0000000267, 0000000006, 'fluid-markdown', NULL),
(0000000268, 0000000006, 'non-fluid-markdown', NULL),
(0000000269, 0000000006, 'jumbotron-markdown', NULL),
(0000000271, 0000000006, 'navigation-markdown', NULL),
(0000000272, 0000000030, 'media-navigationContainer', NULL),
(0000000275, 0000000013, 'figure-figure', NULL),
(0000000276, 0000000006, 'figure-markdown', NULL),
(0000000278, 0000000006, 'video-markdown', NULL),
(0000000279, 0000000006, 'media-markdown', NULL),
(0000000281, 0000000006, 'image-markdown', NULL),
(0000000283, 0000000030, 'form-navigationContainer', NULL),
(0000000285, 0000000012, 'input-card', NULL),
(0000000286, 0000000016, 'text-input', NULL),
(0000000287, 0000000016, 'number-input', NULL),
(0000000288, 0000000016, 'color-input', NULL),
(0000000289, 0000000006, 'input-markdown-1', NULL),
(0000000290, 0000000016, 'time-input', NULL),
(0000000291, 0000000016, 'date-input', NULL),
(0000000292, 0000000016, 'date-local-input', NULL),
(0000000293, 0000000016, 'email-input', NULL),
(0000000294, 0000000016, 'month-input', NULL),
(0000000295, 0000000016, 'range-input', NULL),
(0000000296, 0000000016, 'search-input', NULL),
(0000000297, 0000000016, 'tel-input', NULL),
(0000000298, 0000000016, 'url-input', NULL),
(0000000299, 0000000016, 'week-input', NULL),
(0000000300, 0000000016, 'checkbox-input', NULL),
(0000000302, 0000000026, 'textarea-textarea', NULL),
(0000000303, 0000000006, 'textarea-markdown', NULL),
(0000000305, 0000000012, 'select-card', NULL),
(0000000306, 0000000006, 'select-markdown', NULL),
(0000000307, 0000000006, 'formfield-markdown', NULL),
(0000000308, 0000000022, 'select-select', NULL),
(0000000309, 0000000022, 'select-default-select', NULL),
(0000000310, 0000000022, 'select-multiple-select', NULL),
(0000000311, 0000000022, 'select-default-select-1', NULL),
(0000000313, 0000000006, 'slider-markdown', NULL),
(0000000314, 0000000023, 'slider-slider', NULL),
(0000000316, 0000000014, 'form-form', NULL),
(0000000317, 0000000014, 'secondary-form', NULL),
(0000000318, 0000000014, 'success-form', NULL),
(0000000319, 0000000014, 'danger-form', NULL),
(0000000320, 0000000014, 'warning-form', NULL),
(0000000321, 0000000014, 'info-form', NULL),
(0000000322, 0000000014, 'light-form', NULL),
(0000000323, 0000000014, 'dark-form', NULL),
(0000000324, 0000000006, 'form-markdown', NULL),
(0000000326, 0000000006, 'input-intro-markdown', NULL),
(0000000329, 0000000006, 'select-intro-markdown', NULL),
(0000000330, 0000000012, 'select-multiple-card', NULL),
(0000000331, 0000000012, 'select-default-card', NULL),
(0000000332, 0000000006, 'select-multiple-markdown', NULL),
(0000000333, 0000000006, 'select-default-markdown', NULL),
(0000000335, 0000000003, 'styles-container', NULL),
(0000000336, 0000000004, 'styles-jumbotron', NULL),
(0000000337, 0000000006, 'styles-markdown', NULL),
(0000000338, 0000000006, 'card-markdown', NULL),
(0000000339, 0000000012, 'card-edit-card', NULL),
(0000000340, 0000000006, 'card-edit-markdown', NULL),
(0000000341, 0000000012, 'card-edit-demo-card', NULL),
(0000000343, 0000000006, 'form-cancel-markdown', NULL),
(0000000344, 0000000014, 'form-cancel-form', NULL),
(0000000346, 0000000030, 'list-navigationContainer', NULL),
(0000000347, 0000000006, 'lists-markdown', NULL),
(0000000348, 0000000006, 'login-markdown', NULL),
(0000000349, 0000000012, 'accordion-card', NULL),
(0000000350, 0000000006, 'accordion-intro-markdown', NULL),
(0000000351, 0000000028, 'accordion-accordionList', NULL),
(0000000352, 0000000030, 'accordion-navigationContainer', NULL),
(0000000354, 0000000006, 'accordion-markdown', NULL),
(0000000355, 0000000012, 'accordion-link-card', NULL),
(0000000356, 0000000006, 'accordion-link-markdown', NULL),
(0000000357, 0000000028, 'accordion-link-accordionList', NULL),
(0000000358, 0000000012, 'accordion-root-card', NULL),
(0000000359, 0000000006, 'accordion-root-markdown', NULL),
(0000000360, 0000000028, 'accordion-root-accordionList', NULL),
(0000000362, 0000000030, 'nested-navigationContainer', NULL),
(0000000363, 0000000030, 'sortable-navigationContainer', NULL),
(0000000364, 0000000006, 'nested-intro-markdown', NULL),
(0000000365, 0000000012, 'nested-card', NULL),
(0000000366, 0000000012, 'nested-search-card', NULL),
(0000000367, 0000000012, 'nested-static-card', NULL),
(0000000368, 0000000006, 'nested-markdown', NULL),
(0000000369, 0000000032, 'nested-search-nestedList', NULL),
(0000000370, 0000000006, 'nested-search-markdown', NULL),
(0000000371, 0000000032, 'nested-nestedList', NULL),
(0000000372, 0000000006, 'nested-static-markdown', NULL),
(0000000373, 0000000032, 'nested-static-nestedList', NULL),
(0000000374, 0000000006, 'sortable-intro-markdown', NULL),
(0000000375, 0000000012, 'sortable-card', NULL),
(0000000376, 0000000012, 'sortable-add-card', NULL),
(0000000377, 0000000012, 'sortable-del-card', NULL),
(0000000378, 0000000006, 'sortable-markdown', NULL),
(0000000379, 0000000034, 'sortable-sortableList', NULL),
(0000000380, 0000000006, 'sortable-link-markdown', NULL),
(0000000381, 0000000034, 'sortable-link-sortableList', NULL),
(0000000382, 0000000006, 'sortable-add-markdown', NULL),
(0000000383, 0000000034, 'sortable-add-sortableList', NULL),
(0000000384, 0000000006, 'sortable-del-markdown', NULL),
(0000000385, 0000000034, 'sortable-del-sortableList', NULL),
(0000000386, 0000000008, 'toLogin-button', NULL),
(0000000387, 0000000006, 'home-markdown', NULL),
(0000000388, 0000000004, 'home-jumbotron', NULL),
(0000000389, 0000000003, 'server-container', NULL),
(0000000390, 0000000004, 'server-jumbotron', NULL),
(0000000391, 0000000006, 'server-markdown', NULL),
(0000000392, 0000000003, 'extend-container', NULL),
(0000000393, 0000000004, 'extend-jumbotron', NULL),
(0000000394, 0000000006, 'extend-markdown', NULL),
(0000000396, 0000000006, 'extend-style-markdown', NULL),
(0000000398, 0000000006, 'extend-concept-markdown', NULL),
(0000000400, 0000000006, 'extend-curomize-markdown', NULL),
(0000000402, 0000000006, 'extend-component-markdown', NULL),
(0000000404, 0000000006, 'extend-page-markdown', NULL),
(0000000405, 0000000006, 'impressum-markdown', NULL),
(0000000406, 0000000004, 'impressum-jumbotron', NULL),
(0000000407, 0000000005, 'impressum-heading', NULL),
(0000000408, 0000000012, 'impressum-card', NULL),
(0000000409, 0000000012, 'styles-card', NULL),
(0000000411, 0000000006, 'extend-input-markdown', NULL),
(0000000412, 0000000035, 'resetPassword-resetPassword', NULL),
(0000000413, 0000000012, 'impressum-ext-card', NULL),
(0000000414, 0000000006, 'impressum-ext-markdown', NULL),
(0000000415, 0000000033, 'extend_item-navigation', NULL),
(0000000416, 0000000030, 'concept-navigationContainer', NULL),
(0000000417, 0000000030, 'user_input-navigationContainer', NULL),
(0000000418, 0000000030, 'style-navigationContainer', NULL),
(0000000419, 0000000030, 'customize-navigationContainer', NULL),
(0000000420, 0000000030, 'component-navigationContainer', NULL),
(0000000421, 0000000030, 'page-navigationContainer', NULL),
(0000000422, 0000000032, 'extend-nestedList', NULL),
(0000000423, 0000000012, 'extend-card', NULL),
(0000000424, 0000000012, 'server-card', NULL),
(0000000426, 0000000032, 'server-nestedList', NULL),
(0000000427, 0000000012, 'nav_list-card', NULL),
(0000000428, 0000000006, 'nav_list-markdown', NULL),
(0000000429, 0000000012, 'nested-responsive-card', NULL),
(0000000430, 0000000006, 'nested-responsive-markdown', NULL),
(0000000431, 0000000032, 'nested-responsive-nestedList', NULL),
(0000000432, 0000000030, 'workflow-navigationContainer', NULL),
(0000000433, 0000000006, 'workflow-markdown', NULL),
(0000000436, 0000000041, 'register-register', NULL),
(0000000437, 0000000003, 'login-container', NULL),
(0000000438, 0000000030, 'wrapper-navigationContainer', NULL),
(0000000439, 0000000030, 'text-navigationContainer', NULL),
(0000000440, 0000000030, 'link-navigationContainer', NULL),
(0000000442, 0000000030, 'input-navigationContainer-1', NULL),
(0000000443, 0000000030, 'admin-navigationContainer', NULL),
(0000000444, 0000000030, 'alert-navigationContainer', NULL),
(0000000445, 0000000030, 'card-navigationContainer', NULL),
(0000000446, 0000000030, 'conditionalContainer-navigationContainer', NULL),
(0000000447, 0000000030, 'container-navigationContainer', NULL),
(0000000448, 0000000030, 'jumbotron-navigationContainer', NULL),
(0000000449, 0000000030, 'div-navigationContainer', NULL),
(0000000450, 0000000030, 'navigationContainer-navigationContainer', NULL),
(0000000451, 0000000030, 'quiz-navigationContainer', NULL),
(0000000452, 0000000030, 'tabs-navigationContainer', NULL),
(0000000453, 0000000030, 'heading-navigationContainer', NULL),
(0000000454, 0000000030, 'markdown-navigationContainer', NULL),
(0000000455, 0000000030, 'plaintext-navigationContainer', NULL),
(0000000456, 0000000006, 'wrapper-markdown', NULL),
(0000000457, 0000000006, 'text-markdown', NULL),
(0000000458, 0000000006, 'link-markdown', NULL),
(0000000459, 0000000030, 'button-navigationContainer', NULL),
(0000000460, 0000000030, 'link-navigationContainer-1', NULL),
(0000000461, 0000000006, 'link-style-markdown', NULL),
(0000000462, 0000000030, 'audio-navigationContainer', NULL),
(0000000463, 0000000030, 'figure-navigationContainer', NULL),
(0000000464, 0000000030, 'image-navigationContainer', NULL),
(0000000465, 0000000030, 'video-navigationContainer', NULL),
(0000000466, 0000000015, 'image-image', NULL),
(0000000467, 0000000027, 'video-video', NULL),
(0000000468, 0000000006, 'audio-markdown', NULL),
(0000000469, 0000000043, 'audio-audio', NULL),
(0000000470, 0000000006, 'input-markdown', NULL),
(0000000471, 0000000030, 'input-navigationContainer', NULL),
(0000000473, 0000000030, 'radio-navigationContainer', NULL),
(0000000474, 0000000030, 'select-navigationContainer', NULL),
(0000000475, 0000000030, 'slider-navigationContainer', NULL),
(0000000476, 0000000030, 'textarea-navigationContainer', NULL),
(0000000477, 0000000030, 'form-style-navigationContainer', NULL),
(0000000478, 0000000030, 'formUserInput-navigationContainer', NULL),
(0000000479, 0000000030, 'showUserInput-navigationContainer', NULL),
(0000000480, 0000000006, 'formUserInput-markdown', NULL),
(0000000481, 0000000012, 'blog-card', NULL),
(0000000482, 0000000012, 'log-card', NULL),
(0000000483, 0000000036, 'blog-formUserInput', NULL),
(0000000484, 0000000026, 'thoughts-textarea', NULL),
(0000000485, 0000000026, 'actions-textarea', NULL),
(0000000486, 0000000036, 'log-formUserInput', NULL),
(0000000487, 0000000023, 'q1-slider', NULL),
(0000000488, 0000000023, 'q2-slider', NULL),
(0000000489, 0000000006, 'showUserInput-markdown', NULL),
(0000000490, 0000000012, 'sblog-card', NULL),
(0000000491, 0000000012, 'slog-card', NULL),
(0000000492, 0000000039, 'sblog-showUserInput', NULL),
(0000000493, 0000000039, 'slog-showUserInput', NULL),
(0000000494, 0000000006, 'blog-form-markdown', NULL),
(0000000495, 0000000006, 'log-form-markdown', NULL),
(0000000496, 0000000006, 'show-blog-markdown', NULL),
(0000000497, 0000000006, 'slog-show-markdown', NULL),
(0000000498, 0000000006, 'radio-markdown', NULL),
(0000000499, 0000000012, 'radio-col-card', NULL),
(0000000500, 0000000012, 'radio-row-card', NULL),
(0000000501, 0000000038, 'radio-col-radio', NULL),
(0000000502, 0000000038, 'radio-row-radio', NULL),
(0000000503, 0000000006, 'div-markdown', NULL),
(0000000504, 0000000012, 'grid-card', NULL),
(0000000505, 0000000040, 'row-div', NULL),
(0000000506, 0000000040, 'col1-div', NULL),
(0000000507, 0000000040, 'col2-div-div', NULL),
(0000000508, 0000000040, 'p1-div', NULL),
(0000000509, 0000000006, 'div-grid-markdown', NULL),
(0000000510, 0000000040, 'row2-div', NULL),
(0000000511, 0000000040, 'col3-div', NULL),
(0000000513, 0000000006, 'conditionalContainer-markdown', NULL),
(0000000514, 0000000012, 'example-card', NULL),
(0000000515, 0000000036, 'selection-formUserInput', NULL),
(0000000517, 0000000038, 'selection-radio', NULL),
(0000000519, 0000000042, 'img-female-conditionalContainer', NULL),
(0000000520, 0000000015, 'female-image', NULL),
(0000000521, 0000000042, 'img-male-conditionalContainer', NULL),
(0000000522, 0000000015, 'male-image', NULL),
(0000000523, 0000000006, 'example-markdown', NULL),
(0000000524, 0000000003, 'profile-container', NULL),
(0000000525, 0000000040, 'profile-row-div', NULL),
(0000000526, 0000000040, 'profile-col1-div', NULL),
(0000000527, 0000000040, 'profile-col2-div', NULL),
(0000000528, 0000000012, 'profile-username-card', NULL),
(0000000529, 0000000012, 'profile-password-card', NULL),
(0000000530, 0000000012, 'profile-delete-card', NULL),
(0000000531, 0000000014, 'profile-username-form', NULL),
(0000000532, 0000000016, 'profile-username-input', NULL),
(0000000533, 0000000014, 'profile-password-form', NULL),
(0000000534, 0000000016, 'profile-password-input', NULL),
(0000000535, 0000000016, 'profile-password-confirm-input', NULL),
(0000000536, 0000000006, 'profile-delete-markdown', NULL),
(0000000537, 0000000014, 'profile-delete-form', NULL),
(0000000538, 0000000016, 'profile-delete-input', NULL),
(0000000539, 0000000006, 'profile-username-markdown', NULL),
(0000000540, 0000000012, 'profile-notification-card', NULL),
(0000000541, 0000000006, 'profile-notification-markdown', NULL),
(0000000542, 0000000036, 'profile-notification-formUserInput', NULL),
(0000000543, 0000000016, 'profile-notification-chat-input', NULL),
(0000000544, 0000000016, 'profile-notification-reminder-input', NULL),
(0000000545, 0000000016, 'profile-notification-phone-input', NULL),
(0000000546, 0000000030, 'carousel-navigationContainer', NULL),
(0000000547, 0000000006, 'carousel-markdown', NULL),
(0000000548, 0000000012, 'carousel-clean-card', NULL),
(0000000549, 0000000012, 'carousel-controls-card', NULL),
(0000000550, 0000000012, 'carousel-indicators-card', NULL),
(0000000551, 0000000044, 'clean-carousel', NULL),
(0000000552, 0000000044, 'controls-carousel', NULL),
(0000000553, 0000000044, 'indicators-carousel', NULL),
(0000000554, 0000000006, 'carousel-controls-markdown', NULL),
(0000000555, 0000000006, 'carousel-indicators-markdown', NULL),
(0000000556, 0000000030, 'progressBar-navigationContainer', NULL),
(0000000557, 0000000006, 'progressBar-markdown', NULL),
(0000000558, 0000000019, 'primary-progressBar', NULL),
(0000000559, 0000000019, 'secondary-progressBar', NULL),
(0000000560, 0000000019, 'success-progressBar', NULL),
(0000000561, 0000000019, 'danger-progressBar', NULL),
(0000000562, 0000000019, 'warning-progressBar', NULL),
(0000000563, 0000000019, 'info-progressBar', NULL),
(0000000564, 0000000019, 'light-progressBar', NULL),
(0000000565, 0000000019, 'dark-progressBar', NULL),
(0000000566, 0000000012, 'progressBar-label-card', NULL),
(0000000567, 0000000012, 'progressBar-striped-card', NULL),
(0000000568, 0000000006, 'progressBar-label-markdown', NULL),
(0000000569, 0000000019, 'progressBar-label-progressBar', NULL),
(0000000570, 0000000006, 'progressBar-striped-markdown', NULL),
(0000000571, 0000000019, 'progressBar-striped-progressBar', NULL),
(0000000572, 0000000012, 'progressBar-clean-card', NULL),
(0000000573, 0000000006, 'progressBar-clean-markdown', NULL),
(0000000574, 0000000012, 'carousel-caption-card', NULL),
(0000000575, 0000000012, 'carousel-crossfade-card', NULL),
(0000000576, 0000000006, 'carousel-caption-markdown', NULL),
(0000000577, 0000000044, 'carousel-caption-carousel', NULL),
(0000000578, 0000000006, 'carousel-crossfade-markdown', NULL),
(0000000579, 0000000044, 'carousel-crossfade-carousel', NULL),
(0000000580, 0000000012, 'carousel-index-card', NULL),
(0000000581, 0000000018, 'corousel-slides-only-link', NULL),
(0000000583, 0000000018, 'corousel-controls-link', NULL),
(0000000584, 0000000018, 'carousel-top-link', NULL),
(0000000585, 0000000018, 'carousel-indicators-link', NULL),
(0000000586, 0000000018, 'carousel-caption-link', NULL),
(0000000587, 0000000018, 'carousel-crossfade-link', NULL),
(0000000588, 0000000040, 'carousel-row-div', NULL),
(0000000589, 0000000040, 'carousel-col1-div', NULL),
(0000000590, 0000000040, 'carousel-col2-div', NULL),
(0000000591, 0000000030, 'login-navigationContainer', NULL),
(0000000592, 0000000030, 'register-navigationContainer', NULL),
(0000000593, 0000000030, 'chat-navigationContainer', NULL),
(0000000594, 0000000030, 'validate-navigationContainer', NULL),
(0000000595, 0000000030, 'resetPassword-navigationContainer', NULL),
(0000000596, 0000000030, 'profile-navigationContainer', NULL),
(0000000597, 0000000006, 'admin-markdown', NULL),
(0000000598, 0000000006, 'chat-markdown', NULL),
(0000000600, 0000000006, 'login--markdown', NULL),
(0000000601, 0000000006, 'register-markdown', NULL),
(0000000602, 0000000006, 'profile-markdown', NULL),
(0000000603, 0000000006, 'resetPassword-markdown', NULL),
(0000000604, 0000000006, 'validate-markdown', NULL),
(0000000605, 0000000030, 'json-navigationContainer', NULL),
(0000000606, 0000000006, 'json-markdown', NULL),
(0000000607, 0000000012, 'json-card', NULL),
(0000000608, 0000000045, 'json-json', NULL),
(0000000609, 0000000006, 'example-json-markdown', NULL),
(0000000610, 0000000011, 'json-alert', NULL),
(0000000611, 0000000006, 'json-warning-markdown', NULL),
(0000000612, 0000000012, 'radio-img-card', NULL),
(0000000613, 0000000006, 'radio-img-markdown', NULL),
(0000000614, 0000000038, 'radio-img-radio', NULL);

-- --------------------------------------------------------

--
-- Table structure for table `sections_fields_translation`
--

CREATE TABLE `sections_fields_translation` (
  `id_sections` int(10) UNSIGNED ZEROFILL NOT NULL,
  `id_fields` int(10) UNSIGNED ZEROFILL NOT NULL,
  `id_languages` int(10) UNSIGNED ZEROFILL NOT NULL DEFAULT '0000000001',
  `id_genders` int(10) UNSIGNED ZEROFILL NOT NULL DEFAULT '0000000001',
  `content` longtext NOT NULL
) ENGINE=InnoDB DEFAULT CHARSET=utf8;

--
-- Dumping data for table `sections_fields_translation`
--

INSERT INTO `sections_fields_translation` (`id_sections`, `id_fields`, `id_languages`, `id_genders`, `content`) VALUES
(0000000001, 0000000001, 0000000002, 0000000001, 'Email'),
(0000000001, 0000000001, 0000000002, 0000000002, 'Email'),
(0000000001, 0000000001, 0000000003, 0000000001, 'Email'),
(0000000001, 0000000001, 0000000003, 0000000002, 'Email'),
(0000000001, 0000000002, 0000000002, 0000000001, 'Passwort'),
(0000000001, 0000000002, 0000000002, 0000000002, ''),
(0000000001, 0000000002, 0000000003, 0000000001, 'Password'),
(0000000001, 0000000002, 0000000003, 0000000002, ''),
(0000000001, 0000000003, 0000000002, 0000000001, 'Anmelden'),
(0000000001, 0000000003, 0000000002, 0000000002, ''),
(0000000001, 0000000003, 0000000003, 0000000001, 'Login'),
(0000000001, 0000000003, 0000000003, 0000000002, ''),
(0000000001, 0000000004, 0000000002, 0000000001, 'Passwort vergessen?'),
(0000000001, 0000000004, 0000000002, 0000000002, ''),
(0000000001, 0000000004, 0000000003, 0000000001, 'Forgotten the Password?'),
(0000000001, 0000000004, 0000000003, 0000000002, ''),
(0000000001, 0000000005, 0000000002, 0000000001, 'Die Email Adresse oder das Passwort ist nicht korrekt.'),
(0000000001, 0000000005, 0000000002, 0000000002, 'Die Email Adresse oder das Passwort ist nicht korrekt.'),
(0000000001, 0000000005, 0000000003, 0000000001, 'The email address or the password is not correct.'),
(0000000001, 0000000005, 0000000003, 0000000002, 'The email address or the password is not correct.'),
(0000000001, 0000000007, 0000000002, 0000000001, 'Bitte einloggen'),
(0000000001, 0000000007, 0000000002, 0000000002, ''),
(0000000001, 0000000007, 0000000003, 0000000001, 'Please Login'),
(0000000001, 0000000007, 0000000003, 0000000002, ''),
(0000000001, 0000000023, 0000000001, 0000000001, ''),
(0000000002, 0000000005, 0000000002, 0000000001, 'Die Benutzerdaten konnten nicht geändert werden.'),
(0000000002, 0000000005, 0000000003, 0000000001, 'Unable to change the user data.'),
(0000000002, 0000000019, 0000000002, 0000000001, 'Die Benutzerdaten konnten nicht gelöscht werden.'),
(0000000002, 0000000019, 0000000003, 0000000001, 'Unable to delete the account.'),
(0000000002, 0000000020, 0000000002, 0000000001, 'Die Benutzerdaten wurden erfolgreich gelöscht.'),
(0000000002, 0000000020, 0000000003, 0000000001, 'Successfully deleted the account.'),
(0000000002, 0000000023, 0000000001, 0000000001, ''),
(0000000002, 0000000035, 0000000002, 0000000001, 'Die Benutzerdaten wurden erfolgreich geändert.'),
(0000000002, 0000000035, 0000000003, 0000000001, 'The user data were successfully changed.'),
(0000000003, 0000000023, 0000000001, 0000000001, ''),
(0000000003, 0000000029, 0000000001, 0000000001, '0'),
(0000000004, 0000000023, 0000000001, 0000000001, 'my-3'),
(0000000005, 0000000021, 0000000001, 0000000001, '1'),
(0000000005, 0000000022, 0000000002, 0000000001, 'Seite nicht gefunden'),
(0000000005, 0000000022, 0000000003, 0000000001, 'Page not Found'),
(0000000006, 0000000025, 0000000002, 0000000001, 'Diese Seite konnte leider nicht gefunden werden.'),
(0000000006, 0000000025, 0000000003, 0000000001, 'This page could not be found.'),
(0000000007, 0000000008, 0000000002, 0000000001, 'Zurück'),
(0000000007, 0000000008, 0000000003, 0000000001, 'Back'),
(0000000007, 0000000027, 0000000001, 0000000001, '#back'),
(0000000007, 0000000028, 0000000001, 0000000001, 'primary'),
(0000000008, 0000000008, 0000000002, 0000000001, 'Zur Startseite'),
(0000000008, 0000000008, 0000000003, 0000000001, 'Home'),
(0000000008, 0000000027, 0000000001, 0000000001, '#home'),
(0000000008, 0000000028, 0000000001, 0000000001, 'primary'),
(0000000009, 0000000023, 0000000001, 0000000001, ''),
(0000000009, 0000000029, 0000000001, 0000000001, '0'),
(0000000010, 0000000023, 0000000001, 0000000001, 'my-3'),
(0000000011, 0000000021, 0000000001, 0000000001, '1'),
(0000000011, 0000000022, 0000000002, 0000000001, 'Kein Zugriff'),
(0000000011, 0000000022, 0000000003, 0000000001, 'No Access'),
(0000000012, 0000000023, 0000000001, 0000000001, ''),
(0000000012, 0000000029, 0000000001, 0000000001, '0'),
(0000000013, 0000000023, 0000000001, 0000000001, 'my-3'),
(0000000014, 0000000025, 0000000002, 0000000001, 'Um diese Seite zu erreichen müssen Sie eingeloggt sein.'),
(0000000014, 0000000025, 0000000003, 0000000001, 'To reach this page you must be logged in.'),
(0000000015, 0000000025, 0000000002, 0000000001, 'Sie haben keine Zugriffsrechte für diese Seite.'),
(0000000015, 0000000025, 0000000003, 0000000001, 'You do not have access to this page.'),
(0000000016, 0000000023, 0000000001, 0000000001, 'my-3'),
(0000000016, 0000000029, 0000000001, 0000000001, '0'),
(0000000018, 0000000023, 0000000001, 0000000001, 'my-3'),
(0000000018, 0000000029, 0000000001, 0000000001, '0'),
(0000000019, 0000000023, 0000000001, 0000000001, ''),
(0000000019, 0000000029, 0000000001, 0000000001, '0'),
(0000000020, 0000000023, 0000000001, 0000000001, 'my-3'),
(0000000020, 0000000029, 0000000001, 0000000001, '0'),
(0000000026, 0000000002, 0000000002, 0000000001, 'Passwort'),
(0000000026, 0000000002, 0000000003, 0000000001, 'Password'),
(0000000026, 0000000003, 0000000002, 0000000001, 'Zum Login'),
(0000000026, 0000000003, 0000000003, 0000000001, 'To Login'),
(0000000026, 0000000005, 0000000002, 0000000001, 'Das Aktivieren des Benutzers ist fehlgeschlagen.'),
(0000000026, 0000000005, 0000000003, 0000000001, 'The activation of the user has failed.'),
(0000000026, 0000000009, 0000000002, 0000000001, 'Bitte das Passwort bestätigen'),
(0000000026, 0000000009, 0000000003, 0000000001, 'Please confirm the password'),
(0000000026, 0000000022, 0000000002, 0000000001, 'Benutzer aktivieren'),
(0000000026, 0000000022, 0000000003, 0000000001, 'Activate User'),
(0000000026, 0000000034, 0000000002, 0000000001, 'Erforderliche Daten für die Aktivierung'),
(0000000026, 0000000034, 0000000003, 0000000001, 'Required Data to Activate the User'),
(0000000026, 0000000035, 0000000002, 0000000001, 'Sie können sich nun mit dem von Ihnen gewählten Passwort und Email einloggen und die Seite benutzen.'),
(0000000026, 0000000035, 0000000003, 0000000001, 'You are now able to login in to the web page with the chosen password and email.'),
(0000000026, 0000000036, 0000000002, 0000000001, 'Benutzername'),
(0000000026, 0000000036, 0000000003, 0000000001, 'Username'),
(0000000026, 0000000037, 0000000002, 0000000001, 'Bitte den Benutzernamen eingeben'),
(0000000026, 0000000037, 0000000003, 0000000001, 'Please enter a username'),
(0000000026, 0000000038, 0000000002, 0000000001, 'Ein Name mit dem Sie angesprochen werden wollen. Aus Gründen der Anonymisierung verwenden Sie bitte **nicht** ihren richtigen Namen.'),
(0000000026, 0000000038, 0000000003, 0000000001, 'The name with which you would like to be addressed. For reasons of anonymity pleas do **not** use your real name.'),
(0000000026, 0000000039, 0000000002, 0000000001, 'Geschlecht'),
(0000000026, 0000000039, 0000000003, 0000000001, 'Gender'),
(0000000026, 0000000040, 0000000002, 0000000001, 'männlich'),
(0000000026, 0000000040, 0000000003, 0000000001, 'male'),
(0000000026, 0000000041, 0000000002, 0000000001, 'weiblich'),
(0000000026, 0000000041, 0000000003, 0000000001, 'female'),
(0000000026, 0000000042, 0000000002, 0000000001, 'Benutzer aktivieren'),
(0000000026, 0000000042, 0000000003, 0000000001, 'Activate User'),
(0000000026, 0000000043, 0000000002, 0000000001, 'Bitte das Passwort eingeben'),
(0000000026, 0000000043, 0000000003, 0000000001, 'Please enter a password'),
(0000000026, 0000000044, 0000000002, 0000000001, 'Benutzer erfolgreich aktiviert'),
(0000000026, 0000000044, 0000000003, 0000000001, 'User was successfully Activated'),
(0000000027, 0000000023, 0000000001, 0000000001, ''),
(0000000027, 0000000046, 0000000001, 0000000001, '0'),
(0000000027, 0000000066, 0000000002, 0000000001, '{\"nav_page\": \"style\"}'),
(0000000027, 0000000066, 0000000002, 0000000002, ''),
(0000000027, 0000000066, 0000000003, 0000000001, '{\"nav_page\": \"style\"}'),
(0000000027, 0000000066, 0000000003, 0000000002, ''),
(0000000027, 0000000077, 0000000002, 0000000001, ''),
(0000000027, 0000000077, 0000000002, 0000000002, ''),
(0000000027, 0000000077, 0000000003, 0000000001, ''),
(0000000027, 0000000077, 0000000003, 0000000002, ''),
(0000000029, 0000000029, 0000000001, 0000000001, '0'),
(0000000029, 0000000031, 0000000002, 0000000001, 'Style'),
(0000000029, 0000000031, 0000000002, 0000000002, ''),
(0000000029, 0000000031, 0000000003, 0000000001, 'Style'),
(0000000029, 0000000031, 0000000003, 0000000002, ''),
(0000000029, 0000000046, 0000000001, 0000000001, '0'),
(0000000029, 0000000047, 0000000001, 0000000001, '1'),
(0000000029, 0000000073, 0000000002, 0000000001, 'Zurück'),
(0000000029, 0000000073, 0000000002, 0000000002, ''),
(0000000029, 0000000073, 0000000003, 0000000001, 'Back'),
(0000000029, 0000000073, 0000000003, 0000000002, ''),
(0000000029, 0000000074, 0000000002, 0000000001, 'Weiter'),
(0000000029, 0000000074, 0000000002, 0000000002, ''),
(0000000029, 0000000074, 0000000003, 0000000001, 'Next'),
(0000000029, 0000000074, 0000000003, 0000000002, ''),
(0000000029, 0000000075, 0000000001, 0000000001, '0'),
(0000000029, 0000000077, 0000000002, 0000000001, ''),
(0000000029, 0000000077, 0000000002, 0000000002, ''),
(0000000029, 0000000077, 0000000003, 0000000001, ''),
(0000000029, 0000000077, 0000000003, 0000000002, ''),
(0000000029, 0000000089, 0000000001, 0000000001, 'nav-menu'),
(0000000029, 0000000104, 0000000001, 0000000001, '1'),
(0000000180, 0000000023, 0000000001, 0000000001, ''),
(0000000180, 0000000028, 0000000001, 0000000001, 'primary'),
(0000000180, 0000000045, 0000000001, 0000000001, '0'),
(0000000181, 0000000023, 0000000001, 0000000001, ''),
(0000000181, 0000000028, 0000000001, 0000000001, 'secondary'),
(0000000181, 0000000045, 0000000001, 0000000001, '0'),
(0000000182, 0000000023, 0000000001, 0000000001, ''),
(0000000182, 0000000028, 0000000001, 0000000001, 'success'),
(0000000182, 0000000045, 0000000001, 0000000001, '0'),
(0000000183, 0000000023, 0000000001, 0000000001, ''),
(0000000183, 0000000028, 0000000001, 0000000001, 'danger'),
(0000000183, 0000000045, 0000000001, 0000000001, '0'),
(0000000184, 0000000023, 0000000001, 0000000001, ''),
(0000000184, 0000000028, 0000000001, 0000000001, 'warning'),
(0000000184, 0000000045, 0000000001, 0000000001, '0'),
(0000000185, 0000000023, 0000000001, 0000000001, ''),
(0000000185, 0000000028, 0000000001, 0000000001, 'info'),
(0000000185, 0000000045, 0000000001, 0000000001, '0'),
(0000000186, 0000000023, 0000000001, 0000000001, ''),
(0000000186, 0000000028, 0000000001, 0000000001, 'light'),
(0000000186, 0000000045, 0000000001, 0000000001, '0'),
(0000000187, 0000000023, 0000000001, 0000000001, ''),
(0000000187, 0000000028, 0000000001, 0000000001, 'dark'),
(0000000187, 0000000045, 0000000001, 0000000001, '0'),
(0000000188, 0000000023, 0000000001, 0000000001, ''),
(0000000188, 0000000024, 0000000002, 0000000001, ''),
(0000000188, 0000000024, 0000000002, 0000000002, ''),
(0000000188, 0000000024, 0000000003, 0000000001, 'I am a simple plaintext.'),
(0000000188, 0000000024, 0000000003, 0000000002, ''),
(0000000188, 0000000025, 0000000002, 0000000001, ''),
(0000000188, 0000000025, 0000000002, 0000000002, ''),
(0000000188, 0000000025, 0000000003, 0000000002, ''),
(0000000188, 0000000053, 0000000002, 0000000001, '0'),
(0000000189, 0000000022, 0000000002, 0000000001, ''),
(0000000189, 0000000022, 0000000002, 0000000002, ''),
(0000000189, 0000000022, 0000000003, 0000000001, 'All Bootstrap alert colors are supported'),
(0000000189, 0000000022, 0000000003, 0000000002, ''),
(0000000189, 0000000023, 0000000001, 0000000001, 'mb-3'),
(0000000189, 0000000028, 0000000001, 0000000001, 'light'),
(0000000189, 0000000046, 0000000001, 0000000001, '0'),
(0000000189, 0000000047, 0000000001, 0000000001, '0'),
(0000000189, 0000000048, 0000000001, 0000000001, ''),
(0000000190, 0000000022, 0000000002, 0000000001, ''),
(0000000190, 0000000022, 0000000002, 0000000002, ''),
(0000000190, 0000000022, 0000000003, 0000000001, 'Alerts can be made dismissable'),
(0000000190, 0000000022, 0000000003, 0000000002, ''),
(0000000190, 0000000023, 0000000001, 0000000001, ''),
(0000000190, 0000000028, 0000000001, 0000000001, 'light'),
(0000000190, 0000000046, 0000000001, 0000000001, '0'),
(0000000190, 0000000047, 0000000001, 0000000001, '0'),
(0000000191, 0000000023, 0000000001, 0000000001, ''),
(0000000191, 0000000028, 0000000001, 0000000001, 'primary'),
(0000000191, 0000000045, 0000000001, 0000000001, '1'),
(0000000192, 0000000023, 0000000001, 0000000001, ''),
(0000000192, 0000000024, 0000000002, 0000000001, ''),
(0000000192, 0000000024, 0000000002, 0000000002, ''),
(0000000192, 0000000024, 0000000003, 0000000001, 'An alert can be dismissed by clicking on the close symbol to the right.'),
(0000000192, 0000000024, 0000000003, 0000000002, ''),
(0000000192, 0000000053, 0000000002, 0000000001, '0'),
(0000000196, 0000000008, 0000000002, 0000000001, ''),
(0000000196, 0000000008, 0000000002, 0000000002, ''),
(0000000196, 0000000008, 0000000003, 0000000001, 'Primary'),
(0000000196, 0000000008, 0000000003, 0000000002, ''),
(0000000196, 0000000023, 0000000001, 0000000001, ''),
(0000000196, 0000000027, 0000000001, 0000000001, '#'),
(0000000196, 0000000028, 0000000001, 0000000001, 'primary'),
(0000000197, 0000000008, 0000000002, 0000000001, ''),
(0000000197, 0000000008, 0000000002, 0000000002, ''),
(0000000197, 0000000008, 0000000003, 0000000001, 'Secondary'),
(0000000197, 0000000008, 0000000003, 0000000002, ''),
(0000000197, 0000000023, 0000000001, 0000000001, ''),
(0000000197, 0000000027, 0000000001, 0000000001, '#'),
(0000000197, 0000000028, 0000000001, 0000000001, 'secondary'),
(0000000198, 0000000008, 0000000002, 0000000001, ''),
(0000000198, 0000000008, 0000000002, 0000000002, ''),
(0000000198, 0000000008, 0000000003, 0000000001, 'Success'),
(0000000198, 0000000008, 0000000003, 0000000002, ''),
(0000000198, 0000000023, 0000000001, 0000000001, ''),
(0000000198, 0000000027, 0000000001, 0000000001, '#'),
(0000000198, 0000000028, 0000000001, 0000000001, 'success'),
(0000000199, 0000000008, 0000000002, 0000000001, ''),
(0000000199, 0000000008, 0000000002, 0000000002, ''),
(0000000199, 0000000008, 0000000003, 0000000001, 'danger'),
(0000000199, 0000000008, 0000000003, 0000000002, ''),
(0000000199, 0000000023, 0000000001, 0000000001, ''),
(0000000199, 0000000027, 0000000001, 0000000001, '#'),
(0000000199, 0000000028, 0000000001, 0000000001, 'danger'),
(0000000200, 0000000008, 0000000002, 0000000001, ''),
(0000000200, 0000000008, 0000000002, 0000000002, ''),
(0000000200, 0000000008, 0000000003, 0000000001, 'warning'),
(0000000200, 0000000008, 0000000003, 0000000002, ''),
(0000000200, 0000000023, 0000000001, 0000000001, ''),
(0000000200, 0000000027, 0000000001, 0000000001, '#'),
(0000000200, 0000000028, 0000000001, 0000000001, 'warning'),
(0000000201, 0000000008, 0000000002, 0000000001, ''),
(0000000201, 0000000008, 0000000002, 0000000002, ''),
(0000000201, 0000000008, 0000000003, 0000000001, 'Info'),
(0000000201, 0000000008, 0000000003, 0000000002, ''),
(0000000201, 0000000023, 0000000001, 0000000001, ''),
(0000000201, 0000000027, 0000000001, 0000000001, '#'),
(0000000201, 0000000028, 0000000001, 0000000001, 'info'),
(0000000202, 0000000008, 0000000002, 0000000001, ''),
(0000000202, 0000000008, 0000000002, 0000000002, ''),
(0000000202, 0000000008, 0000000003, 0000000001, 'Light'),
(0000000202, 0000000008, 0000000003, 0000000002, ''),
(0000000202, 0000000023, 0000000001, 0000000001, ''),
(0000000202, 0000000027, 0000000001, 0000000001, '#'),
(0000000202, 0000000028, 0000000001, 0000000001, 'light'),
(0000000203, 0000000008, 0000000002, 0000000001, ''),
(0000000203, 0000000008, 0000000002, 0000000002, ''),
(0000000203, 0000000008, 0000000003, 0000000001, 'Dark'),
(0000000203, 0000000008, 0000000003, 0000000002, ''),
(0000000203, 0000000023, 0000000001, 0000000001, ''),
(0000000203, 0000000027, 0000000001, 0000000001, '#'),
(0000000203, 0000000028, 0000000001, 0000000001, 'dark'),
(0000000204, 0000000023, 0000000001, 0000000001, ''),
(0000000204, 0000000024, 0000000002, 0000000001, ''),
(0000000204, 0000000024, 0000000002, 0000000002, ''),
(0000000204, 0000000024, 0000000003, 0000000002, ''),
(0000000204, 0000000025, 0000000002, 0000000001, ''),
(0000000204, 0000000025, 0000000002, 0000000002, ''),
(0000000204, 0000000025, 0000000003, 0000000001, 'The color of the button can be chosen with the field `type`. Note that both the fields `label` and `url` must be specified for the button to be rendered.'),
(0000000204, 0000000025, 0000000003, 0000000002, ''),
(0000000204, 0000000053, 0000000002, 0000000001, '0'),
(0000000206, 0000000022, 0000000002, 0000000001, ''),
(0000000206, 0000000022, 0000000002, 0000000002, ''),
(0000000206, 0000000022, 0000000003, 0000000001, 'Custom card styles are provided that are inspired by the Bootstrap styles'),
(0000000206, 0000000022, 0000000003, 0000000002, ''),
(0000000206, 0000000023, 0000000001, 0000000001, 'mb-3'),
(0000000206, 0000000028, 0000000001, 0000000001, 'light'),
(0000000206, 0000000046, 0000000001, 0000000001, '0'),
(0000000206, 0000000047, 0000000001, 0000000001, '0'),
(0000000206, 0000000048, 0000000001, 0000000001, ''),
(0000000207, 0000000022, 0000000002, 0000000001, ''),
(0000000207, 0000000022, 0000000002, 0000000002, ''),
(0000000207, 0000000022, 0000000003, 0000000001, 'Primary'),
(0000000207, 0000000022, 0000000003, 0000000002, ''),
(0000000207, 0000000023, 0000000001, 0000000001, 'mb-3'),
(0000000207, 0000000028, 0000000001, 0000000001, 'primary'),
(0000000207, 0000000046, 0000000001, 0000000001, '0'),
(0000000207, 0000000047, 0000000001, 0000000001, '0'),
(0000000207, 0000000048, 0000000001, 0000000001, ''),
(0000000208, 0000000022, 0000000002, 0000000001, ''),
(0000000208, 0000000022, 0000000002, 0000000002, ''),
(0000000208, 0000000022, 0000000003, 0000000001, 'Secondary'),
(0000000208, 0000000022, 0000000003, 0000000002, ''),
(0000000208, 0000000023, 0000000001, 0000000001, 'mb-3'),
(0000000208, 0000000028, 0000000001, 0000000001, 'secondary'),
(0000000208, 0000000046, 0000000001, 0000000001, '0'),
(0000000208, 0000000047, 0000000001, 0000000001, '0'),
(0000000208, 0000000048, 0000000001, 0000000001, ''),
(0000000209, 0000000022, 0000000002, 0000000001, ''),
(0000000209, 0000000022, 0000000002, 0000000002, ''),
(0000000209, 0000000022, 0000000003, 0000000001, 'Success'),
(0000000209, 0000000022, 0000000003, 0000000002, ''),
(0000000209, 0000000023, 0000000001, 0000000001, 'mb-3'),
(0000000209, 0000000028, 0000000001, 0000000001, 'success'),
(0000000209, 0000000046, 0000000001, 0000000001, '0'),
(0000000209, 0000000047, 0000000001, 0000000001, '0'),
(0000000209, 0000000048, 0000000001, 0000000001, ''),
(0000000210, 0000000022, 0000000002, 0000000001, ''),
(0000000210, 0000000022, 0000000002, 0000000002, ''),
(0000000210, 0000000022, 0000000003, 0000000001, 'Danger'),
(0000000210, 0000000022, 0000000003, 0000000002, ''),
(0000000210, 0000000023, 0000000001, 0000000001, 'mb-3'),
(0000000210, 0000000028, 0000000001, 0000000001, 'danger'),
(0000000210, 0000000046, 0000000001, 0000000001, '0'),
(0000000210, 0000000047, 0000000001, 0000000001, '0'),
(0000000210, 0000000048, 0000000001, 0000000001, ''),
(0000000211, 0000000022, 0000000002, 0000000001, ''),
(0000000211, 0000000022, 0000000002, 0000000002, ''),
(0000000211, 0000000022, 0000000003, 0000000001, 'Warning'),
(0000000211, 0000000022, 0000000003, 0000000002, ''),
(0000000211, 0000000023, 0000000001, 0000000001, 'mb-3'),
(0000000211, 0000000028, 0000000001, 0000000001, 'warning'),
(0000000211, 0000000046, 0000000001, 0000000001, '0'),
(0000000211, 0000000047, 0000000001, 0000000001, '0'),
(0000000211, 0000000048, 0000000001, 0000000001, ''),
(0000000212, 0000000022, 0000000002, 0000000001, ''),
(0000000212, 0000000022, 0000000002, 0000000002, ''),
(0000000212, 0000000022, 0000000003, 0000000001, 'Info'),
(0000000212, 0000000022, 0000000003, 0000000002, ''),
(0000000212, 0000000023, 0000000001, 0000000001, 'mb-3'),
(0000000212, 0000000028, 0000000001, 0000000001, 'info'),
(0000000212, 0000000046, 0000000001, 0000000001, '0'),
(0000000212, 0000000047, 0000000001, 0000000001, '0'),
(0000000212, 0000000048, 0000000001, 0000000001, ''),
(0000000213, 0000000022, 0000000002, 0000000001, ''),
(0000000213, 0000000022, 0000000002, 0000000002, ''),
(0000000213, 0000000022, 0000000003, 0000000001, 'Light'),
(0000000213, 0000000022, 0000000003, 0000000002, ''),
(0000000213, 0000000023, 0000000001, 0000000001, 'mb-3'),
(0000000213, 0000000028, 0000000001, 0000000001, 'light'),
(0000000213, 0000000046, 0000000001, 0000000001, '0'),
(0000000213, 0000000047, 0000000001, 0000000001, '0'),
(0000000213, 0000000048, 0000000001, 0000000001, ''),
(0000000214, 0000000022, 0000000002, 0000000001, ''),
(0000000214, 0000000022, 0000000002, 0000000002, ''),
(0000000214, 0000000022, 0000000003, 0000000001, 'Dark'),
(0000000214, 0000000022, 0000000003, 0000000002, ''),
(0000000214, 0000000023, 0000000001, 0000000001, ''),
(0000000214, 0000000028, 0000000001, 0000000001, 'dark'),
(0000000214, 0000000046, 0000000001, 0000000001, '0'),
(0000000214, 0000000047, 0000000001, 0000000001, '0'),
(0000000215, 0000000022, 0000000002, 0000000001, ''),
(0000000215, 0000000022, 0000000002, 0000000002, ''),
(0000000215, 0000000022, 0000000003, 0000000001, 'A card title is not mandatory'),
(0000000215, 0000000022, 0000000003, 0000000002, ''),
(0000000215, 0000000023, 0000000001, 0000000001, 'mb-3'),
(0000000215, 0000000028, 0000000001, 0000000001, 'light'),
(0000000215, 0000000046, 0000000001, 0000000001, '0'),
(0000000215, 0000000047, 0000000001, 0000000001, '0'),
(0000000215, 0000000048, 0000000001, 0000000001, ''),
(0000000216, 0000000022, 0000000002, 0000000001, ''),
(0000000216, 0000000022, 0000000002, 0000000002, ''),
(0000000216, 0000000022, 0000000003, 0000000001, ''),
(0000000216, 0000000022, 0000000003, 0000000002, ''),
(0000000216, 0000000023, 0000000001, 0000000001, ''),
(0000000216, 0000000028, 0000000001, 0000000001, 'primary'),
(0000000216, 0000000046, 0000000001, 0000000001, '0'),
(0000000216, 0000000047, 0000000001, 0000000001, '0'),
(0000000219, 0000000022, 0000000002, 0000000001, ''),
(0000000219, 0000000022, 0000000002, 0000000002, ''),
(0000000219, 0000000022, 0000000003, 0000000001, 'Cards can be made collapsible'),
(0000000219, 0000000022, 0000000003, 0000000002, ''),
(0000000219, 0000000023, 0000000001, 0000000001, 'mb-3'),
(0000000219, 0000000028, 0000000001, 0000000001, 'light'),
(0000000219, 0000000046, 0000000001, 0000000001, '0'),
(0000000219, 0000000047, 0000000001, 0000000001, '0'),
(0000000219, 0000000048, 0000000001, 0000000001, ''),
(0000000220, 0000000022, 0000000002, 0000000001, ''),
(0000000220, 0000000022, 0000000002, 0000000002, ''),
(0000000220, 0000000022, 0000000003, 0000000001, 'Click me to collapse and expand'),
(0000000220, 0000000022, 0000000003, 0000000002, ''),
(0000000220, 0000000023, 0000000001, 0000000001, ''),
(0000000220, 0000000028, 0000000001, 0000000001, 'primary'),
(0000000220, 0000000046, 0000000001, 0000000001, '1'),
(0000000220, 0000000047, 0000000001, 0000000001, '1'),
(0000000222, 0000000023, 0000000001, 0000000001, ''),
(0000000222, 0000000025, 0000000002, 0000000001, ''),
(0000000222, 0000000025, 0000000002, 0000000002, ''),
(0000000222, 0000000025, 0000000003, 0000000001, 'By enabling the field `is_collapsible` the card body can be opened and collapsed by clicking on the card header. The field `is_expanded` defines whether the card is expanded by default.'),
(0000000222, 0000000025, 0000000003, 0000000002, ''),
(0000000222, 0000000053, 0000000002, 0000000001, '0'),
(0000000223, 0000000023, 0000000001, 0000000001, ''),
(0000000223, 0000000025, 0000000002, 0000000001, ''),
(0000000223, 0000000025, 0000000002, 0000000002, ''),
(0000000223, 0000000025, 0000000003, 0000000001, 'If the field `title` is left blank only the body of a card is rendered. A headless card is also available in all colors.'),
(0000000223, 0000000025, 0000000003, 0000000002, ''),
(0000000223, 0000000053, 0000000002, 0000000001, '0'),
(0000000224, 0000000023, 0000000001, 0000000001, ''),
(0000000224, 0000000025, 0000000002, 0000000001, ''),
(0000000224, 0000000025, 0000000002, 0000000002, ''),
(0000000224, 0000000025, 0000000003, 0000000001, 'The field `type` allows to change the color of the card.\r\nThe header text (field `title`) is changed according to the chosen card type, however, the content of the card body is not affected by the type.'),
(0000000224, 0000000025, 0000000003, 0000000002, ''),
(0000000224, 0000000053, 0000000002, 0000000001, '0'),
(0000000225, 0000000023, 0000000001, 0000000001, ''),
(0000000225, 0000000025, 0000000002, 0000000001, ''),
(0000000225, 0000000025, 0000000002, 0000000002, ''),
(0000000225, 0000000025, 0000000003, 0000000001, 'The color of the alert can be chosen with the field `type`.\r\nThe content of the alert is changed according to the chosen type.'),
(0000000225, 0000000025, 0000000003, 0000000002, ''),
(0000000225, 0000000053, 0000000002, 0000000001, '0'),
(0000000226, 0000000023, 0000000001, 0000000001, ''),
(0000000226, 0000000025, 0000000002, 0000000001, ''),
(0000000226, 0000000025, 0000000002, 0000000002, ''),
(0000000226, 0000000025, 0000000003, 0000000001, 'An alert can contain any other style.'),
(0000000226, 0000000025, 0000000003, 0000000002, ''),
(0000000226, 0000000053, 0000000002, 0000000001, '0'),
(0000000227, 0000000023, 0000000001, 0000000001, ''),
(0000000227, 0000000025, 0000000002, 0000000001, ''),
(0000000227, 0000000025, 0000000002, 0000000002, ''),
(0000000227, 0000000025, 0000000003, 0000000001, 'An alert can be dismissed if the field `is_dismissable` is selected.'),
(0000000227, 0000000025, 0000000003, 0000000002, ''),
(0000000227, 0000000053, 0000000002, 0000000001, '0'),
(0000000231, 0000000022, 0000000002, 0000000001, ''),
(0000000231, 0000000022, 0000000002, 0000000002, ''),
(0000000231, 0000000022, 0000000003, 0000000001, 'Tabs support a set of standard Bootstrap colors'),
(0000000231, 0000000022, 0000000003, 0000000002, ''),
(0000000231, 0000000023, 0000000001, 0000000001, 'mb-3'),
(0000000231, 0000000028, 0000000001, 0000000001, 'light'),
(0000000231, 0000000046, 0000000001, 0000000001, '0'),
(0000000231, 0000000047, 0000000001, 0000000001, '0'),
(0000000231, 0000000048, 0000000001, 0000000001, ''),
(0000000232, 0000000023, 0000000001, 0000000001, ''),
(0000000233, 0000000008, 0000000002, 0000000001, ''),
(0000000233, 0000000008, 0000000002, 0000000002, ''),
(0000000233, 0000000008, 0000000003, 0000000001, 'Primary'),
(0000000233, 0000000008, 0000000003, 0000000002, ''),
(0000000233, 0000000023, 0000000001, 0000000001, ''),
(0000000233, 0000000028, 0000000001, 0000000001, 'primary'),
(0000000234, 0000000008, 0000000002, 0000000001, ''),
(0000000234, 0000000008, 0000000002, 0000000002, ''),
(0000000234, 0000000008, 0000000003, 0000000001, 'Seconadry'),
(0000000234, 0000000008, 0000000003, 0000000002, ''),
(0000000234, 0000000023, 0000000001, 0000000001, ''),
(0000000234, 0000000028, 0000000001, 0000000001, 'secondary'),
(0000000235, 0000000008, 0000000002, 0000000001, ''),
(0000000235, 0000000008, 0000000002, 0000000002, ''),
(0000000235, 0000000008, 0000000003, 0000000001, 'Success'),
(0000000235, 0000000008, 0000000003, 0000000002, ''),
(0000000235, 0000000023, 0000000001, 0000000001, ''),
(0000000235, 0000000028, 0000000001, 0000000001, 'success'),
(0000000236, 0000000008, 0000000002, 0000000001, ''),
(0000000236, 0000000008, 0000000002, 0000000002, ''),
(0000000236, 0000000008, 0000000003, 0000000001, 'Danger'),
(0000000236, 0000000008, 0000000003, 0000000002, ''),
(0000000236, 0000000023, 0000000001, 0000000001, ''),
(0000000236, 0000000028, 0000000001, 0000000001, 'danger'),
(0000000237, 0000000008, 0000000002, 0000000001, ''),
(0000000237, 0000000008, 0000000002, 0000000002, ''),
(0000000237, 0000000008, 0000000003, 0000000001, 'Warning'),
(0000000237, 0000000008, 0000000003, 0000000002, ''),
(0000000237, 0000000023, 0000000001, 0000000001, ''),
(0000000237, 0000000028, 0000000001, 0000000001, 'warning'),
(0000000238, 0000000008, 0000000002, 0000000001, ''),
(0000000238, 0000000008, 0000000002, 0000000002, ''),
(0000000238, 0000000008, 0000000003, 0000000001, 'Info'),
(0000000238, 0000000008, 0000000003, 0000000002, ''),
(0000000238, 0000000023, 0000000001, 0000000001, ''),
(0000000238, 0000000028, 0000000001, 0000000001, 'info'),
(0000000239, 0000000008, 0000000002, 0000000001, ''),
(0000000239, 0000000008, 0000000002, 0000000002, ''),
(0000000239, 0000000008, 0000000003, 0000000001, 'Light'),
(0000000239, 0000000008, 0000000003, 0000000002, ''),
(0000000239, 0000000023, 0000000001, 0000000001, ''),
(0000000239, 0000000028, 0000000001, 0000000001, 'light'),
(0000000240, 0000000008, 0000000002, 0000000001, ''),
(0000000240, 0000000008, 0000000002, 0000000002, ''),
(0000000240, 0000000008, 0000000003, 0000000001, 'Dark'),
(0000000240, 0000000008, 0000000003, 0000000002, ''),
(0000000240, 0000000023, 0000000001, 0000000001, ''),
(0000000240, 0000000028, 0000000001, 0000000001, 'dark'),
(0000000241, 0000000023, 0000000001, 0000000001, ''),
(0000000241, 0000000025, 0000000002, 0000000001, ''),
(0000000241, 0000000025, 0000000002, 0000000002, ''),
(0000000241, 0000000025, 0000000003, 0000000001, 'I am a markdown text for the primary tab. I can do things that only markdown can do. For example I can render lists:\r\n\r\n- I am a **root** list item\r\n  - I am not\r\n  - Me neither but I am still awesome\r\n- I am also a root item but what is the big deal?'),
(0000000241, 0000000025, 0000000003, 0000000002, ''),
(0000000241, 0000000053, 0000000002, 0000000001, '0'),
(0000000243, 0000000023, 0000000001, 0000000001, ''),
(0000000243, 0000000028, 0000000001, 0000000001, 'primary'),
(0000000243, 0000000050, 0000000002, 0000000001, ''),
(0000000243, 0000000050, 0000000002, 0000000002, ''),
(0000000243, 0000000050, 0000000003, 0000000001, '**Title:** I am a markdown text asking a question'),
(0000000243, 0000000050, 0000000003, 0000000002, ''),
(0000000243, 0000000062, 0000000002, 0000000001, ''),
(0000000243, 0000000062, 0000000002, 0000000002, ''),
(0000000243, 0000000062, 0000000003, 0000000001, 'Right'),
(0000000243, 0000000062, 0000000003, 0000000002, ''),
(0000000243, 0000000063, 0000000002, 0000000001, ''),
(0000000243, 0000000063, 0000000002, 0000000002, ''),
(0000000243, 0000000063, 0000000003, 0000000001, 'Wrong'),
(0000000243, 0000000063, 0000000003, 0000000002, ''),
(0000000243, 0000000064, 0000000002, 0000000001, ''),
(0000000243, 0000000064, 0000000002, 0000000002, ''),
(0000000243, 0000000064, 0000000003, 0000000001, 'I am a markdown text that shows when clicking on the button `right`.'),
(0000000243, 0000000064, 0000000003, 0000000002, ''),
(0000000243, 0000000065, 0000000002, 0000000001, ''),
(0000000243, 0000000065, 0000000002, 0000000002, ''),
(0000000243, 0000000065, 0000000003, 0000000001, 'I am a markdown text that shows when clicking on the button `wrong`.'),
(0000000243, 0000000065, 0000000003, 0000000002, ''),
(0000000244, 0000000023, 0000000001, 0000000001, ''),
(0000000244, 0000000025, 0000000002, 0000000001, ''),
(0000000244, 0000000025, 0000000002, 0000000002, ''),
(0000000244, 0000000025, 0000000003, 0000000001, 'The color of each individual tab can be chosen with the field `type`. A tab is only rendered if the field `label` is set.'),
(0000000244, 0000000025, 0000000003, 0000000002, ''),
(0000000244, 0000000053, 0000000002, 0000000001, '0'),
(0000000245, 0000000023, 0000000001, 0000000001, ''),
(0000000245, 0000000025, 0000000002, 0000000001, ''),
(0000000245, 0000000025, 0000000002, 0000000002, ''),
(0000000245, 0000000025, 0000000003, 0000000001, 'To render a set of tabs, a parent section of style `tabs` is required which holds multiple sections of style `tab`.\r\nThe body of a tab can hold any other style.'),
(0000000245, 0000000025, 0000000003, 0000000002, ''),
(0000000245, 0000000053, 0000000002, 0000000001, '0'),
(0000000246, 0000000023, 0000000001, 0000000001, ''),
(0000000246, 0000000025, 0000000002, 0000000001, ''),
(0000000246, 0000000025, 0000000002, 0000000002, ''),
(0000000246, 0000000025, 0000000003, 0000000001, 'A quiz can be used to ask a question with the field `caption`. A quiz has two tabs **Right** and **Wrong** where the content is defined by field `right_content` and `wrong_content`, respectively and the label of the tab is defined by the fields `label_right` and `label_wrong`, respectively.\r\nThe field `type` specifies the color of all tabs.'),
(0000000246, 0000000025, 0000000003, 0000000002, ''),
(0000000246, 0000000053, 0000000002, 0000000001, '0'),
(0000000250, 0000000023, 0000000001, 0000000001, ''),
(0000000250, 0000000025, 0000000002, 0000000001, ''),
(0000000250, 0000000025, 0000000002, 0000000002, ''),
(0000000250, 0000000025, 0000000003, 0000000001, 'The SelfHelp app provides two styles to create markdown content:\r\n- `markdown` renders a complete markdown block, including headings, paragraphs, images, lists, tables, etc.\r\n- `markdownInline` renders one line of markdown text and can be used to put emphasis to text elements or add inline links.\r\n\r\nBoth styles use the markdown parser [Parsedown](http://parsedown.org/).\r\n\r\nThis [Markdown Guide](https://www.markdownguide.org/basic-syntax) provides an overview of the commonly available markdown syntax.\r\nThe specifix syntax that is supported by the SelfHelp app can be found on the [Parsedown](http://parsedown.org/) Webpage.\r\n\r\n#### Images\r\n\r\nA custom extension of the functionality of [Parsedown](http://parsedown.org/) allows to specify the size and style of images with a custom syntax:\r\n\r\n```\r\n![__alt__](__path__|__width__x__height__|__css__ \"__title__\")\r\n```\r\nwhere\r\n- `__alt__` is the text that is displayed if the image cannot be loaded.\r\n- `__path__` is the url of the image (when using an asset simply prepend the name of the asset with `%`).\r\n- `__width__` is the with of the image.\r\n- `__height__` is the height of the image.\r\n- `__css__` is a comma-seperated list of css classes (no spaces).\r\n- `__title__` is the text that is displayed when hovering over the image.\r\n\r\nNote that images need to be loaded from the asset folder on the server and can, in general, not be linked by a url. This is blocked due to security reasons (an exception is the url https://via.placeholder.com which is very handy to quickly use placeholder images). \r\n\r\n#### Links\r\n\r\nLinks are written in the form `[Label](link)`.\r\nA `link` can either be internal or external. An external `link` can point to any url and must start with a protocol (i.e. `http://` or `https://`). An internal `link` can point to any page, navigation section, wrapper section, or asset within the SelfHelp domain. Use the same syntax as with the linking styles (refer to [the link style documentation](#style/link-navigationContainer)).\r\n\r\nIn addition to this, a `link` can be prepended with `!` which will cause the link to be opened in a new browser tab.'),
(0000000250, 0000000025, 0000000003, 0000000002, ''),
(0000000254, 0000000023, 0000000001, 0000000001, ''),
(0000000254, 0000000025, 0000000002, 0000000001, ''),
(0000000254, 0000000025, 0000000002, 0000000002, ''),
(0000000254, 0000000025, 0000000003, 0000000001, 'The field `level` is used to specify the size of the heading. The values 1 to 6 are possible. The content of the heading is defined in the field `title`.\r\n\r\nNote that the same heading sizes can be created with the corresponding markdown syntax in a section unsing the `markdown` or `markdownInline` style.'),
(0000000254, 0000000025, 0000000003, 0000000002, ''),
(0000000256, 0000000023, 0000000001, 0000000001, ''),
(0000000256, 0000000025, 0000000002, 0000000001, ''),
(0000000256, 0000000025, 0000000002, 0000000002, ''),
(0000000256, 0000000025, 0000000003, 0000000001, 'The styles `plaintext` and `rawText` are used to render text without formatting. The style `plaintext` can be used as a paragraph or as a simple text, depending on the field `is_paragraph`. The style `rawText` uses a mono-spaced font which is useful to display code.'),
(0000000256, 0000000025, 0000000003, 0000000002, ''),
(0000000258, 0000000023, 0000000001, 0000000001, ''),
(0000000258, 0000000029, 0000000001, 0000000001, '1'),
(0000000260, 0000000023, 0000000001, 0000000001, ''),
(0000000260, 0000000029, 0000000001, 0000000001, '0'),
(0000000263, 0000000023, 0000000001, 0000000001, ''),
(0000000264, 0000000022, 0000000002, 0000000001, ''),
(0000000264, 0000000022, 0000000002, 0000000002, ''),
(0000000264, 0000000022, 0000000003, 0000000001, 'Fluid Container'),
(0000000264, 0000000022, 0000000003, 0000000002, ''),
(0000000264, 0000000023, 0000000001, 0000000001, 'mb-3'),
(0000000264, 0000000028, 0000000001, 0000000001, 'light'),
(0000000264, 0000000046, 0000000001, 0000000001, '0'),
(0000000264, 0000000047, 0000000001, 0000000001, '0'),
(0000000264, 0000000048, 0000000001, 0000000001, ''),
(0000000265, 0000000022, 0000000002, 0000000001, ''),
(0000000265, 0000000022, 0000000002, 0000000002, ''),
(0000000265, 0000000022, 0000000003, 0000000001, 'Non-fluid Container'),
(0000000265, 0000000022, 0000000003, 0000000002, ''),
(0000000265, 0000000023, 0000000001, 0000000001, 'mb-3'),
(0000000265, 0000000028, 0000000001, 0000000001, 'light'),
(0000000265, 0000000046, 0000000001, 0000000001, '0'),
(0000000265, 0000000047, 0000000001, 0000000001, '0'),
(0000000265, 0000000048, 0000000001, 0000000001, ''),
(0000000266, 0000000023, 0000000001, 0000000001, ''),
(0000000266, 0000000025, 0000000002, 0000000001, ''),
(0000000266, 0000000025, 0000000002, 0000000002, ''),
(0000000266, 0000000025, 0000000003, 0000000001, 'A section with the style `container` allows to wrap a set of child sections. In the following the style `alert` is used as a child section to illustrate the usage of containers. A container can contain one or more sections with any style.'),
(0000000266, 0000000025, 0000000003, 0000000002, ''),
(0000000267, 0000000023, 0000000001, 0000000001, ''),
(0000000267, 0000000025, 0000000002, 0000000001, ''),
(0000000267, 0000000025, 0000000002, 0000000002, ''),
(0000000267, 0000000025, 0000000003, 0000000001, 'If the field `is_fluid` is checked, the container is stretched to the whole of the available space on a page. '),
(0000000267, 0000000025, 0000000003, 0000000002, ''),
(0000000268, 0000000023, 0000000001, 0000000001, ''),
(0000000268, 0000000025, 0000000002, 0000000001, ''),
(0000000268, 0000000025, 0000000002, 0000000002, ''),
(0000000268, 0000000025, 0000000003, 0000000001, 'If the field `is_fluid` is unchecked, the container is stretched to a predefined maximum width on a page.'),
(0000000268, 0000000025, 0000000003, 0000000002, ''),
(0000000269, 0000000023, 0000000001, 0000000001, ''),
(0000000269, 0000000025, 0000000002, 0000000001, ''),
(0000000269, 0000000025, 0000000002, 0000000002, ''),
(0000000269, 0000000025, 0000000003, 0000000001, 'The style `jumbotron` is a predefined well that allows to group sections together (similar to a container). However, in contrast to a container a jumbotron renders into a grey surface and introduces significant paddings and margins. A jumbotron can contain any number of sections with any style.'),
(0000000269, 0000000025, 0000000003, 0000000002, ''),
(0000000271, 0000000023, 0000000001, 0000000001, ''),
(0000000271, 0000000025, 0000000002, 0000000001, ''),
(0000000271, 0000000025, 0000000002, 0000000002, ''),
(0000000271, 0000000025, 0000000003, 0000000001, 'The style `navigationContainer` is used to wrap the content of a navigation page. The field `title` serves as title for the navigation list item representing the navigation section wrapped by this container. The field `text_md` is rendered at the top of the container. Note that the special string `@title` can be used to render the field `title` within the field `text_md`.'),
(0000000271, 0000000025, 0000000003, 0000000002, ''),
(0000000272, 0000000022, 0000000002, 0000000001, ''),
(0000000272, 0000000022, 0000000002, 0000000002, ''),
(0000000272, 0000000022, 0000000003, 0000000001, 'Media'),
(0000000272, 0000000022, 0000000003, 0000000002, ''),
(0000000272, 0000000023, 0000000001, 0000000001, ''),
(0000000272, 0000000025, 0000000003, 0000000001, '# @title'),
(0000000275, 0000000022, 0000000002, 0000000001, ''),
(0000000275, 0000000022, 0000000002, 0000000002, ''),
(0000000275, 0000000022, 0000000003, 0000000001, 'Hover text of the image'),
(0000000275, 0000000022, 0000000003, 0000000002, ''),
(0000000275, 0000000023, 0000000001, 0000000001, ''),
(0000000275, 0000000030, 0000000002, 0000000001, ''),
(0000000275, 0000000030, 0000000002, 0000000002, ''),
(0000000275, 0000000030, 0000000003, 0000000001, 'Description of the image'),
(0000000275, 0000000030, 0000000003, 0000000002, ''),
(0000000275, 0000000049, 0000000002, 0000000001, ''),
(0000000275, 0000000049, 0000000002, 0000000002, ''),
(0000000275, 0000000049, 0000000003, 0000000001, 'Figure'),
(0000000275, 0000000049, 0000000003, 0000000002, ''),
(0000000275, 0000000050, 0000000002, 0000000001, ''),
(0000000275, 0000000050, 0000000002, 0000000002, ''),
(0000000275, 0000000050, 0000000003, 0000000001, 'This image is linked from https://placeholder.com/'),
(0000000275, 0000000050, 0000000003, 0000000002, ''),
(0000000275, 0000000053, 0000000002, 0000000001, 'https://via.placeholder.com/500x300'),
(0000000276, 0000000023, 0000000001, 0000000001, ''),
(0000000276, 0000000025, 0000000002, 0000000001, ''),
(0000000276, 0000000025, 0000000002, 0000000002, ''),
(0000000276, 0000000025, 0000000003, 0000000001, 'The style `figure` allows to render either an image or a video with a caption. The caption is defined by the field `caption`. If this field is left empty no caption is rendered. A caption is prepended by the text defined in the field `caption_title`. If this is left empty, the text **Figure** is used by default.'),
(0000000276, 0000000025, 0000000003, 0000000002, ''),
(0000000278, 0000000023, 0000000001, 0000000001, ''),
(0000000278, 0000000025, 0000000002, 0000000001, ''),
(0000000278, 0000000025, 0000000002, 0000000002, ''),
(0000000278, 0000000025, 0000000003, 0000000001, 'The style `video` allows to render a video. The field `sources` defines the different video sources. Multiple sources can be provided to cope with browser incompatibilities.\r\n\r\nNote that the field `sources` is of type `json` and requires\r\n1. valid json syntax (see https://www.json.org/)\r\n2. a json field `source` and `type` for each video source\r\n\r\nIt is best to copy the example below and adapt the video names and types according to your requirements.\r\n\r\n```\r\n[{\r\n  \"source\": \"video_name.mp4\",\r\n  \"type\": \"video/mp4\"\r\n},\r\n{\r\n  \"source\":\"video_name.ogg\",\r\n  \"type\": \"video/ogg\"\r\n},\r\n{\r\n  \"source\":\"video_name.webm\",\r\n  \"type\": \"video/webm\"\r\n}]\r\n```\r\n\r\nThe field `alt` allows to define the text that will be displayed if no video file can be loaded.'),
(0000000278, 0000000025, 0000000003, 0000000002, ''),
(0000000279, 0000000023, 0000000001, 0000000001, ''),
(0000000279, 0000000025, 0000000002, 0000000001, ''),
(0000000279, 0000000025, 0000000002, 0000000002, ''),
(0000000279, 0000000025, 0000000003, 0000000001, 'The media styles allow to display different media on a webpage. The following styles are available:\r\n\r\n- `audio` allows to load and replay an audio source on a page.\r\n- `figure` allows to attach a caption to media elements. A figure expects a media style as its immediate child.\r\n- `image` allows to render an image on a page.\r\n- `progressBar` allows to render a static progress bar.\r\n- `video` allows to load and display a video on a page.\r\n\r\nThe styles `image` and `video` can be made responsive by enabling the field `is_fluid`. Also, they both can be wrapped by the style `figure` which allows to add a caption to the medium.'),
(0000000279, 0000000025, 0000000003, 0000000002, ''),
(0000000281, 0000000023, 0000000001, 0000000001, ''),
(0000000281, 0000000025, 0000000002, 0000000001, ''),
(0000000281, 0000000025, 0000000002, 0000000002, ''),
(0000000281, 0000000025, 0000000003, 0000000001, 'The style `image` allows to render an image on the page. The field `source` defines the location of the image to be displayed and the field `alt` defines the text that will be displayed if the image cannot be found. The figure will not be rendered if the field `source` is left empty. Either a valid URL of the image or the name of the image as it is stored in the asset path on the server is accepted.\r\n\r\nThe field `title` defines the text that will be displayed when hovering with the mouse over the image.'),
(0000000281, 0000000025, 0000000003, 0000000002, ''),
(0000000283, 0000000022, 0000000002, 0000000001, ''),
(0000000283, 0000000022, 0000000002, 0000000002, ''),
(0000000283, 0000000022, 0000000003, 0000000001, 'Forms'),
(0000000283, 0000000022, 0000000003, 0000000002, ''),
(0000000283, 0000000023, 0000000001, 0000000001, ''),
(0000000283, 0000000025, 0000000003, 0000000001, '# @title'),
(0000000285, 0000000022, 0000000002, 0000000001, ''),
(0000000285, 0000000022, 0000000002, 0000000002, ''),
(0000000285, 0000000022, 0000000003, 0000000001, 'Input types'),
(0000000285, 0000000022, 0000000003, 0000000002, ''),
(0000000285, 0000000023, 0000000001, 0000000001, ''),
(0000000285, 0000000028, 0000000001, 0000000001, 'light'),
(0000000285, 0000000046, 0000000001, 0000000001, '0'),
(0000000285, 0000000047, 0000000001, 0000000001, '0'),
(0000000286, 0000000008, 0000000002, 0000000001, ''),
(0000000286, 0000000008, 0000000002, 0000000002, ''),
(0000000286, 0000000008, 0000000003, 0000000001, 'text'),
(0000000286, 0000000008, 0000000003, 0000000002, ''),
(0000000286, 0000000023, 0000000001, 0000000001, ''),
(0000000286, 0000000054, 0000000001, 0000000001, 'text'),
(0000000286, 0000000055, 0000000002, 0000000001, ''),
(0000000286, 0000000055, 0000000002, 0000000002, ''),
(0000000286, 0000000055, 0000000003, 0000000001, 'Enter a text'),
(0000000286, 0000000055, 0000000003, 0000000002, ''),
(0000000286, 0000000056, 0000000001, 0000000001, '0'),
(0000000286, 0000000057, 0000000001, 0000000001, 'text'),
(0000000286, 0000000058, 0000000001, 0000000001, ''),
(0000000287, 0000000008, 0000000002, 0000000001, ''),
(0000000287, 0000000008, 0000000002, 0000000002, ''),
(0000000287, 0000000008, 0000000003, 0000000001, 'number'),
(0000000287, 0000000008, 0000000003, 0000000002, ''),
(0000000287, 0000000023, 0000000001, 0000000001, ''),
(0000000287, 0000000054, 0000000001, 0000000001, 'number'),
(0000000287, 0000000055, 0000000002, 0000000001, ''),
(0000000287, 0000000055, 0000000002, 0000000002, ''),
(0000000287, 0000000055, 0000000003, 0000000001, 'Enter a number'),
(0000000287, 0000000055, 0000000003, 0000000002, ''),
(0000000287, 0000000056, 0000000001, 0000000001, '0'),
(0000000287, 0000000057, 0000000001, 0000000001, 'number'),
(0000000287, 0000000058, 0000000001, 0000000001, ''),
(0000000288, 0000000008, 0000000002, 0000000001, ''),
(0000000288, 0000000008, 0000000002, 0000000002, ''),
(0000000288, 0000000008, 0000000003, 0000000001, 'color'),
(0000000288, 0000000008, 0000000003, 0000000002, ''),
(0000000288, 0000000023, 0000000001, 0000000001, ''),
(0000000288, 0000000054, 0000000001, 0000000001, 'color'),
(0000000288, 0000000055, 0000000002, 0000000001, ''),
(0000000288, 0000000055, 0000000002, 0000000002, ''),
(0000000288, 0000000055, 0000000003, 0000000001, 'Choose a color'),
(0000000288, 0000000055, 0000000003, 0000000002, ''),
(0000000288, 0000000056, 0000000001, 0000000001, '0'),
(0000000288, 0000000057, 0000000001, 0000000001, 'color'),
(0000000288, 0000000058, 0000000001, 0000000001, ''),
(0000000289, 0000000023, 0000000001, 0000000001, ''),
(0000000289, 0000000025, 0000000002, 0000000001, ''),
(0000000289, 0000000025, 0000000002, 0000000002, ''),
(0000000289, 0000000025, 0000000003, 0000000001, 'The type is defined by the field `type_input`. How the different types are rendered depends on the browser. A good source for browser compatibility is the page [Can I Use](https://caniuse.com/).'),
(0000000289, 0000000025, 0000000003, 0000000002, ''),
(0000000290, 0000000008, 0000000002, 0000000001, ''),
(0000000290, 0000000008, 0000000002, 0000000002, ''),
(0000000290, 0000000008, 0000000003, 0000000001, 'time'),
(0000000290, 0000000008, 0000000003, 0000000002, ''),
(0000000290, 0000000023, 0000000001, 0000000001, ''),
(0000000290, 0000000054, 0000000001, 0000000001, 'time'),
(0000000290, 0000000055, 0000000002, 0000000001, 'Enter a time'),
(0000000290, 0000000055, 0000000002, 0000000002, ''),
(0000000290, 0000000055, 0000000003, 0000000001, ''),
(0000000290, 0000000055, 0000000003, 0000000002, ''),
(0000000290, 0000000056, 0000000001, 0000000001, '0'),
(0000000290, 0000000057, 0000000001, 0000000001, 'time'),
(0000000290, 0000000058, 0000000001, 0000000001, ''),
(0000000291, 0000000008, 0000000002, 0000000001, ''),
(0000000291, 0000000008, 0000000002, 0000000002, ''),
(0000000291, 0000000008, 0000000003, 0000000001, 'date'),
(0000000291, 0000000008, 0000000003, 0000000002, ''),
(0000000291, 0000000023, 0000000001, 0000000001, ''),
(0000000291, 0000000054, 0000000001, 0000000001, 'date'),
(0000000291, 0000000055, 0000000002, 0000000001, ''),
(0000000291, 0000000055, 0000000002, 0000000002, ''),
(0000000291, 0000000055, 0000000003, 0000000001, 'Choose a date'),
(0000000291, 0000000055, 0000000003, 0000000002, ''),
(0000000291, 0000000056, 0000000001, 0000000001, '0'),
(0000000291, 0000000057, 0000000001, 0000000001, 'date'),
(0000000291, 0000000058, 0000000001, 0000000001, ''),
(0000000292, 0000000008, 0000000002, 0000000001, ''),
(0000000292, 0000000008, 0000000002, 0000000002, ''),
(0000000292, 0000000008, 0000000003, 0000000001, 'datetime-local'),
(0000000292, 0000000008, 0000000003, 0000000002, ''),
(0000000292, 0000000023, 0000000001, 0000000001, ''),
(0000000292, 0000000054, 0000000001, 0000000001, 'datetime-local'),
(0000000292, 0000000055, 0000000002, 0000000001, ''),
(0000000292, 0000000055, 0000000002, 0000000002, ''),
(0000000292, 0000000055, 0000000003, 0000000001, 'Enter a date'),
(0000000292, 0000000055, 0000000003, 0000000002, ''),
(0000000292, 0000000056, 0000000001, 0000000001, '0'),
(0000000292, 0000000057, 0000000001, 0000000001, 'datelocal'),
(0000000292, 0000000058, 0000000001, 0000000001, ''),
(0000000293, 0000000008, 0000000002, 0000000001, ''),
(0000000293, 0000000008, 0000000002, 0000000002, ''),
(0000000293, 0000000008, 0000000003, 0000000001, 'email'),
(0000000293, 0000000008, 0000000003, 0000000002, ''),
(0000000293, 0000000023, 0000000001, 0000000001, ''),
(0000000293, 0000000054, 0000000001, 0000000001, 'email'),
(0000000293, 0000000055, 0000000002, 0000000001, ''),
(0000000293, 0000000055, 0000000002, 0000000002, ''),
(0000000293, 0000000055, 0000000003, 0000000001, 'Enter an email'),
(0000000293, 0000000055, 0000000003, 0000000002, ''),
(0000000293, 0000000056, 0000000001, 0000000001, '0'),
(0000000293, 0000000057, 0000000001, 0000000001, 'email'),
(0000000293, 0000000058, 0000000001, 0000000001, ''),
(0000000294, 0000000008, 0000000002, 0000000001, ''),
(0000000294, 0000000008, 0000000002, 0000000002, '');
INSERT INTO `sections_fields_translation` (`id_sections`, `id_fields`, `id_languages`, `id_genders`, `content`) VALUES
(0000000294, 0000000008, 0000000003, 0000000001, 'month'),
(0000000294, 0000000008, 0000000003, 0000000002, ''),
(0000000294, 0000000023, 0000000001, 0000000001, ''),
(0000000294, 0000000054, 0000000001, 0000000001, 'month'),
(0000000294, 0000000055, 0000000002, 0000000001, ''),
(0000000294, 0000000055, 0000000002, 0000000002, ''),
(0000000294, 0000000055, 0000000003, 0000000001, 'Enter a month'),
(0000000294, 0000000055, 0000000003, 0000000002, ''),
(0000000294, 0000000056, 0000000001, 0000000001, '0'),
(0000000294, 0000000057, 0000000001, 0000000001, 'month'),
(0000000294, 0000000058, 0000000001, 0000000001, ''),
(0000000295, 0000000008, 0000000002, 0000000001, ''),
(0000000295, 0000000008, 0000000002, 0000000002, ''),
(0000000295, 0000000008, 0000000003, 0000000001, 'range'),
(0000000295, 0000000008, 0000000003, 0000000002, ''),
(0000000295, 0000000023, 0000000001, 0000000001, ''),
(0000000295, 0000000054, 0000000001, 0000000001, 'range'),
(0000000295, 0000000055, 0000000002, 0000000001, ''),
(0000000295, 0000000055, 0000000002, 0000000002, ''),
(0000000295, 0000000055, 0000000003, 0000000001, 'Choose a value'),
(0000000295, 0000000055, 0000000003, 0000000002, ''),
(0000000295, 0000000056, 0000000001, 0000000001, '0'),
(0000000295, 0000000057, 0000000001, 0000000001, 'range'),
(0000000295, 0000000058, 0000000001, 0000000001, ''),
(0000000296, 0000000008, 0000000002, 0000000001, ''),
(0000000296, 0000000008, 0000000002, 0000000002, ''),
(0000000296, 0000000008, 0000000003, 0000000001, 'search'),
(0000000296, 0000000008, 0000000003, 0000000002, ''),
(0000000296, 0000000023, 0000000001, 0000000001, ''),
(0000000296, 0000000054, 0000000001, 0000000001, 'search'),
(0000000296, 0000000055, 0000000002, 0000000001, ''),
(0000000296, 0000000055, 0000000002, 0000000002, ''),
(0000000296, 0000000055, 0000000003, 0000000001, 'Search for something'),
(0000000296, 0000000055, 0000000003, 0000000002, ''),
(0000000296, 0000000056, 0000000001, 0000000001, '0'),
(0000000296, 0000000057, 0000000001, 0000000001, 'search'),
(0000000296, 0000000058, 0000000001, 0000000001, ''),
(0000000297, 0000000008, 0000000002, 0000000001, ''),
(0000000297, 0000000008, 0000000002, 0000000002, ''),
(0000000297, 0000000008, 0000000003, 0000000001, 'tel'),
(0000000297, 0000000008, 0000000003, 0000000002, ''),
(0000000297, 0000000023, 0000000001, 0000000001, ''),
(0000000297, 0000000054, 0000000001, 0000000001, 'tel'),
(0000000297, 0000000055, 0000000002, 0000000001, ''),
(0000000297, 0000000055, 0000000002, 0000000002, ''),
(0000000297, 0000000055, 0000000003, 0000000001, 'Enter a phone number'),
(0000000297, 0000000055, 0000000003, 0000000002, ''),
(0000000297, 0000000056, 0000000001, 0000000001, '0'),
(0000000297, 0000000057, 0000000001, 0000000001, 'tel'),
(0000000297, 0000000058, 0000000001, 0000000001, ''),
(0000000298, 0000000008, 0000000002, 0000000001, ''),
(0000000298, 0000000008, 0000000002, 0000000002, ''),
(0000000298, 0000000008, 0000000003, 0000000001, 'url'),
(0000000298, 0000000008, 0000000003, 0000000002, ''),
(0000000298, 0000000023, 0000000001, 0000000001, ''),
(0000000298, 0000000054, 0000000001, 0000000001, 'url'),
(0000000298, 0000000055, 0000000002, 0000000001, ''),
(0000000298, 0000000055, 0000000002, 0000000002, ''),
(0000000298, 0000000055, 0000000003, 0000000001, 'Enter an URL'),
(0000000298, 0000000055, 0000000003, 0000000002, ''),
(0000000298, 0000000056, 0000000001, 0000000001, '0'),
(0000000298, 0000000057, 0000000001, 0000000001, 'url'),
(0000000298, 0000000058, 0000000001, 0000000001, ''),
(0000000299, 0000000008, 0000000002, 0000000001, ''),
(0000000299, 0000000008, 0000000002, 0000000002, ''),
(0000000299, 0000000008, 0000000003, 0000000001, 'week'),
(0000000299, 0000000008, 0000000003, 0000000002, ''),
(0000000299, 0000000023, 0000000001, 0000000001, ''),
(0000000299, 0000000054, 0000000001, 0000000001, 'week'),
(0000000299, 0000000055, 0000000002, 0000000001, ''),
(0000000299, 0000000055, 0000000002, 0000000002, ''),
(0000000299, 0000000055, 0000000003, 0000000001, 'Enter a week'),
(0000000299, 0000000055, 0000000003, 0000000002, ''),
(0000000299, 0000000056, 0000000001, 0000000001, '0'),
(0000000299, 0000000057, 0000000001, 0000000001, 'week'),
(0000000299, 0000000058, 0000000001, 0000000001, ''),
(0000000300, 0000000008, 0000000002, 0000000001, ''),
(0000000300, 0000000008, 0000000002, 0000000002, ''),
(0000000300, 0000000008, 0000000003, 0000000001, 'checkbox'),
(0000000300, 0000000008, 0000000003, 0000000002, ''),
(0000000300, 0000000023, 0000000001, 0000000001, ''),
(0000000300, 0000000054, 0000000001, 0000000001, 'checkbox'),
(0000000300, 0000000055, 0000000002, 0000000001, ''),
(0000000300, 0000000055, 0000000002, 0000000002, ''),
(0000000300, 0000000055, 0000000003, 0000000001, 'Set or unset the checckbox'),
(0000000300, 0000000055, 0000000003, 0000000002, ''),
(0000000300, 0000000056, 0000000001, 0000000001, '0'),
(0000000300, 0000000057, 0000000001, 0000000001, 'checkbox'),
(0000000300, 0000000058, 0000000001, 0000000001, ''),
(0000000302, 0000000008, 0000000002, 0000000001, ''),
(0000000302, 0000000008, 0000000002, 0000000002, ''),
(0000000302, 0000000008, 0000000003, 0000000001, 'Label of Textarea'),
(0000000302, 0000000008, 0000000003, 0000000002, ''),
(0000000302, 0000000023, 0000000001, 0000000001, ''),
(0000000302, 0000000056, 0000000001, 0000000001, '1'),
(0000000302, 0000000057, 0000000001, 0000000001, 'text'),
(0000000302, 0000000058, 0000000001, 0000000001, 'Default value'),
(0000000303, 0000000023, 0000000001, 0000000001, ''),
(0000000303, 0000000025, 0000000002, 0000000001, ''),
(0000000303, 0000000025, 0000000002, 0000000002, ''),
(0000000303, 0000000025, 0000000003, 0000000001, 'The style `textarea` is, in contrast to the style `input`, a text field that accepts multiple lines.'),
(0000000303, 0000000025, 0000000003, 0000000002, ''),
(0000000305, 0000000022, 0000000002, 0000000001, ''),
(0000000305, 0000000022, 0000000002, 0000000002, ''),
(0000000305, 0000000022, 0000000003, 0000000001, 'Select Dropdown'),
(0000000305, 0000000022, 0000000003, 0000000002, ''),
(0000000305, 0000000023, 0000000001, 0000000001, 'mb-3'),
(0000000305, 0000000028, 0000000001, 0000000001, 'light'),
(0000000305, 0000000046, 0000000001, 0000000001, '0'),
(0000000305, 0000000047, 0000000001, 0000000001, '0'),
(0000000305, 0000000048, 0000000001, 0000000001, ''),
(0000000306, 0000000023, 0000000001, 0000000001, ''),
(0000000306, 0000000025, 0000000002, 0000000001, ''),
(0000000306, 0000000025, 0000000002, 0000000002, ''),
(0000000306, 0000000025, 0000000003, 0000000001, 'If the field `is_multiple` is unchecked the selection list is rendered as a dropdown menu where only one option can be selected.'),
(0000000306, 0000000025, 0000000003, 0000000002, ''),
(0000000307, 0000000023, 0000000001, 0000000001, ''),
(0000000307, 0000000025, 0000000002, 0000000001, ''),
(0000000307, 0000000025, 0000000002, 0000000002, ''),
(0000000307, 0000000025, 0000000003, 0000000001, 'A form is a wrapper for input fields. It allows to send content of the input fields to the server and store the data to the database. Several style are available:\r\n\r\n- `form` provides only the client-side functionality and does not do anything with the submitted data. This is intended to be connected with a custom component (required PHP programming).\r\n- `formUserInput` stores the data from all child input fields into the database and displays the latest set of data in the database as values in the child input field (if `show_data` is checked).\r\n- `showUserInput` allows to display user input data. Use the name of a form to display the corresponding data.'),
(0000000307, 0000000025, 0000000003, 0000000002, ''),
(0000000308, 0000000008, 0000000002, 0000000001, ''),
(0000000308, 0000000008, 0000000002, 0000000002, ''),
(0000000308, 0000000008, 0000000003, 0000000001, 'Select with no default'),
(0000000308, 0000000008, 0000000003, 0000000002, ''),
(0000000308, 0000000023, 0000000001, 0000000001, ''),
(0000000308, 0000000030, 0000000002, 0000000001, ''),
(0000000308, 0000000030, 0000000002, 0000000002, ''),
(0000000308, 0000000030, 0000000003, 0000000001, 'select a value'),
(0000000308, 0000000030, 0000000003, 0000000002, ''),
(0000000308, 0000000056, 0000000001, 0000000001, '0'),
(0000000308, 0000000057, 0000000001, 0000000001, 'select'),
(0000000308, 0000000058, 0000000001, 0000000001, ''),
(0000000308, 0000000066, 0000000002, 0000000001, ''),
(0000000308, 0000000066, 0000000002, 0000000002, ''),
(0000000308, 0000000066, 0000000003, 0000000001, '[{\r\n  \"value\":\"1\",\r\n  \"text\": \"Item1\"\r\n},\r\n{\r\n  \"value\":\"2\",\r\n  \"text\":\"Item2\"\r\n},\r\n{\r\n  \"value\":\"3\",\r\n  \"text\": \"Item3\"\r\n}]'),
(0000000308, 0000000066, 0000000003, 0000000002, ''),
(0000000308, 0000000067, 0000000001, 0000000001, '0'),
(0000000309, 0000000008, 0000000002, 0000000001, ''),
(0000000309, 0000000008, 0000000002, 0000000002, ''),
(0000000309, 0000000008, 0000000003, 0000000001, 'Select with default'),
(0000000309, 0000000008, 0000000003, 0000000002, ''),
(0000000309, 0000000023, 0000000001, 0000000001, ''),
(0000000309, 0000000056, 0000000001, 0000000001, '0'),
(0000000309, 0000000057, 0000000001, 0000000001, 'sdefault'),
(0000000309, 0000000058, 0000000001, 0000000001, '2'),
(0000000309, 0000000066, 0000000002, 0000000001, ''),
(0000000309, 0000000066, 0000000002, 0000000002, ''),
(0000000309, 0000000066, 0000000003, 0000000001, '[{\r\n  \"value\":\"1\",\r\n  \"text\": \"Item1\"\r\n},\r\n{\r\n  \"value\":\"2\",\r\n  \"text\":\"Item2\"\r\n},\r\n{\r\n  \"value\":\"3\",\r\n  \"text\": \"Item3\"\r\n}]'),
(0000000309, 0000000066, 0000000003, 0000000002, ''),
(0000000309, 0000000067, 0000000001, 0000000001, '0'),
(0000000310, 0000000008, 0000000002, 0000000001, ''),
(0000000310, 0000000008, 0000000002, 0000000002, ''),
(0000000310, 0000000008, 0000000003, 0000000001, 'Select multiple with no default'),
(0000000310, 0000000008, 0000000003, 0000000002, ''),
(0000000310, 0000000023, 0000000001, 0000000001, ''),
(0000000310, 0000000030, 0000000002, 0000000001, ''),
(0000000310, 0000000030, 0000000002, 0000000002, ''),
(0000000310, 0000000030, 0000000003, 0000000001, 'choose a value'),
(0000000310, 0000000030, 0000000003, 0000000002, ''),
(0000000310, 0000000056, 0000000001, 0000000001, '0'),
(0000000310, 0000000057, 0000000001, 0000000001, 'smultiple'),
(0000000310, 0000000058, 0000000001, 0000000001, ''),
(0000000310, 0000000066, 0000000002, 0000000001, ''),
(0000000310, 0000000066, 0000000002, 0000000002, ''),
(0000000310, 0000000066, 0000000003, 0000000001, '[{\r\n  \"value\":\"1\",\r\n  \"text\": \"Item1\"\r\n},\r\n{\r\n  \"value\":\"2\",\r\n  \"text\":\"Item2\"\r\n},\r\n{\r\n  \"value\":\"3\",\r\n  \"text\": \"Item3\"\r\n}]'),
(0000000310, 0000000066, 0000000003, 0000000002, ''),
(0000000310, 0000000067, 0000000001, 0000000001, '1'),
(0000000311, 0000000008, 0000000002, 0000000001, ''),
(0000000311, 0000000008, 0000000002, 0000000002, ''),
(0000000311, 0000000008, 0000000003, 0000000001, 'Select multiple with default'),
(0000000311, 0000000008, 0000000003, 0000000002, ''),
(0000000311, 0000000023, 0000000001, 0000000001, ''),
(0000000311, 0000000056, 0000000001, 0000000001, '0'),
(0000000311, 0000000057, 0000000001, 0000000001, 'smdefault'),
(0000000311, 0000000058, 0000000001, 0000000001, '2'),
(0000000311, 0000000066, 0000000002, 0000000001, ''),
(0000000311, 0000000066, 0000000002, 0000000002, ''),
(0000000311, 0000000066, 0000000003, 0000000001, '[{\r\n  \"value\":\"1\",\r\n  \"text\": \"Item1\"\r\n},\r\n{\r\n  \"value\":\"2\",\r\n  \"text\":\"Item2\"\r\n},\r\n{\r\n  \"value\":\"3\",\r\n  \"text\": \"Item3\"\r\n}]'),
(0000000311, 0000000066, 0000000003, 0000000002, ''),
(0000000311, 0000000067, 0000000001, 0000000001, '1'),
(0000000313, 0000000023, 0000000001, 0000000001, ''),
(0000000313, 0000000025, 0000000002, 0000000001, ''),
(0000000313, 0000000025, 0000000002, 0000000002, ''),
(0000000313, 0000000025, 0000000003, 0000000001, 'The style `slider` is an extension of the style `input` of type `range`. It allows to specify the minimum and maximum value of the range with the fields `min` and `max` respectively.\r\n\r\nFurthermore, the field `labels` allows to provide a label for each position of the slider. Note that the field `labels` is of type `json` and requires\r\n1. valid json syntax (see https://www.json.org/)\r\n2. a simple json array of values for each label\r\n\r\nIt is best to copy the example below and adapt the labels to your requirements.\r\n\r\n```\r\n[\"very bad\", \"mostly bad\", \"average\", \"mostly good\", \"very good\"]\r\n```'),
(0000000313, 0000000025, 0000000003, 0000000002, ''),
(0000000314, 0000000008, 0000000002, 0000000001, ''),
(0000000314, 0000000008, 0000000002, 0000000002, ''),
(0000000314, 0000000008, 0000000003, 0000000001, ''),
(0000000314, 0000000008, 0000000003, 0000000002, ''),
(0000000314, 0000000023, 0000000001, 0000000001, ''),
(0000000314, 0000000057, 0000000001, 0000000001, 'slider'),
(0000000314, 0000000058, 0000000001, 0000000001, ''),
(0000000314, 0000000068, 0000000002, 0000000001, ''),
(0000000314, 0000000068, 0000000002, 0000000002, ''),
(0000000314, 0000000068, 0000000003, 0000000001, '[\"very bad\", \"mostly bad\", \"average\", \"mostly good\", \"very good\"]'),
(0000000314, 0000000068, 0000000003, 0000000002, ''),
(0000000314, 0000000069, 0000000001, 0000000001, '1'),
(0000000314, 0000000070, 0000000001, 0000000001, '5'),
(0000000316, 0000000008, 0000000002, 0000000001, ''),
(0000000316, 0000000008, 0000000002, 0000000002, ''),
(0000000316, 0000000008, 0000000003, 0000000001, 'Primary'),
(0000000316, 0000000008, 0000000003, 0000000002, ''),
(0000000316, 0000000023, 0000000001, 0000000001, ''),
(0000000316, 0000000027, 0000000001, 0000000001, '#'),
(0000000316, 0000000028, 0000000001, 0000000001, 'primary'),
(0000000317, 0000000008, 0000000002, 0000000001, ''),
(0000000317, 0000000008, 0000000002, 0000000002, ''),
(0000000317, 0000000008, 0000000003, 0000000001, 'Secondary'),
(0000000317, 0000000008, 0000000003, 0000000002, ''),
(0000000317, 0000000023, 0000000001, 0000000001, 'mt-3'),
(0000000317, 0000000027, 0000000001, 0000000001, '#'),
(0000000317, 0000000028, 0000000001, 0000000001, 'secondary'),
(0000000318, 0000000008, 0000000002, 0000000001, ''),
(0000000318, 0000000008, 0000000002, 0000000002, ''),
(0000000318, 0000000008, 0000000003, 0000000001, 'Success'),
(0000000318, 0000000008, 0000000003, 0000000002, ''),
(0000000318, 0000000023, 0000000001, 0000000001, 'mt-3'),
(0000000318, 0000000027, 0000000001, 0000000001, '#'),
(0000000318, 0000000028, 0000000001, 0000000001, 'success'),
(0000000319, 0000000008, 0000000002, 0000000001, ''),
(0000000319, 0000000008, 0000000002, 0000000002, ''),
(0000000319, 0000000008, 0000000003, 0000000001, 'Danger'),
(0000000319, 0000000008, 0000000003, 0000000002, ''),
(0000000319, 0000000023, 0000000001, 0000000001, 'mt-3'),
(0000000319, 0000000027, 0000000001, 0000000001, '#'),
(0000000319, 0000000028, 0000000001, 0000000001, 'danger'),
(0000000320, 0000000008, 0000000002, 0000000001, ''),
(0000000320, 0000000008, 0000000002, 0000000002, ''),
(0000000320, 0000000008, 0000000003, 0000000001, 'Warning'),
(0000000320, 0000000008, 0000000003, 0000000002, ''),
(0000000320, 0000000023, 0000000001, 0000000001, 'mt-3'),
(0000000320, 0000000027, 0000000001, 0000000001, '#'),
(0000000320, 0000000028, 0000000001, 0000000001, 'warning'),
(0000000321, 0000000008, 0000000002, 0000000001, ''),
(0000000321, 0000000008, 0000000002, 0000000002, ''),
(0000000321, 0000000008, 0000000003, 0000000001, 'Info'),
(0000000321, 0000000008, 0000000003, 0000000002, ''),
(0000000321, 0000000023, 0000000001, 0000000001, 'mt-3'),
(0000000321, 0000000027, 0000000001, 0000000001, '#'),
(0000000321, 0000000028, 0000000001, 0000000001, 'info'),
(0000000322, 0000000008, 0000000002, 0000000001, ''),
(0000000322, 0000000008, 0000000002, 0000000002, ''),
(0000000322, 0000000008, 0000000003, 0000000001, 'Light'),
(0000000322, 0000000008, 0000000003, 0000000002, ''),
(0000000322, 0000000023, 0000000001, 0000000001, 'mt-3'),
(0000000322, 0000000027, 0000000001, 0000000001, '#'),
(0000000322, 0000000028, 0000000001, 0000000001, 'light'),
(0000000323, 0000000008, 0000000002, 0000000001, ''),
(0000000323, 0000000008, 0000000002, 0000000002, ''),
(0000000323, 0000000008, 0000000003, 0000000001, 'Dark'),
(0000000323, 0000000008, 0000000003, 0000000002, ''),
(0000000323, 0000000023, 0000000001, 0000000001, 'mt-3'),
(0000000323, 0000000027, 0000000001, 0000000001, '#'),
(0000000323, 0000000028, 0000000001, 0000000001, 'dark'),
(0000000324, 0000000023, 0000000001, 0000000001, ''),
(0000000324, 0000000025, 0000000002, 0000000001, ''),
(0000000324, 0000000025, 0000000002, 0000000002, ''),
(0000000324, 0000000025, 0000000003, 0000000001, 'The style `form` supports some Bootstrap color schemes for the submit button. This is specified with the field `type`. The field `url` specifies the submit location. If left empty, the form is not rendered. The field `label` defines the text that appears on the submit button.'),
(0000000324, 0000000025, 0000000003, 0000000002, ''),
(0000000326, 0000000023, 0000000001, 0000000001, ''),
(0000000326, 0000000025, 0000000002, 0000000001, ''),
(0000000326, 0000000025, 0000000002, 0000000002, ''),
(0000000326, 0000000025, 0000000003, 0000000001, 'The style `input` support several different types. In addition to the standard fields any form-field has (`value`, `label`, `name`), the style `input` supports the field `placeholder`. It defines the greyed-out text that appears inside a form-field as long as no value is entered. Some input types do not use this field.'),
(0000000326, 0000000025, 0000000003, 0000000002, ''),
(0000000329, 0000000023, 0000000001, 0000000001, ''),
(0000000329, 0000000025, 0000000002, 0000000001, ''),
(0000000329, 0000000025, 0000000002, 0000000002, ''),
(0000000329, 0000000025, 0000000003, 0000000001, 'The style `select` is rendered as a selection list or a dropdown where one or more options can be selected. The field `items` allows to specify the options in the selection list. Note that the field `items` is of type `json` and requires\r\n1. valid json syntax (see https://www.json.org/)\r\n2. a json field `value` and `text` for each select option\r\n\r\nIt is best to copy the example below and adapt the option names and values according to your requirements.\r\n\r\n```\r\n[{\r\n  \"value\":\"1\",\r\n  \"text\": \"Item1\"\r\n},\r\n{\r\n  \"value\":\"2\",\r\n  \"text\":\"Item2\"\r\n},\r\n{\r\n  \"value\":\"3\",\r\n  \"text\": \"Item3\"\r\n}]\r\n```\r\n\r\nThe field `alt` specifies the text that is displayed on the disabled option when no default value is defined.'),
(0000000329, 0000000025, 0000000003, 0000000002, ''),
(0000000330, 0000000022, 0000000002, 0000000001, ''),
(0000000330, 0000000022, 0000000002, 0000000002, ''),
(0000000330, 0000000022, 0000000003, 0000000001, 'Select Multiple'),
(0000000330, 0000000022, 0000000003, 0000000002, ''),
(0000000330, 0000000023, 0000000001, 0000000001, 'mt-3'),
(0000000330, 0000000028, 0000000001, 0000000001, 'light'),
(0000000330, 0000000046, 0000000001, 0000000001, '0'),
(0000000330, 0000000047, 0000000001, 0000000001, '0'),
(0000000330, 0000000048, 0000000001, 0000000001, ''),
(0000000331, 0000000022, 0000000002, 0000000001, ''),
(0000000331, 0000000022, 0000000002, 0000000002, ''),
(0000000331, 0000000022, 0000000003, 0000000001, 'Select Default Values'),
(0000000331, 0000000022, 0000000003, 0000000002, ''),
(0000000331, 0000000023, 0000000001, 0000000001, ''),
(0000000331, 0000000028, 0000000001, 0000000001, 'light'),
(0000000331, 0000000046, 0000000001, 0000000001, '0'),
(0000000331, 0000000047, 0000000001, 0000000001, '0'),
(0000000332, 0000000023, 0000000001, 0000000001, ''),
(0000000332, 0000000025, 0000000002, 0000000001, ''),
(0000000332, 0000000025, 0000000002, 0000000002, ''),
(0000000332, 0000000025, 0000000003, 0000000001, 'If the field `is_multiple` is checked the selection list is rendered as a list where multiple options can be selected.'),
(0000000332, 0000000025, 0000000003, 0000000002, ''),
(0000000333, 0000000023, 0000000001, 0000000001, ''),
(0000000333, 0000000025, 0000000002, 0000000001, ''),
(0000000333, 0000000025, 0000000002, 0000000002, ''),
(0000000333, 0000000025, 0000000003, 0000000001, 'If the field `value` is left empty, a disabled option is rendered and selected which asks the user to choose a value. Otherwise the specified value is selected by default (if it exists) and the disabled option is omitted.'),
(0000000333, 0000000025, 0000000003, 0000000002, ''),
(0000000335, 0000000023, 0000000001, 0000000001, 'my-3'),
(0000000335, 0000000029, 0000000001, 0000000001, '0'),
(0000000336, 0000000023, 0000000001, 0000000001, ''),
(0000000337, 0000000023, 0000000001, 0000000001, ''),
(0000000337, 0000000025, 0000000002, 0000000001, ''),
(0000000337, 0000000025, 0000000002, 0000000002, ''),
(0000000337, 0000000025, 0000000003, 0000000001, '# Styles\r\n\r\nPages are organised as a collection of sections that are rendered on the page, one below the other. Sections have different `styles` wich define the apperance of the sections. Depending on the style of a section, the section has different `fields` which define the content of the section. The value of a field can be a simple plaintext or a collection of child sections which have their own styles and children.\r\n\r\nFor a more in-depth description of each style refer to the [documentation of the source code](https://selfhelp.psy.unibe.ch/demo/doc/doxygen/html/index.html).'),
(0000000337, 0000000025, 0000000003, 0000000002, ''),
(0000000338, 0000000023, 0000000001, 0000000001, ''),
(0000000338, 0000000025, 0000000002, 0000000001, ''),
(0000000338, 0000000025, 0000000002, 0000000002, ''),
(0000000338, 0000000025, 0000000003, 0000000001, 'The body of a card can contain any number of any other styles. Use the field `children` to add, remove and sort elements in the card body. '),
(0000000338, 0000000025, 0000000003, 0000000002, ''),
(0000000339, 0000000022, 0000000002, 0000000001, ''),
(0000000339, 0000000022, 0000000002, 0000000002, ''),
(0000000339, 0000000022, 0000000003, 0000000001, 'Card with an edit button'),
(0000000339, 0000000022, 0000000003, 0000000002, ''),
(0000000339, 0000000023, 0000000001, 0000000001, ''),
(0000000339, 0000000028, 0000000001, 0000000001, 'light'),
(0000000339, 0000000046, 0000000001, 0000000001, '0'),
(0000000339, 0000000047, 0000000001, 0000000001, '0'),
(0000000339, 0000000048, 0000000001, 0000000001, ''),
(0000000340, 0000000023, 0000000001, 0000000001, ''),
(0000000340, 0000000025, 0000000002, 0000000001, ''),
(0000000340, 0000000025, 0000000002, 0000000002, ''),
(0000000340, 0000000025, 0000000003, 0000000001, 'If the field `url_edit` is set (not an empty string) an edit button appears in the right corner of the card header.'),
(0000000340, 0000000025, 0000000003, 0000000002, ''),
(0000000341, 0000000022, 0000000002, 0000000001, ''),
(0000000341, 0000000022, 0000000002, 0000000002, ''),
(0000000341, 0000000022, 0000000003, 0000000001, 'I have an edit button'),
(0000000341, 0000000022, 0000000003, 0000000002, ''),
(0000000341, 0000000023, 0000000001, 0000000001, ''),
(0000000341, 0000000028, 0000000001, 0000000001, 'primary'),
(0000000341, 0000000046, 0000000001, 0000000001, '0'),
(0000000341, 0000000047, 0000000001, 0000000001, '0'),
(0000000341, 0000000048, 0000000001, 0000000001, '#'),
(0000000343, 0000000023, 0000000001, 0000000001, 'mt-3'),
(0000000343, 0000000025, 0000000002, 0000000001, ''),
(0000000343, 0000000025, 0000000002, 0000000002, ''),
(0000000343, 0000000025, 0000000003, 0000000001, 'The form style offers the fiels `url_cancel` and `label_cancel` to define a cancel button. If the field `url_cancel` is not set the cancel button is not rendered. If `label_cancel` is not set while `url_cancel` is set the label **Cancel** is used by default.'),
(0000000343, 0000000025, 0000000003, 0000000002, ''),
(0000000344, 0000000008, 0000000002, 0000000001, ''),
(0000000344, 0000000008, 0000000002, 0000000002, ''),
(0000000344, 0000000008, 0000000003, 0000000001, 'Submit'),
(0000000344, 0000000008, 0000000003, 0000000002, ''),
(0000000344, 0000000023, 0000000001, 0000000001, ''),
(0000000344, 0000000027, 0000000001, 0000000001, '#'),
(0000000344, 0000000028, 0000000001, 0000000001, 'primary'),
(0000000344, 0000000051, 0000000002, 0000000001, ''),
(0000000344, 0000000051, 0000000002, 0000000002, ''),
(0000000344, 0000000051, 0000000003, 0000000001, 'Cancel'),
(0000000344, 0000000051, 0000000003, 0000000002, ''),
(0000000344, 0000000052, 0000000001, 0000000001, '#'),
(0000000346, 0000000022, 0000000002, 0000000001, ''),
(0000000346, 0000000022, 0000000002, 0000000002, ''),
(0000000346, 0000000022, 0000000003, 0000000001, 'Lists'),
(0000000346, 0000000022, 0000000003, 0000000002, ''),
(0000000346, 0000000023, 0000000001, 0000000001, ''),
(0000000346, 0000000025, 0000000003, 0000000001, '# @title'),
(0000000347, 0000000023, 0000000001, 0000000001, ''),
(0000000347, 0000000025, 0000000002, 0000000001, ''),
(0000000347, 0000000025, 0000000002, 0000000002, ''),
(0000000347, 0000000025, 0000000003, 0000000001, 'Lists are styles that allow to define more sophisticated lists than the markdown syntax allows. They come with attached javascript functionality. The following lists are available:\r\n\r\n- `accordionList` is a hierarchical list where the root level is rendered as an accordion with only one root item expanded at a time.\r\n- `nestedList`is a hierarchical list where each root item item can be collapsed and expanded by clicking on a chevron.\r\n- `sortableList` is not hierarchical but can be sorted, new items can be added as well as items can be deleted. Note that only the visual aspects of these functions are rendered. The implementation of the functions need to be defined separately with javascript (See <a href=\"https://github.com/RubaXa/Sortable\" target=\"_blank\">Sortable</a> for more details).\r\n\r\nAll list styles have the field `id_prefix` which is required to prevent interference if multiple lists of the same type are used on the same page. Further, each list style has the field `items` which allows to specify the items to be rendered in the list. Note that the field `items` is of type `json` and requires\r\n1. valid json syntax (see https://www.json.org/)\r\n2. a json field `id` and `title` for each item where\r\n  - `id` is a unique number identifying the item\r\n  - `title` is the name of the item to be rendered\r\n\r\nOptionally, all lists support the field `url` in each item which allows to specify the target link of an item.\r\n\r\nThe style `accordionList` and `nestedList` are nested lists. Hence, each item can have the field `children` which can hold multiple items. Further, both these lists support the field `id_active` which allows to specify which item is set as active.\r\n\r\nAn example of a nested json object is given in the following. Use this example and modify it according to your needs:\r\n\r\n```\r\n[{\r\n  \"id\": 1,\r\n  \"title\": \"Item1\",\r\n  \"children\": [\r\n     {\r\n       \"id\": 2,\r\n       \"title\": \"Item1.1\"\r\n     },\r\n     {\r\n       \"id\": 3,\r\n       \"title\": \"Item1.2\"\r\n     },\r\n  ]\r\n},\r\n{\r\n  \"id\": 4,\r\n  \"title\": \"Item2\"\r\n},\r\n{\r\n  \"id\": 5,\r\n  \"title\": \"Item3\"\r\n}]\r\n```'),
(0000000347, 0000000025, 0000000003, 0000000002, ''),
(0000000348, 0000000023, 0000000001, 0000000001, ''),
(0000000348, 0000000025, 0000000002, 0000000001, ''),
(0000000348, 0000000025, 0000000002, 0000000002, ''),
(0000000348, 0000000025, 0000000003, 0000000001, '# SelfHelp Demo\r\n\r\nThis web page serves as a documentation of the available styles that can be used to render content.'),
(0000000348, 0000000025, 0000000003, 0000000002, ''),
(0000000349, 0000000022, 0000000002, 0000000001, ''),
(0000000349, 0000000022, 0000000002, 0000000002, ''),
(0000000349, 0000000022, 0000000003, 0000000001, 'Accordion List'),
(0000000349, 0000000022, 0000000003, 0000000002, ''),
(0000000349, 0000000023, 0000000001, 0000000001, 'mb-3'),
(0000000349, 0000000028, 0000000001, 0000000001, 'light'),
(0000000349, 0000000046, 0000000001, 0000000001, '0'),
(0000000349, 0000000047, 0000000001, 0000000001, '0'),
(0000000349, 0000000048, 0000000001, 0000000001, ''),
(0000000350, 0000000023, 0000000001, 0000000001, ''),
(0000000350, 0000000025, 0000000002, 0000000001, ''),
(0000000350, 0000000025, 0000000002, 0000000002, ''),
(0000000350, 0000000025, 0000000003, 0000000001, 'An accordion list is a hierarchical list where the root level is rendered as an accordion whith only one root item expanded at a time.\r\n\r\nEach root item can be prefixed with a label which can be defined by the field `title_prefix`.'),
(0000000350, 0000000025, 0000000003, 0000000002, ''),
(0000000351, 0000000023, 0000000001, 0000000001, ''),
(0000000351, 0000000031, 0000000002, 0000000001, ''),
(0000000351, 0000000031, 0000000002, 0000000002, ''),
(0000000351, 0000000031, 0000000003, 0000000001, 'TitlePrefix'),
(0000000351, 0000000031, 0000000003, 0000000002, ''),
(0000000351, 0000000066, 0000000002, 0000000001, ''),
(0000000351, 0000000066, 0000000002, 0000000002, ''),
(0000000351, 0000000066, 0000000003, 0000000001, '[{\r\n  \"id\": 1,\r\n  \"title\": \"Item1\",\r\n  \"children\": [{\r\n     \"id\": 2,\r\n     \"title\": \"Item1.1\"\r\n  },\r\n  {\r\n    \"id\": 3,\r\n    \"title\": \"Item1.2\",\r\n    \"children\": [{\r\n      \"id\": 4,\r\n      \"title\": \"Item1.2.1\"\r\n    }]\r\n  }]\r\n},\r\n{\r\n  \"id\": 5,\r\n  \"title\": \"Item2\",\r\n  \"children\": [{\r\n     \"id\": 5,\r\n     \"title\": \"Item2.1\"\r\n  }]\r\n},\r\n{\r\n  \"id\": 6,\r\n  \"title\": \"Item3\",\r\n  \"children\": [{\r\n     \"id\": 7,\r\n     \"title\": \"Item3.1\"\r\n  }]\r\n}]'),
(0000000351, 0000000066, 0000000003, 0000000002, ''),
(0000000351, 0000000072, 0000000002, 0000000001, ''),
(0000000351, 0000000072, 0000000002, 0000000002, ''),
(0000000351, 0000000072, 0000000003, 0000000001, ''),
(0000000351, 0000000072, 0000000003, 0000000002, ''),
(0000000351, 0000000083, 0000000001, 0000000001, ''),
(0000000351, 0000000084, 0000000001, 0000000001, '4'),
(0000000352, 0000000022, 0000000002, 0000000001, ''),
(0000000352, 0000000022, 0000000002, 0000000002, ''),
(0000000352, 0000000022, 0000000003, 0000000001, 'Accordion List'),
(0000000352, 0000000022, 0000000003, 0000000002, ''),
(0000000352, 0000000023, 0000000001, 0000000001, ''),
(0000000352, 0000000025, 0000000003, 0000000001, '# @title'),
(0000000354, 0000000023, 0000000001, 0000000001, ''),
(0000000354, 0000000025, 0000000002, 0000000001, ''),
(0000000354, 0000000025, 0000000002, 0000000002, ''),
(0000000354, 0000000025, 0000000003, 0000000001, 'The following example of an accordionList can be created with the json string:\r\n\r\n```\r\n[{\r\n  \"id\": 1,\r\n  \"title\": \"Item1\",\r\n  \"children\": [{\r\n     \"id\": 2,\r\n     \"title\": \"Item1.1\"\r\n  },\r\n  {\r\n    \"id\": 3,\r\n    \"title\": \"Item1.2\",\r\n    \"children\": [{\r\n      \"id\": 4,\r\n      \"title\": \"Item1.2.1\"\r\n    }]\r\n  }]\r\n},\r\n{\r\n  \"id\": 5,\r\n  \"title\": \"Item2\",\r\n  \"children\": [{\r\n     \"id\": 5,\r\n     \"title\": \"Item2.1\"\r\n  }]\r\n},\r\n{\r\n  \"id\": 6,\r\n  \"title\": \"Item3\",\r\n  \"children\": [{\r\n     \"id\": 7,\r\n     \"title\": \"Item3.1\"\r\n  }]\r\n}]\r\n```'),
(0000000354, 0000000025, 0000000003, 0000000002, ''),
(0000000355, 0000000022, 0000000002, 0000000001, ''),
(0000000355, 0000000022, 0000000002, 0000000002, ''),
(0000000355, 0000000022, 0000000003, 0000000001, 'Accrodion List with Links'),
(0000000355, 0000000022, 0000000003, 0000000002, ''),
(0000000355, 0000000023, 0000000001, 0000000001, 'mb-3'),
(0000000355, 0000000028, 0000000001, 0000000001, 'light'),
(0000000355, 0000000046, 0000000001, 0000000001, '0'),
(0000000355, 0000000047, 0000000001, 0000000001, '0'),
(0000000355, 0000000048, 0000000001, 0000000001, ''),
(0000000356, 0000000023, 0000000001, 0000000001, ''),
(0000000356, 0000000025, 0000000002, 0000000001, ''),
(0000000356, 0000000025, 0000000002, 0000000002, ''),
(0000000356, 0000000025, 0000000003, 0000000001, 'If list items have the field `url` defined the items become links. As the root items are rendered as headings a link symbol is appened instead.\r\n\r\n```\r\n[{\r\n  \"id\": 1,\r\n  \"title\": \"Item1\",\r\n  \"url\": \"#\",\r\n  \"children\": [{\r\n      \"id\": 2,\r\n      \"title\": \"Item1.1\"\r\n    },\r\n    {\r\n      \"id\": 3,\r\n      \"title\": \"Item1.2\",\r\n      \"children\": [{\r\n          \"id\": 4,\r\n          \"title\": \"Item1.2.1\",\r\n          \"url\": \"#\"\r\n        }]\r\n    }]\r\n},\r\n{\r\n  \"id\": 5,\r\n  \"title\": \"Item2\",\r\n  \"url\": \"#\",\r\n  \"children\": [{\r\n       \"id\": 5,\r\n       \"title\": \"Item2.1\"\r\n    }]\r\n},\r\n{\r\n  \"id\": 6,\r\n  \"title\": \"Item3\",\r\n  \"children\": [{\r\n       \"id\": 7,\r\n       \"title\": \"Item3.1\",\r\n       \"url\": \"#\"\r\n    }]\r\n}]\r\n```'),
(0000000356, 0000000025, 0000000003, 0000000002, ''),
(0000000357, 0000000023, 0000000001, 0000000001, ''),
(0000000357, 0000000031, 0000000002, 0000000001, ''),
(0000000357, 0000000031, 0000000002, 0000000002, ''),
(0000000357, 0000000031, 0000000003, 0000000001, ''),
(0000000357, 0000000031, 0000000003, 0000000002, ''),
(0000000357, 0000000066, 0000000002, 0000000001, ''),
(0000000357, 0000000066, 0000000002, 0000000002, ''),
(0000000357, 0000000066, 0000000003, 0000000001, '[{\r\n  \"id\": 1,\r\n  \"title\": \"Item1\",\r\n  \"url\": \"#\",\r\n  \"children\": [{\r\n      \"id\": 2,\r\n      \"title\": \"Item1.1\"\r\n    },\r\n    {\r\n      \"id\": 3,\r\n      \"title\": \"Item1.2\",\r\n      \"children\": [{\r\n          \"id\": 4,\r\n          \"title\": \"Item1.2.1\",\r\n          \"url\": \"#\"\r\n        }]\r\n    }]\r\n},\r\n{\r\n  \"id\": 5,\r\n  \"title\": \"Item2\",\r\n  \"url\": \"#\",\r\n  \"children\": [{\r\n       \"id\": 5,\r\n       \"title\": \"Item2.1\"\r\n    }]\r\n},\r\n{\r\n  \"id\": 6,\r\n  \"title\": \"Item3\",\r\n  \"children\": [{\r\n       \"id\": 7,\r\n       \"title\": \"Item3.1\",\r\n       \"url\": \"#\"\r\n    }]\r\n}]'),
(0000000357, 0000000066, 0000000003, 0000000002, ''),
(0000000357, 0000000072, 0000000002, 0000000001, ''),
(0000000357, 0000000072, 0000000002, 0000000002, ''),
(0000000357, 0000000072, 0000000003, 0000000001, ''),
(0000000357, 0000000072, 0000000003, 0000000002, ''),
(0000000357, 0000000083, 0000000001, 0000000001, 'accordion-link'),
(0000000357, 0000000084, 0000000001, 0000000001, '4'),
(0000000358, 0000000022, 0000000002, 0000000001, ''),
(0000000358, 0000000022, 0000000002, 0000000002, ''),
(0000000358, 0000000022, 0000000003, 0000000001, 'Accordion List without Link Symbol'),
(0000000358, 0000000022, 0000000003, 0000000002, ''),
(0000000358, 0000000023, 0000000001, 0000000001, ''),
(0000000358, 0000000028, 0000000001, 0000000001, 'light'),
(0000000358, 0000000046, 0000000001, 0000000001, '0'),
(0000000358, 0000000047, 0000000001, 0000000001, '0'),
(0000000358, 0000000048, 0000000001, 0000000001, ''),
(0000000359, 0000000023, 0000000001, 0000000001, ''),
(0000000359, 0000000025, 0000000002, 0000000001, ''),
(0000000359, 0000000025, 0000000002, 0000000002, ''),
(0000000359, 0000000025, 0000000003, 0000000001, 'As the root item is expandable, if it is a link it cannot be clicked itself. Therefore, by default a link symbol is appended. Alternatively, a new item can be introduced which links to the root item. The name of this new item is defined by the field `label_root`. Note that such an item is only rendered if the field `url` for the item is set.\r\n\r\nThe same example as above is used.'),
(0000000359, 0000000025, 0000000003, 0000000002, ''),
(0000000360, 0000000023, 0000000001, 0000000001, ''),
(0000000360, 0000000031, 0000000002, 0000000001, ''),
(0000000360, 0000000031, 0000000002, 0000000002, ''),
(0000000360, 0000000031, 0000000003, 0000000001, ''),
(0000000360, 0000000031, 0000000003, 0000000002, ''),
(0000000360, 0000000066, 0000000002, 0000000001, ''),
(0000000360, 0000000066, 0000000002, 0000000002, ''),
(0000000360, 0000000066, 0000000003, 0000000001, '[{\r\n  \"id\": 1,\r\n  \"title\": \"Item1\",\r\n  \"url\": \"#\",\r\n  \"children\": [{\r\n      \"id\": 2,\r\n      \"title\": \"Item1.1\"\r\n    },\r\n    {\r\n      \"id\": 3,\r\n      \"title\": \"Item1.2\",\r\n      \"children\": [{\r\n          \"id\": 4,\r\n          \"title\": \"Item1.2.1\",\r\n          \"url\": \"#\"\r\n        }]\r\n    }]\r\n},\r\n{\r\n  \"id\": 5,\r\n  \"title\": \"Item2\",\r\n  \"url\": \"#\",\r\n  \"children\": [{\r\n       \"id\": 5,\r\n       \"title\": \"Item2.1\"\r\n    }]\r\n},\r\n{\r\n  \"id\": 6,\r\n  \"title\": \"Item3\",\r\n  \"children\": [{\r\n       \"id\": 7,\r\n       \"title\": \"Item3.1\",\r\n       \"url\": \"#\"\r\n    }]\r\n}]'),
(0000000360, 0000000066, 0000000003, 0000000002, ''),
(0000000360, 0000000072, 0000000002, 0000000001, ''),
(0000000360, 0000000072, 0000000002, 0000000002, ''),
(0000000360, 0000000072, 0000000003, 0000000001, 'LabelRoot'),
(0000000360, 0000000072, 0000000003, 0000000002, ''),
(0000000360, 0000000083, 0000000001, 0000000001, 'accordion-root'),
(0000000362, 0000000022, 0000000002, 0000000001, ''),
(0000000362, 0000000022, 0000000002, 0000000002, ''),
(0000000362, 0000000022, 0000000003, 0000000001, 'Nested List'),
(0000000362, 0000000022, 0000000003, 0000000002, ''),
(0000000362, 0000000023, 0000000001, 0000000001, ''),
(0000000362, 0000000025, 0000000003, 0000000001, '# @title'),
(0000000363, 0000000022, 0000000002, 0000000001, ''),
(0000000363, 0000000022, 0000000002, 0000000002, ''),
(0000000363, 0000000022, 0000000003, 0000000001, 'Sortable List'),
(0000000363, 0000000022, 0000000003, 0000000002, ''),
(0000000363, 0000000023, 0000000001, 0000000001, ''),
(0000000363, 0000000025, 0000000003, 0000000001, '# @title'),
(0000000364, 0000000023, 0000000001, 0000000001, ''),
(0000000364, 0000000025, 0000000002, 0000000001, ''),
(0000000364, 0000000025, 0000000002, 0000000002, ''),
(0000000364, 0000000025, 0000000003, 0000000001, 'A nested list is a hierarchical list where each root item item can be collapsed and expanded by clicking on a chevron. The following examples all use the same json configuration (field `items`):\r\n\r\n```\r\n[{\r\n  \"id\": 1,\r\n  \"title\": \"Item1\",\r\n  \"url\": \"#\",\r\n  \"children\": [{\r\n      \"id\": 2,\r\n      \"title\": \"Item1.1\"\r\n    },\r\n    {\r\n      \"id\": 3,\r\n      \"title\": \"Item1.2\",\r\n      \"children\": [{\r\n          \"id\": 4,\r\n          \"title\": \"Item1.2.1\",\r\n          \"url\": \"#\"\r\n        }]\r\n    }]\r\n},\r\n{\r\n  \"id\": 5,\r\n  \"title\": \"Item2\",\r\n  \"url\": \"#\",\r\n  \"children\": [{\r\n       \"id\": 5,\r\n       \"title\": \"Item2.1\"\r\n    }]\r\n},\r\n{\r\n  \"id\": 6,\r\n  \"title\": \"Item3\",\r\n  \"children\": [{\r\n       \"id\": 7,\r\n       \"title\": \"Item3.1\",\r\n       \"url\": \"#\"\r\n    }]\r\n}]\r\n```\r\n\r\nTo make this style responsive the field `title_prefix` can be used.\r\nIf this is set to something else than the empty string the list will be collapsed on smaller screens and this string will be prefixed to the selected item.'),
(0000000364, 0000000025, 0000000003, 0000000002, ''),
(0000000365, 0000000022, 0000000002, 0000000001, ''),
(0000000365, 0000000022, 0000000002, 0000000002, ''),
(0000000365, 0000000022, 0000000003, 0000000001, 'Nested List'),
(0000000365, 0000000022, 0000000003, 0000000002, ''),
(0000000365, 0000000023, 0000000001, 0000000001, 'mb-3'),
(0000000365, 0000000028, 0000000001, 0000000001, 'light'),
(0000000365, 0000000046, 0000000001, 0000000001, '0'),
(0000000365, 0000000047, 0000000001, 0000000001, '0'),
(0000000365, 0000000048, 0000000001, 0000000001, ''),
(0000000366, 0000000022, 0000000002, 0000000001, ''),
(0000000366, 0000000022, 0000000002, 0000000002, ''),
(0000000366, 0000000022, 0000000003, 0000000001, 'Nested List with Search Field'),
(0000000366, 0000000022, 0000000003, 0000000002, ''),
(0000000366, 0000000023, 0000000001, 0000000001, 'mb-3'),
(0000000366, 0000000028, 0000000001, 0000000001, 'light'),
(0000000366, 0000000046, 0000000001, 0000000001, '0'),
(0000000366, 0000000047, 0000000001, 0000000001, '0'),
(0000000366, 0000000048, 0000000001, 0000000001, ''),
(0000000367, 0000000022, 0000000002, 0000000001, ''),
(0000000367, 0000000022, 0000000002, 0000000002, ''),
(0000000367, 0000000022, 0000000003, 0000000001, 'Static Nested List'),
(0000000367, 0000000022, 0000000003, 0000000002, ''),
(0000000367, 0000000023, 0000000001, 0000000001, 'mb-3'),
(0000000367, 0000000028, 0000000001, 0000000001, 'light'),
(0000000367, 0000000046, 0000000001, 0000000001, '0'),
(0000000367, 0000000047, 0000000001, 0000000001, '0'),
(0000000367, 0000000048, 0000000001, 0000000001, ''),
(0000000368, 0000000023, 0000000001, 0000000001, ''),
(0000000368, 0000000025, 0000000002, 0000000001, ''),
(0000000368, 0000000025, 0000000002, 0000000002, ''),
(0000000368, 0000000025, 0000000003, 0000000001, 'By default every root item is collapsed such that the chevron next to it must be clicked to expand. The field `is_expanded` changes this default behaviour such that every item is expanded.'),
(0000000368, 0000000025, 0000000003, 0000000002, ''),
(0000000369, 0000000023, 0000000001, 0000000001, ''),
(0000000369, 0000000046, 0000000001, 0000000001, '0'),
(0000000369, 0000000047, 0000000001, 0000000001, '1'),
(0000000369, 0000000066, 0000000002, 0000000001, ''),
(0000000369, 0000000066, 0000000002, 0000000002, ''),
(0000000369, 0000000066, 0000000003, 0000000001, '[{\r\n  \"id\": 1,\r\n  \"title\": \"Item1\",\r\n  \"url\": \"#\",\r\n  \"children\": [{\r\n      \"id\": 2,\r\n      \"title\": \"Item1.1\"\r\n    },\r\n    {\r\n      \"id\": 3,\r\n      \"title\": \"Item1.2\",\r\n      \"children\": [{\r\n          \"id\": 4,\r\n          \"title\": \"Item1.2.1\",\r\n          \"url\": \"#\"\r\n        }]\r\n    }]\r\n},\r\n{\r\n  \"id\": 5,\r\n  \"title\": \"Item2\",\r\n  \"url\": \"#\",\r\n  \"children\": [{\r\n       \"id\": 5,\r\n       \"title\": \"Item2.1\"\r\n    }]\r\n},\r\n{\r\n  \"id\": 6,\r\n  \"title\": \"Item3\",\r\n  \"children\": [{\r\n       \"id\": 7,\r\n       \"title\": \"Item3.1\",\r\n       \"url\": \"#\"\r\n    }]\r\n}]'),
(0000000369, 0000000066, 0000000003, 0000000002, ''),
(0000000369, 0000000077, 0000000002, 0000000001, ''),
(0000000369, 0000000077, 0000000002, 0000000002, ''),
(0000000369, 0000000077, 0000000003, 0000000001, 'Search'),
(0000000369, 0000000077, 0000000003, 0000000002, ''),
(0000000369, 0000000083, 0000000001, 0000000001, 'search-nested'),
(0000000369, 0000000084, 0000000001, 0000000001, '4'),
(0000000370, 0000000023, 0000000001, 0000000001, ''),
(0000000370, 0000000025, 0000000002, 0000000001, ''),
(0000000370, 0000000025, 0000000002, 0000000002, ''),
(0000000370, 0000000025, 0000000003, 0000000001, 'If the field `search_text` is set a search bar appears on top of the list which allows to search for a specific item. The text of the field `search_text` is used as a placeholder in the search input field.'),
(0000000370, 0000000025, 0000000003, 0000000002, ''),
(0000000371, 0000000023, 0000000001, 0000000001, ''),
(0000000371, 0000000046, 0000000001, 0000000001, '1'),
(0000000371, 0000000047, 0000000001, 0000000001, '1'),
(0000000371, 0000000066, 0000000002, 0000000001, ''),
(0000000371, 0000000066, 0000000002, 0000000002, ''),
(0000000371, 0000000066, 0000000003, 0000000001, '[{\r\n  \"id\": 1,\r\n  \"title\": \"Item1\",\r\n  \"url\": \"#\",\r\n  \"children\": [{\r\n      \"id\": 2,\r\n      \"title\": \"Item1.1\"\r\n    },\r\n    {\r\n      \"id\": 3,\r\n      \"title\": \"Item1.2\",\r\n      \"children\": [{\r\n          \"id\": 4,\r\n          \"title\": \"Item1.2.1\",\r\n          \"url\": \"#\"\r\n        }]\r\n    }]\r\n},\r\n{\r\n  \"id\": 5,\r\n  \"title\": \"Item2\",\r\n  \"url\": \"#\",\r\n  \"children\": [{\r\n       \"id\": 5,\r\n       \"title\": \"Item2.1\"\r\n    }]\r\n},\r\n{\r\n  \"id\": 6,\r\n  \"title\": \"Item3\",\r\n  \"children\": [{\r\n       \"id\": 7,\r\n       \"title\": \"Item3.1\",\r\n       \"url\": \"#\"\r\n    }]\r\n}]'),
(0000000371, 0000000066, 0000000003, 0000000002, ''),
(0000000371, 0000000077, 0000000002, 0000000001, ''),
(0000000371, 0000000077, 0000000002, 0000000002, ''),
(0000000371, 0000000077, 0000000003, 0000000001, ''),
(0000000371, 0000000077, 0000000003, 0000000002, ''),
(0000000371, 0000000083, 0000000001, 0000000001, 'nested'),
(0000000371, 0000000084, 0000000001, 0000000001, '3'),
(0000000372, 0000000023, 0000000001, 0000000001, ''),
(0000000372, 0000000025, 0000000002, 0000000001, ''),
(0000000372, 0000000025, 0000000002, 0000000002, ''),
(0000000372, 0000000025, 0000000003, 0000000001, 'If required, the field `is_collapsible` can be unchecked to prevent the chevrons from being rendered. This can be useful if the list has no hierarchy as the horizontal spacing will be reduced. Note that the field `is_expanded` is ignored when `is_collapsible` is not set.'),
(0000000372, 0000000025, 0000000003, 0000000002, ''),
(0000000373, 0000000023, 0000000001, 0000000001, ''),
(0000000373, 0000000046, 0000000001, 0000000001, '0'),
(0000000373, 0000000047, 0000000001, 0000000001, '0'),
(0000000373, 0000000066, 0000000002, 0000000001, ''),
(0000000373, 0000000066, 0000000002, 0000000002, ''),
(0000000373, 0000000066, 0000000003, 0000000001, '[{\r\n  \"id\": 1,\r\n  \"title\": \"Item1\",\r\n  \"url\": \"#\",\r\n  \"children\": [{\r\n      \"id\": 2,\r\n      \"title\": \"Item1.1\"\r\n    },\r\n    {\r\n      \"id\": 3,\r\n      \"title\": \"Item1.2\",\r\n      \"children\": [{\r\n          \"id\": 4,\r\n          \"title\": \"Item1.2.1\",\r\n          \"url\": \"#\"\r\n        }]\r\n    }]\r\n},\r\n{\r\n  \"id\": 5,\r\n  \"title\": \"Item2\",\r\n  \"url\": \"#\",\r\n  \"children\": [{\r\n       \"id\": 5,\r\n       \"title\": \"Item2.1\"\r\n    }]\r\n},\r\n{\r\n  \"id\": 6,\r\n  \"title\": \"Item3\",\r\n  \"children\": [{\r\n       \"id\": 7,\r\n       \"title\": \"Item3.1\",\r\n       \"url\": \"#\"\r\n    }]\r\n}]'),
(0000000373, 0000000066, 0000000003, 0000000002, ''),
(0000000373, 0000000077, 0000000002, 0000000001, ''),
(0000000373, 0000000077, 0000000002, 0000000002, ''),
(0000000373, 0000000077, 0000000003, 0000000001, ''),
(0000000373, 0000000077, 0000000003, 0000000002, ''),
(0000000373, 0000000083, 0000000001, 0000000001, 'static-nested'),
(0000000373, 0000000084, 0000000001, 0000000001, '4'),
(0000000374, 0000000023, 0000000001, 0000000001, ''),
(0000000374, 0000000025, 0000000002, 0000000001, ''),
(0000000374, 0000000025, 0000000002, 0000000002, ''),
(0000000374, 0000000025, 0000000003, 0000000001, 'A sortable list is not hierarchical but can be sorted, new items can be added as well as items can be deleted. Note that only the visual aspects of these functions are rendered. The implementation of the functions need to be defined seperately (see [Sortable](https://github.com/RubaXa/Sortable) for more details).\r\n\r\nThe style field `is_editable` allows to enable or disable all modifications on the list. This means that the configuration for sorting, adding and deleting items only has an effect if `is_editable` is enabled.\r\n\r\nNote that the json field `children` is not supported for sortable list items. Also note that an individual css class can be attached to each item with the json field `css`. This is useful for ignoring or blocking items when dragging (see [Sortable](https://github.com/RubaXa/Sortable) for more details).\r\n\r\nFor the all examples the following json configuration is used:\r\n\r\n\r\n```\r\n[{\r\n  \"id\": 1,\r\n  \"title\": \"Item 1\"\r\n},{\r\n  \"id\": 2,\r\n  \"title\": \"Item 2\",\r\n  \"url\": \"#\",\r\n  \"css\": \"custom\"\r\n},{\r\n  \"id\": 3,\r\n  \"title\": \"Item 3\"\r\n}]\r\n```'),
(0000000374, 0000000025, 0000000003, 0000000002, ''),
(0000000375, 0000000022, 0000000002, 0000000001, ''),
(0000000375, 0000000022, 0000000002, 0000000002, ''),
(0000000375, 0000000022, 0000000003, 0000000001, 'Sortable List'),
(0000000375, 0000000022, 0000000003, 0000000002, ''),
(0000000375, 0000000023, 0000000001, 0000000001, 'mb-3'),
(0000000375, 0000000028, 0000000001, 0000000001, 'light'),
(0000000375, 0000000046, 0000000001, 0000000001, '0'),
(0000000375, 0000000047, 0000000001, 0000000001, '0'),
(0000000375, 0000000048, 0000000001, 0000000001, ''),
(0000000376, 0000000022, 0000000002, 0000000001, ''),
(0000000376, 0000000022, 0000000002, 0000000002, ''),
(0000000376, 0000000022, 0000000003, 0000000001, 'Sortable List with Add Button'),
(0000000376, 0000000022, 0000000003, 0000000002, ''),
(0000000376, 0000000023, 0000000001, 0000000001, 'mb-3'),
(0000000376, 0000000028, 0000000001, 0000000001, 'light'),
(0000000376, 0000000046, 0000000001, 0000000001, '0'),
(0000000376, 0000000047, 0000000001, 0000000001, '0'),
(0000000376, 0000000048, 0000000001, 0000000001, ''),
(0000000377, 0000000022, 0000000002, 0000000001, ''),
(0000000377, 0000000022, 0000000002, 0000000002, ''),
(0000000377, 0000000022, 0000000003, 0000000001, 'Sortable List with Delete Buttons'),
(0000000377, 0000000022, 0000000003, 0000000002, ''),
(0000000377, 0000000023, 0000000001, 0000000001, ''),
(0000000377, 0000000028, 0000000001, 0000000001, 'light'),
(0000000377, 0000000046, 0000000001, 0000000001, '0'),
(0000000377, 0000000047, 0000000001, 0000000001, '0'),
(0000000377, 0000000048, 0000000001, 0000000001, ''),
(0000000378, 0000000023, 0000000001, 0000000001, ''),
(0000000378, 0000000025, 0000000002, 0000000001, ''),
(0000000378, 0000000025, 0000000002, 0000000002, ''),
(0000000378, 0000000025, 0000000003, 0000000001, 'In this example the fields `is_sortable` and `is_editable` are both enabled. Note that in order to use the sortable functionality some javascript is required (see [Sortable](https://github.com/RubaXa/Sortable) for more details).'),
(0000000378, 0000000025, 0000000003, 0000000002, ''),
(0000000379, 0000000023, 0000000001, 0000000001, 'mb-3'),
(0000000379, 0000000066, 0000000002, 0000000001, ''),
(0000000379, 0000000066, 0000000002, 0000000002, ''),
(0000000379, 0000000066, 0000000003, 0000000001, '[{\r\n  \"id\": 1,\r\n  \"title\": \"Item 1\"\r\n},{\r\n  \"id\": 2,\r\n  \"title\": \"Item 2\",\r\n  \"url\": \"#\",\r\n  \"css\": \"custom\"\r\n},{\r\n  \"id\": 3,\r\n  \"title\": \"Item 3\"\r\n}]'),
(0000000379, 0000000066, 0000000003, 0000000002, ''),
(0000000379, 0000000078, 0000000001, 0000000001, '1'),
(0000000379, 0000000079, 0000000001, 0000000001, '1'),
(0000000379, 0000000080, 0000000001, 0000000001, ''),
(0000000379, 0000000081, 0000000002, 0000000001, ''),
(0000000379, 0000000081, 0000000002, 0000000002, ''),
(0000000379, 0000000081, 0000000003, 0000000001, ''),
(0000000379, 0000000081, 0000000003, 0000000002, ''),
(0000000379, 0000000082, 0000000001, 0000000001, '');
INSERT INTO `sections_fields_translation` (`id_sections`, `id_fields`, `id_languages`, `id_genders`, `content`) VALUES
(0000000380, 0000000023, 0000000001, 0000000001, ''),
(0000000380, 0000000025, 0000000002, 0000000001, ''),
(0000000380, 0000000025, 0000000002, 0000000002, ''),
(0000000380, 0000000025, 0000000003, 0000000001, 'In this example the field `is_editable` is disabled. Note that links are only shown when not in sorting mode.'),
(0000000380, 0000000025, 0000000003, 0000000002, ''),
(0000000381, 0000000023, 0000000001, 0000000001, ''),
(0000000381, 0000000066, 0000000002, 0000000001, ''),
(0000000381, 0000000066, 0000000002, 0000000002, ''),
(0000000381, 0000000066, 0000000003, 0000000001, '[{\r\n  \"id\": 1,\r\n  \"title\": \"Item 1\"\r\n},{\r\n  \"id\": 2,\r\n  \"title\": \"Item 2\",\r\n  \"url\": \"#\",\r\n  \"css\": \"custom\"\r\n},{\r\n  \"id\": 3,\r\n  \"title\": \"Item 3\"\r\n}]'),
(0000000381, 0000000066, 0000000003, 0000000002, ''),
(0000000381, 0000000078, 0000000001, 0000000001, '0'),
(0000000381, 0000000079, 0000000001, 0000000001, '0'),
(0000000381, 0000000080, 0000000001, 0000000001, ''),
(0000000381, 0000000081, 0000000002, 0000000001, ''),
(0000000381, 0000000081, 0000000002, 0000000002, ''),
(0000000381, 0000000081, 0000000003, 0000000001, ''),
(0000000381, 0000000081, 0000000003, 0000000002, ''),
(0000000381, 0000000082, 0000000001, 0000000001, ''),
(0000000382, 0000000023, 0000000001, 0000000001, ''),
(0000000382, 0000000025, 0000000002, 0000000001, ''),
(0000000382, 0000000025, 0000000002, 0000000002, ''),
(0000000382, 0000000025, 0000000003, 0000000001, 'If the field `url_add` is non-empty, a button is rendered with the label as defined by the field `label_add` (which defaults to the text **Add**) and the link target as defined by the field `url_add`.\r\nNote that the field `is_editable` must be enbled.'),
(0000000382, 0000000025, 0000000003, 0000000002, ''),
(0000000383, 0000000023, 0000000001, 0000000001, ''),
(0000000383, 0000000066, 0000000002, 0000000001, ''),
(0000000383, 0000000066, 0000000002, 0000000002, ''),
(0000000383, 0000000066, 0000000003, 0000000001, '[{\r\n  \"id\": 1,\r\n  \"title\": \"Item 1\"\r\n},{\r\n  \"id\": 2,\r\n  \"title\": \"Item 2\",\r\n  \"url\": \"#\",\r\n  \"css\": \"custom\"\r\n},{\r\n  \"id\": 3,\r\n  \"title\": \"Item 3\"\r\n}]'),
(0000000383, 0000000066, 0000000003, 0000000002, ''),
(0000000383, 0000000078, 0000000001, 0000000001, '0'),
(0000000383, 0000000079, 0000000001, 0000000001, '1'),
(0000000383, 0000000080, 0000000001, 0000000001, ''),
(0000000383, 0000000081, 0000000002, 0000000001, ''),
(0000000383, 0000000081, 0000000002, 0000000002, ''),
(0000000383, 0000000081, 0000000003, 0000000001, ''),
(0000000383, 0000000081, 0000000003, 0000000002, ''),
(0000000383, 0000000082, 0000000001, 0000000001, '#'),
(0000000384, 0000000023, 0000000001, 0000000001, ''),
(0000000384, 0000000025, 0000000002, 0000000001, ''),
(0000000384, 0000000025, 0000000002, 0000000002, ''),
(0000000384, 0000000025, 0000000003, 0000000001, 'If the field `url_del` is non-empty, on each item a delte button is rendered with a link target as defined by the field `url_del`. Note that the field `is_editable` must be enbled.'),
(0000000384, 0000000025, 0000000003, 0000000002, ''),
(0000000385, 0000000023, 0000000001, 0000000001, ''),
(0000000385, 0000000066, 0000000002, 0000000001, ''),
(0000000385, 0000000066, 0000000002, 0000000002, ''),
(0000000385, 0000000066, 0000000003, 0000000001, '[{\r\n  \"id\": 1,\r\n  \"title\": \"Item 1\"\r\n},{\r\n  \"id\": 2,\r\n  \"title\": \"Item 2\",\r\n  \"url\": \"#\",\r\n  \"css\": \"custom\"\r\n},{\r\n  \"id\": 3,\r\n  \"title\": \"Item 3\"\r\n}]'),
(0000000385, 0000000066, 0000000003, 0000000002, ''),
(0000000385, 0000000078, 0000000001, 0000000001, '0'),
(0000000385, 0000000079, 0000000001, 0000000001, '1'),
(0000000385, 0000000080, 0000000001, 0000000001, '#'),
(0000000385, 0000000081, 0000000002, 0000000001, ''),
(0000000385, 0000000081, 0000000002, 0000000002, ''),
(0000000385, 0000000081, 0000000003, 0000000001, ''),
(0000000385, 0000000081, 0000000003, 0000000002, ''),
(0000000385, 0000000082, 0000000001, 0000000001, ''),
(0000000386, 0000000008, 0000000002, 0000000001, 'Zum Login'),
(0000000386, 0000000008, 0000000002, 0000000002, ''),
(0000000386, 0000000008, 0000000003, 0000000001, 'To Login'),
(0000000386, 0000000008, 0000000003, 0000000002, ''),
(0000000386, 0000000023, 0000000001, 0000000001, ''),
(0000000386, 0000000027, 0000000001, 0000000001, '#login'),
(0000000386, 0000000028, 0000000001, 0000000001, 'primary'),
(0000000387, 0000000023, 0000000001, 0000000001, ''),
(0000000387, 0000000025, 0000000002, 0000000001, ''),
(0000000387, 0000000025, 0000000002, 0000000002, ''),
(0000000387, 0000000025, 0000000003, 0000000001, '# SelfHelp WebApp Documentation\r\n\r\nThis demo page serves the purpose of documenting the SelfHelp WebApp.\r\nUse [this tutorial](!%tutorial.pdf) as a guide for some first steps to create a new WebApp.\r\nFurther, the page includes a demonstration of available [styles](#styles), provides information about the [server configuration](#configs), and gives some hints as to how the app can be [extended programatically](#extend).\r\n\r\nThe complete documentation of the source code is accessible [here](!https://selfhelp.psy.unibe.ch/demo/doc/doxygen/html/index.html).'),
(0000000387, 0000000025, 0000000003, 0000000002, ''),
(0000000388, 0000000023, 0000000001, 0000000001, 'my-3'),
(0000000389, 0000000023, 0000000001, 0000000001, 'my-3'),
(0000000389, 0000000029, 0000000001, 0000000001, '0'),
(0000000390, 0000000023, 0000000001, 0000000001, ''),
(0000000391, 0000000023, 0000000001, 0000000001, ''),
(0000000391, 0000000025, 0000000002, 0000000001, ''),
(0000000391, 0000000025, 0000000002, 0000000002, ''),
(0000000391, 0000000025, 0000000003, 0000000001, '# Server Configuration\r\n\r\nTo configure some aspects of the server or create a new experiment the following documents might be of service.'),
(0000000391, 0000000025, 0000000003, 0000000002, ''),
(0000000392, 0000000023, 0000000001, 0000000001, 'my-3'),
(0000000392, 0000000029, 0000000001, 0000000001, '0'),
(0000000393, 0000000023, 0000000001, 0000000001, ''),
(0000000394, 0000000023, 0000000001, 0000000001, ''),
(0000000394, 0000000025, 0000000002, 0000000001, ''),
(0000000394, 0000000025, 0000000002, 0000000002, ''),
(0000000394, 0000000025, 0000000003, 0000000001, '# Extending the Code\r\n\r\nThe app is designed in such a way that it can be extended with new styles or custom components without having to modify existing code. '),
(0000000394, 0000000025, 0000000003, 0000000002, ''),
(0000000396, 0000000023, 0000000001, 0000000001, ''),
(0000000396, 0000000025, 0000000002, 0000000001, ''),
(0000000396, 0000000025, 0000000002, 0000000002, ''),
(0000000396, 0000000025, 0000000003, 0000000001, 'If the provided styles are not sufficient for your needs it is rather simple to create your own style. To create a new style carfully follow the steps listed below. Lets assume that the new style is called `myStyle`:\r\n\r\n##### 1. Create the Style Folder\r\nMake sure to create the new folder in the path `server/component/style/` and also make sure to give the new folder the name of the style:\r\n```\r\nmkdir sever/component/style/myStyle\r\n```\r\n##### 2. Create the Style Classes\r\nA style which is only used to represent simple data (no json) and has no input form fields only requires a view class. Such a simple style uses a generic model and component class and has no need for a controller class.\r\n\r\nThe view class must be defined in a seperate file which must be placed in the style folder. Make sure that the class file uses the name of the style (with a capital first letter), postfixed with `View.php`:\r\n```\r\ntouch server/component/style/myStyle/MyStyleView.php\r\n```\r\nIt is recommended to use an already existing style view class (e.g. `server/component/style/button/ButtonView.php`) and change it according to your needs.\r\n\r\nIt is a good practice to seperate `html` and `php` as much as possible.\r\nTherefore, all existing views use seperate \"template\" files (files that are prefixed with `tpl_`) which contain pure html structures, enriched with simple php echo statements or simple php function calls.\r\nIt is certainly possible to output html directly from php but such code is getting very hard to read and maintain very quickly.\r\n\r\nIf your style is more complex (i.e. some complex data manipulation or handling of user input) you will also need to create a component, a model, and a controller class:\r\n```\r\ntouch server/component/style/myStyle/MyStyleComponent.php\r\ntouch server/component/style/myStyle/MyStyleController.php\r\ntouch server/component/style/myStyle/MyStyleModel.php\r\n```\r\nAs an inspiration refer to the user validation style located in `server/component/style/validate/` and fimiliarize yourself with the [Model-View-Controller (MVC)](https://en.wikipedia.org/wiki/Model%E2%80%93view%E2%80%93controller) concept.\r\n\r\n##### 3. Add the Style to the Database\r\nFor being able to access the style `myStyle` from the CMS it has to be added to the database. This can be done with a simple query (in phpmyadmin or via command line):\r\n```\r\nINSERT INTO `styles` (`name`, `id_type`) VALUES (\'myStyle\', \'1\');\r\n```\r\nIf the style only provides a view class set the column `id_type` to \'1\'.\r\nIf the style provides its own component class set the column `id_type` to \'2\'.\r\n\r\n##### 4. Create new Style Fields in the Database\r\nThere are already several fields defined and it is always a good thing to consider reusing an already existing field instead of creating a new one. However, if none of the fields match your needs a new field has to be created:\r\n```\r\nINSERT INTO `fields` (`name`, `id_type`, `display`) VALUES (\'myField\', \'3\', \'1\');\r\n```\r\nThe column `id_type` is a foreign key of the table `fieldType` and must, therefore, match one of the existing types.\r\nThe column `display` is a flag that is either set to `1` or `0`.\r\nIf set to \'1\', the CMS will render a form field for every available language and gender for this field. If set to \'0\' the CMS from will only render one form field.\r\n\r\n##### 5. Associate Style Fields with the Style in the Database\r\nFinally, fields have to be associated to the new style:\r\n```\r\nINSERT INTO `styles_fields` (`id_styles`, `id_fields`) VALUES (\'id_style\', \'id_field_1\'), (\'id_style\', \'id_field_2\'), ...,  (\'id_style\', \'id_field_n\');\r\n```\r\nThe column `id_styles` must be set to the id of the newly created style and the column `id_fields` to the id of the field wich will be associated with the new style.'),
(0000000396, 0000000025, 0000000003, 0000000002, ''),
(0000000398, 0000000023, 0000000001, 0000000001, ''),
(0000000398, 0000000025, 0000000002, 0000000001, ''),
(0000000398, 0000000025, 0000000002, 0000000002, ''),
(0000000398, 0000000025, 0000000003, 0000000001, 'Conceptually, the app consists of the following elements:\r\n\r\n- `section`: A section is a piece of content that will be rendered to a page. A page can consist of a single section or can be composed of multiple sections. A section is always associated with a `style`.\r\n- `style`: A style defines the apperance of a section and specifies the type of content that can be assigned to a section. The content is specified through `fields`.\r\n- `field`: A field defines a specific bit of content that will be rendered within a section. Each style has a set of fields and the style template defines where these fields will be rendered. However, given that multiple sections can have the same styles, while the type of a field remains always the same, the content is specific for each section.\r\n- `component`: To seperate concerns the [Model-View-Controller (MVC)](https://en.wikipedia.org/wiki/Model%E2%80%93view%E2%80%93controller) pattern is used. In order to simplify the handling of this pattern components are introduced: A component combines a model, a view, and a controller into one class which allows to encapsulate the MVC pattern without losing the aspect of seperation. Every style is a component but a component must not necessarily be a style.\r\n- `page`: A page is the root element that is requested by the browser when connecting to a specific url. This means that a page is always associated to a unique `url` and has a unique name (called `keyword`).\r\nSeveral types of pages exist:\r\n  - **Section Page**: A section page is the most common type page. It is a collection of sections that are rendered one below the other.\r\nThe content of section pages can be modified in the CMS.\r\n  - **Navigation Page**: A navigation page is a special type of section page where only one section is rendered at a time.\r\nA set of root sections, or navigation sections, is assigned to a navigation page.\r\nAn id that is postfixed to the url indicates which section is rendered.\r\n  - **Component Page**: A component page renders one single custom component.\r\nThe name of the component to render is matched by the keyword of the page.\r\n  - **Custom Page**: A custom page renders whatever is defined by a function with the name `create_\'page_keyword\'_page()` where `\'page_keyword\'` is the keyword of the page.\r\nThis function must be defined in `index.php`.\r\n- `service`: A service is a collection of functionality that allows to manipulate certain aspects of the application. This includes a handler for database access, user permissions, link generation, user input, content parsing, etc.'),
(0000000398, 0000000025, 0000000003, 0000000002, ''),
(0000000400, 0000000023, 0000000001, 0000000001, ''),
(0000000400, 0000000025, 0000000002, 0000000001, ''),
(0000000400, 0000000025, 0000000002, 0000000002, ''),
(0000000400, 0000000025, 0000000003, 0000000001, 'There are several approaches to customizing the visual aspects of the WebApp.\r\n\r\n### Custom CSS and JS Files\r\nAll `*.css` and `*.js` files that are stored in the folders `css` and `js` of the root project directory are loaded automatically.\r\nConsequently, it is possible to add new stylesheets and javascript functionality without modifying existing code.\r\nNote that the files are loaded alphabetically but only **after** the main stylesheets of the application. This means that existing classes can be extended and overwritten.\r\n\r\nThe WebApp is based on the standard [Bootstrap](https://getbootstrap.com/docs/4.2/getting-started/introduction/) classes.\r\nThese classes can either be extended or overridden in custom css files because custom files are loaded only after the bootstrap stylesheet is loaded.\r\nIf, for eaxmple, the navigation bar should be bright red simply add\r\n```\r\n.navbar.bg-dark {\r\n    background-color: red !important;\r\n}\r\n\r\n```\r\nto a custom stylesheet and place the file in the `css` folder at the project root.\r\n\r\n### Customize Styles\r\nEach style has a field `CSS`.\r\nThe text that is defined in this field will be attached to the `class` attribute of the root html tag of the style.\r\nEither existing bootstrap classes can be used here or custom classes can be used which can further be specified in `css/main.css`.\r\nThis custom class in combination with [CSS selectors and combinators](https://developer.mozilla.org/en-US/docs/Learn/CSS/Introduction_to_CSS/Combinators_and_multiple_selectors) allows to keep a tight control over the style of a specific instance of a style.'),
(0000000400, 0000000025, 0000000003, 0000000002, ''),
(0000000402, 0000000023, 0000000001, 0000000001, ''),
(0000000402, 0000000025, 0000000002, 0000000001, ''),
(0000000402, 0000000025, 0000000002, 0000000002, ''),
(0000000402, 0000000025, 0000000003, 0000000001, 'Working only with styles can be rather limiting, depending on what you want to achieve.\r\nThe problem with styles is that they have a rigid interaction with fields.\r\nThis can be somewhat circumvented by using a field of type `json` which allows to specify complex data structures.\r\nDoing this, however, increases the complexity for the person filling in the content.\r\n\r\nIf database interaction must be implemented that exeeds the capability of fields there is the possibility to create a component which is not a style.\r\nWith such a component the interaction with the database can be fully customised and is not limited by style fields.\r\nHowever, there is a drawback:\r\nThe content of such components cannot be managed by the CMS.\r\n\r\nTo create a custom component the following steps must be followed. Lets assume that the new component is called `myComponent`.\r\n\r\n##### 1. Create the Component Folder\r\nMake sure to create the new folder in the path `server/component/` and also make sure to give the new folder the name of the component:\r\n\r\n```\r\nmkdir sever/component/myComponent\r\n```\r\n\r\n##### 2. Create the Component Classes\r\nThe only class that is required is the component class.\r\nHowever it is recommended to stick to the MCV pattern for reasons of separation of concerns and reusage of code.\r\n\r\nThe component class must be defined in a seperate file which must be placed in the component folder. Make sure that the class file uses the name of the component (with a capital first letter), postfixed with `Component.php`:\r\n\r\n```\r\ntouch server/component/myComponent/MyComponentComponent.php\r\n```\r\n\r\n##### 3. Create a Component Page\r\nFinally a page needs to be created which will render `myComponent`.\r\nIn the CMS create a new page of type **Component** and name it `myComponent`.\r\nFor being able to select the page type **Component** the checkbox **Advanced** must be enabled.'),
(0000000402, 0000000025, 0000000003, 0000000002, ''),
(0000000404, 0000000023, 0000000001, 0000000001, ''),
(0000000404, 0000000025, 0000000002, 0000000001, ''),
(0000000404, 0000000025, 0000000002, 0000000002, ''),
(0000000404, 0000000025, 0000000003, 0000000001, 'If working with components still is too limiting a custom page can be created.\r\nThis might be needed if the browser must serve something else than html (e.g. a generated csv file).\r\nIn such cases a custom header must be created which interferes with the provided functionality to create html pages.\r\n\r\nThe solution is to create a new page of type **Custom**.\r\nThis can be done via the CMS when enabling the checkbox **Advanced**.\r\nA custom page expects a function with the name `create_\'page_keyword\'_page` where `\'page_keyword\'` is the keyword of the custom page.\r\nThis function must be defined in the file `index.php`.\r\nThe function receives the following parameters:\r\n - `$router`: The router instance which is used to generate valid links (see class [Router](https://selfhelp.psy.unibe.ch/demo/doc/doxygen/html/classRouter.html)).\r\n - `$db`: The instance of the database handler which grants access to the DB and provides useful methods to access data (see class [PageDb](https://selfhelp.psy.unibe.ch/demo/doc/doxygen/html/classPageDb.html)).\r\n - any number of get parameters as defined by the url pattern (refer to the documentation of [Altorouter](http://altorouter.com/) for an overview of available options).\r\n\r\nTo keep things ordered, this function should create an instance of a new custom page class.\r\nPage classes are stored in the path `server/page` and it is recommended to create the new page class in this folder.'),
(0000000404, 0000000025, 0000000003, 0000000002, ''),
(0000000405, 0000000023, 0000000001, 0000000001, ''),
(0000000405, 0000000025, 0000000002, 0000000001, '![Logo University of Bern](%logo/Unibe_Logo_16pt_RGB_201807.png|250x|float-left,border-0,mr-5 \"Logo University of Bern\")\r\n\r\n**Universität Bern**  \r\n**Philosophisch-humanwissenschaftliche Fakultät**\r\n\r\nFabrikstrasse 8  \r\n3012 Bern\r\n\r\nTelefon: +41 31 631 55 11\r\n\r\n**Entwicklung:** [Technologieplatform (TPF)](http://www.philhum.unibe.ch/forschung/tpf/index_ger.html)'),
(0000000405, 0000000025, 0000000002, 0000000002, ''),
(0000000405, 0000000025, 0000000003, 0000000001, '![Logo University of Bern](%logo/Unibe_Logo_16pt_RGB_201807.png|250x|float-left,border-0,mr-5 \"Logo University of Bern\")\r\n\r\n**University of Bern**  \r\n**Faculty of Human Sciences**\r\n\r\nFabrikstrasse 8  \r\n3012 Bern\r\n\r\nPhone: +41 31 631 55 11\r\n\r\n**Development:** [Technologieplatform (TPF)](http://www.philhum.unibe.ch/forschung/tpf/index_ger.html)'),
(0000000405, 0000000025, 0000000003, 0000000002, ''),
(0000000406, 0000000023, 0000000001, 0000000001, ''),
(0000000407, 0000000021, 0000000001, 0000000001, '1'),
(0000000407, 0000000022, 0000000002, 0000000001, ''),
(0000000407, 0000000022, 0000000002, 0000000002, ''),
(0000000407, 0000000022, 0000000003, 0000000001, 'Impressum'),
(0000000407, 0000000022, 0000000003, 0000000002, ''),
(0000000407, 0000000023, 0000000001, 0000000001, ''),
(0000000408, 0000000022, 0000000002, 0000000001, ''),
(0000000408, 0000000022, 0000000002, 0000000002, ''),
(0000000408, 0000000022, 0000000003, 0000000001, ''),
(0000000408, 0000000022, 0000000003, 0000000002, ''),
(0000000408, 0000000023, 0000000001, 0000000001, ''),
(0000000408, 0000000028, 0000000001, 0000000001, 'light'),
(0000000408, 0000000046, 0000000001, 0000000001, '0'),
(0000000408, 0000000047, 0000000001, 0000000001, '0'),
(0000000408, 0000000048, 0000000001, 0000000001, ''),
(0000000409, 0000000022, 0000000002, 0000000001, ''),
(0000000409, 0000000022, 0000000002, 0000000002, ''),
(0000000409, 0000000022, 0000000003, 0000000001, ''),
(0000000409, 0000000022, 0000000003, 0000000002, ''),
(0000000409, 0000000023, 0000000001, 0000000001, ''),
(0000000409, 0000000028, 0000000001, 0000000001, 'light'),
(0000000409, 0000000046, 0000000001, 0000000001, '0'),
(0000000409, 0000000047, 0000000001, 0000000001, '0'),
(0000000409, 0000000048, 0000000001, 0000000001, ''),
(0000000411, 0000000023, 0000000001, 0000000001, ''),
(0000000411, 0000000025, 0000000002, 0000000001, ''),
(0000000411, 0000000025, 0000000002, 0000000002, ''),
(0000000411, 0000000025, 0000000003, 0000000001, 'A page with support for user input stores all data that was submitted by a user via html forms in the database if the style `formUserInput` was used. This data can be downloaded from the database via the export page in the admin menu.\r\n\r\nThe WebApp provides only a very simple predefined style `showUserInput` to display this data. No other component or style to display or evaluate the data is provided because this heavly depends on the experiment. It is, however not very difficult to build a style or component which handles the evaluation of user input data.\r\n\r\nTo access the data stored in the database the `UserInput` service is provided. This service provides a small set of functions that allow to access and filter the user input data. Please refer to the documentation of the source code of the class [`UserInput`](https://selfhelp.psy.unibe.ch/demo/doc/doxygen/html/classUserInput.html) for more details.\r\n\r\nA good starting point for creating a custom style or component that handles user input data with the `UserInput` service is the style `showUserInput`. It might make sense to use this style as a template for building a more complex style.'),
(0000000411, 0000000025, 0000000003, 0000000002, ''),
(0000000412, 0000000003, 0000000002, 0000000001, 'Zum Login'),
(0000000412, 0000000003, 0000000003, 0000000001, 'To Login'),
(0000000412, 0000000004, 0000000002, 0000000001, 'Passwort zurücksetzen'),
(0000000412, 0000000004, 0000000003, 0000000001, 'Reset Password'),
(0000000412, 0000000005, 0000000002, 0000000001, 'Aktivierungs Email konnte nicht versendet werden.'),
(0000000412, 0000000005, 0000000003, 0000000001, 'Activation email could not be sent.'),
(0000000412, 0000000025, 0000000002, 0000000001, '# Passwort Zurücksetzen\r\n\r\nHier können sie Ihr Passwort zurücksetzen.\r\nBitte geben sie Ihre Email Adresse ein mit welcher sie bei @project registriert sind.\r\nSie werden eine Email erhalten mit einem neuen Aktivierungslink um Ihr Passwort zurück zu setzen.'),
(0000000412, 0000000025, 0000000003, 0000000001, '# Reset Password\r\n\r\nThis page allows you to reset your password.\r\nPlease enter the email address with which you are registered on @project.\r\nYou will receive an email with a new activation link which will allow you to reset the password.'),
(0000000412, 0000000028, 0000000001, 0000000001, 'primary'),
(0000000412, 0000000035, 0000000002, 0000000001, 'Die Aktivierungs Email wurde versendet. Klicken sie auf den Aktivierungslink um Ihr Passwort zurück zu setzen.'),
(0000000412, 0000000035, 0000000003, 0000000001, 'The activation mail was sent. Click the activation link to rest your password.'),
(0000000412, 0000000044, 0000000002, 0000000001, 'Email versendet'),
(0000000412, 0000000044, 0000000003, 0000000001, 'Email Sent'),
(0000000412, 0000000055, 0000000002, 0000000001, 'Bitte Email eingeben'),
(0000000412, 0000000055, 0000000003, 0000000001, 'Please Enter Email'),
(0000000412, 0000000110, 0000000002, 0000000001, 'Guten Tag\r\n\r\nUm das Passwort von Ihrem @project Account zurück zu setzten klicken Sie bitte auf den untenstehenden Link.\r\n\r\n@link\r\n\r\nVielen Dank!\r\n\r\nIhr @project Team\r\n'),
(0000000412, 0000000110, 0000000003, 0000000001, 'Hello\r\n\r\nTo reset password of your @project account please click the link below.\r\n\r\n@link\r\n\r\nThank you!\r\n\r\nSincerely, your @project team.\r\n'),
(0000000412, 0000000111, 0000000002, 0000000001, '@project Passwort zurück setzen'),
(0000000412, 0000000111, 0000000003, 0000000001, '@project Password Reset'),
(0000000412, 0000000114, 0000000001, 0000000001, '0'),
(0000000413, 0000000022, 0000000002, 0000000001, ''),
(0000000413, 0000000022, 0000000002, 0000000002, ''),
(0000000413, 0000000022, 0000000003, 0000000001, ''),
(0000000413, 0000000022, 0000000003, 0000000002, ''),
(0000000413, 0000000023, 0000000001, 0000000001, 'mt-3'),
(0000000413, 0000000028, 0000000001, 0000000001, 'light'),
(0000000413, 0000000046, 0000000001, 0000000001, '0'),
(0000000413, 0000000047, 0000000001, 0000000001, '0'),
(0000000413, 0000000048, 0000000001, 0000000001, ''),
(0000000414, 0000000023, 0000000001, 0000000001, ''),
(0000000414, 0000000025, 0000000002, 0000000001, '| Frameworks & Libararies                                    | Version | License | Comments |\r\n|-|-|-|-|\r\n| [Altorouter](http://altorouter.com/)                       | 1.2.0   | [MIT](https://tldrlegal.com/license/mit-license) | [License Details](http://altorouter.com/license.html) |\r\n| [Autosize](https://github.com/jackmoore/autosize)          | 1.1.6   | [MIT](https://tldrlegal.com/license/mit-license) | |\r\n| [Bootstrap](https://getbootstrap.com/)                     | 4.3.1   | [MIT](https://tldrlegal.com/license/mit-license) | [Browser Support](https://getbootstrap.com/docs/4.3/getting-started/browsers-devices/), [License Details](https://getbootstrap.com/docs/4.3/about/license/) |\r\n| [Datatables](https://datatables.net/)                      | 1.10.18 | [MIT](https://tldrlegal.com/license/mit-license) | [License Details](https://datatables.net/license/) |\r\n| [Font Awesome](https://fontawesome.com/)                   | 5.2.0   | Code: [MIT](https://tldrlegal.com/license/mit-license), Icons: [CC](https://creativecommons.org/licenses/by/4.0/), Fonts: [OFL](https://scripts.sil.org/cms/scripts/page.php?site_id=nrsi&id=OFL) | [Browser Support](https://fontawesome.com/how-to-use/on-the-web/other-topics/browser-support), [License Details](https://fontawesome.com/license/free) |\r\n| [GUMP](https://github.com/Wixel/GUMP.git)                  | 1.5.6   | [MIT](https://tldrlegal.com/license/mit-license) | |\r\n| [jQuery](https://jquery.com/)                              | 3.3.1   | [MIT](https://tldrlegal.com/license/mit-license) | [Browser Support](https://jquery.com/browser-support/), [License Details](https://jquery.org/license/) |\r\n| [JsonLogic](https://github.com/jwadhams/json-logic-php/)   | 1.3.10  | [MIT](https://tldrlegal.com/license/mit-license) | |\r\n| [mermaid](https://mermaidjs.github.io/)                    | 8.2.3   | [MIT](https://tldrlegal.com/license/mit-license) | |\r\n| [Parsedown](https://github.com/erusev/parsedown)           | 1.7.1   | [MIT](https://tldrlegal.com/license/mit-license) | |\r\n| [PHPMailer](https://github.com/PHPMailer/PHPMailer)        | 6.0.7   | [LGPL](https://tldrlegal.com/license/gnu-lesser-general-public-license-v2.1-(lgpl-2.1)) | [License Details](https://github.com/PHPMailer/PHPMailer#license) |\r\n| [Sortable](https://rubaxa.github.io/Sortable/)             | 1.7.0   | [MIT](https://tldrlegal.com/license/mit-license) | |'),
(0000000414, 0000000025, 0000000002, 0000000002, ''),
(0000000414, 0000000025, 0000000003, 0000000001, '| Frameworks & Libararies                                    | Version | License | Comments |\r\n|-|-|-|-|\r\n| [Altorouter](http://altorouter.com/)                       | 1.2.0   | [MIT](https://tldrlegal.com/license/mit-license) | [License Details](http://altorouter.com/license.html) |\r\n| [Autosize](https://github.com/jackmoore/autosize)          | 1.1.6   | [MIT](https://tldrlegal.com/license/mit-license) | |\r\n| [Bootstrap](https://getbootstrap.com/)                     | 4.3.1   | [MIT](https://tldrlegal.com/license/mit-license) | [Browser Support](https://getbootstrap.com/docs/4.3/getting-started/browsers-devices/), [License Details](https://getbootstrap.com/docs/4.3/about/license/) |\r\n| [Datatables](https://datatables.net/)                      | 1.10.18 | [MIT](https://tldrlegal.com/license/mit-license) | [License Details](https://datatables.net/license/) |\r\n| [Font Awesome](https://fontawesome.com/)                   | 5.2.0   | Code: [MIT](https://tldrlegal.com/license/mit-license), Icons: [CC](https://creativecommons.org/licenses/by/4.0/), Fonts: [OFL](https://scripts.sil.org/cms/scripts/page.php?site_id=nrsi&id=OFL) | [Browser Support](https://fontawesome.com/how-to-use/on-the-web/other-topics/browser-support), [License Details](https://fontawesome.com/license/free) |\r\n| [GUMP](https://github.com/Wixel/GUMP.git)                  | 1.5.6   | [MIT](https://tldrlegal.com/license/mit-license) | |\r\n| [jQuery](https://jquery.com/)                              | 3.3.1   | [MIT](https://tldrlegal.com/license/mit-license) | [Browser Support](https://jquery.com/browser-support/), [License Details](https://jquery.org/license/) |\r\n| [JsonLogic](https://github.com/jwadhams/json-logic-php/)   | 1.3.10  | [MIT](https://tldrlegal.com/license/mit-license) | |\r\n| [mermaid](https://mermaidjs.github.io/)                    | 8.2.3   | [MIT](https://tldrlegal.com/license/mit-license) | |\r\n| [Parsedown](https://github.com/erusev/parsedown)           | 1.7.1   | [MIT](https://tldrlegal.com/license/mit-license) | |\r\n| [PHPMailer](https://github.com/PHPMailer/PHPMailer)        | 6.0.7   | [LGPL](https://tldrlegal.com/license/gnu-lesser-general-public-license-v2.1-(lgpl-2.1)) | [License Details](https://github.com/PHPMailer/PHPMailer#license) |\r\n| [Sortable](https://rubaxa.github.io/Sortable/)             | 1.7.0   | [MIT](https://tldrlegal.com/license/mit-license) | |'),
(0000000414, 0000000025, 0000000003, 0000000002, ''),
(0000000415, 0000000029, 0000000001, 0000000001, '1'),
(0000000415, 0000000031, 0000000003, 0000000001, ''),
(0000000415, 0000000046, 0000000001, 0000000001, '0'),
(0000000415, 0000000047, 0000000001, 0000000001, '0'),
(0000000415, 0000000073, 0000000003, 0000000001, 'Back'),
(0000000415, 0000000074, 0000000003, 0000000001, 'Next'),
(0000000415, 0000000075, 0000000001, 0000000001, '0'),
(0000000415, 0000000077, 0000000003, 0000000001, ''),
(0000000415, 0000000089, 0000000001, 0000000001, ''),
(0000000415, 0000000104, 0000000001, 0000000001, '1'),
(0000000416, 0000000022, 0000000003, 0000000001, 'The Concept Behind the Code'),
(0000000416, 0000000023, 0000000001, 0000000001, ''),
(0000000416, 0000000025, 0000000003, 0000000001, '# @title'),
(0000000417, 0000000022, 0000000003, 0000000001, 'Evaluate User Input'),
(0000000417, 0000000023, 0000000001, 0000000001, ''),
(0000000417, 0000000025, 0000000003, 0000000001, '# @title'),
(0000000418, 0000000022, 0000000003, 0000000001, 'Create a Custom Style'),
(0000000418, 0000000023, 0000000001, 0000000001, ''),
(0000000418, 0000000025, 0000000003, 0000000001, '# @title'),
(0000000419, 0000000022, 0000000003, 0000000001, 'Customize the Theme'),
(0000000419, 0000000023, 0000000001, 0000000001, ''),
(0000000419, 0000000025, 0000000003, 0000000001, '# @title'),
(0000000420, 0000000022, 0000000003, 0000000001, 'Create a Custom Component'),
(0000000420, 0000000023, 0000000001, 0000000001, ''),
(0000000420, 0000000025, 0000000003, 0000000001, '# @title'),
(0000000421, 0000000022, 0000000003, 0000000001, 'Create a Custom Page'),
(0000000421, 0000000023, 0000000001, 0000000001, ''),
(0000000421, 0000000025, 0000000003, 0000000001, '# @title'),
(0000000422, 0000000023, 0000000001, 0000000001, ''),
(0000000422, 0000000031, 0000000003, 0000000001, ''),
(0000000422, 0000000046, 0000000001, 0000000001, '0'),
(0000000422, 0000000047, 0000000001, 0000000001, '0'),
(0000000422, 0000000066, 0000000003, 0000000001, '{\r\n   \"nav_page\": \"extend_item\"\r\n}'),
(0000000422, 0000000077, 0000000003, 0000000001, ''),
(0000000422, 0000000083, 0000000001, 0000000001, ''),
(0000000422, 0000000084, 0000000001, 0000000001, '0'),
(0000000423, 0000000022, 0000000003, 0000000001, ''),
(0000000423, 0000000023, 0000000001, 0000000001, ''),
(0000000423, 0000000028, 0000000001, 0000000001, 'light'),
(0000000423, 0000000046, 0000000001, 0000000001, '0'),
(0000000423, 0000000047, 0000000001, 0000000001, '0'),
(0000000423, 0000000048, 0000000001, 0000000001, ''),
(0000000424, 0000000022, 0000000003, 0000000001, ''),
(0000000424, 0000000023, 0000000001, 0000000001, ''),
(0000000424, 0000000028, 0000000001, 0000000001, 'light'),
(0000000424, 0000000046, 0000000001, 0000000001, '0'),
(0000000424, 0000000047, 0000000001, 0000000001, '0'),
(0000000424, 0000000048, 0000000001, 0000000001, ''),
(0000000426, 0000000023, 0000000001, 0000000001, ''),
(0000000426, 0000000031, 0000000003, 0000000001, ''),
(0000000426, 0000000046, 0000000001, 0000000001, '0'),
(0000000426, 0000000047, 0000000001, 0000000001, '0'),
(0000000426, 0000000066, 0000000003, 0000000001, '[{\r\n\"id\": 1,\r\n\"title\": \"Apache Configuration\",\r\n\"url\": \"https://selfhelp.psy.unibe.ch/demo/config/config-apache\"\r\n},{\r\n\"id\": 2,\r\n\"title\": \"Database Configuration\",\r\n\"url\": \"https://selfhelp.psy.unibe.ch/demo/config/config-db\"\r\n},{\r\n\"id\": 3,\r\n\"title\": \"Mail Configuration\",\r\n\"url\": \"https://selfhelp.psy.unibe.ch/demo/config/config-mail\"\r\n},{\r\n\"id\": 4,\r\n\"title\": \"Create New Experiment\",\r\n\"url\": \"https://selfhelp.psy.unibe.ch/demo/config/new-experiment\"\r\n},{\r\n\"id\": 5,\r\n\"title\": \"Server Users\",\r\n\"url\": \"https://selfhelp.psy.unibe.ch/demo/config/users\"\r\n}]'),
(0000000426, 0000000077, 0000000003, 0000000001, ''),
(0000000426, 0000000083, 0000000001, 0000000001, ''),
(0000000426, 0000000084, 0000000001, 0000000001, '0'),
(0000000427, 0000000022, 0000000003, 0000000001, 'Navigation Lists'),
(0000000427, 0000000023, 0000000001, 0000000001, ''),
(0000000427, 0000000028, 0000000001, 0000000001, 'light'),
(0000000427, 0000000046, 0000000001, 0000000001, '0'),
(0000000427, 0000000047, 0000000001, 0000000001, '0'),
(0000000427, 0000000048, 0000000001, 0000000001, ''),
(0000000428, 0000000023, 0000000001, 0000000001, ''),
(0000000428, 0000000025, 0000000003, 0000000001, 'The style `accordionList` and `nestedList` can be used to represent the navigation hierarchy of a navigation page. To do this it is sufficient to set the field `items` to the following json string:\r\n\r\n```\r\n{ \"nav_page\": \"__page_keyword__\" }\r\n```\r\n\r\nwhere `__page_keyword__` is the keyword of a navigation page.'),
(0000000429, 0000000022, 0000000003, 0000000001, 'Responsiveness of Nested Lists'),
(0000000429, 0000000023, 0000000001, 0000000001, ''),
(0000000429, 0000000028, 0000000001, 0000000001, 'light'),
(0000000429, 0000000046, 0000000001, 0000000001, '0'),
(0000000429, 0000000047, 0000000001, 0000000001, '0'),
(0000000429, 0000000048, 0000000001, 0000000001, ''),
(0000000430, 0000000023, 0000000001, 0000000001, ''),
(0000000430, 0000000025, 0000000003, 0000000001, 'To make this style responsive the field `title_prefix` can be used. If this is set to something else than the empty string the list will be collapsed on smaller screens and this string will be prefixed to the selected item.'),
(0000000431, 0000000023, 0000000001, 0000000001, ''),
(0000000431, 0000000031, 0000000003, 0000000001, 'Responsive'),
(0000000431, 0000000046, 0000000001, 0000000001, '0'),
(0000000431, 0000000047, 0000000001, 0000000001, '0'),
(0000000431, 0000000066, 0000000003, 0000000001, '[{\r\n  \"id\": 1,\r\n  \"title\": \"Item1\",\r\n  \"url\": \"#\",\r\n  \"children\": [{\r\n      \"id\": 2,\r\n      \"title\": \"Item1.1\"\r\n    },\r\n    {\r\n      \"id\": 3,\r\n      \"title\": \"Item1.2\",\r\n      \"children\": [{\r\n          \"id\": 4,\r\n          \"title\": \"Item1.2.1\",\r\n          \"url\": \"#\"\r\n        }]\r\n    }]\r\n},\r\n{\r\n  \"id\": 5,\r\n  \"title\": \"Item2\",\r\n  \"url\": \"#\",\r\n  \"children\": [{\r\n       \"id\": 5,\r\n       \"title\": \"Item2.1\"\r\n    }]\r\n},\r\n{\r\n  \"id\": 6,\r\n  \"title\": \"Item3\",\r\n  \"children\": [{\r\n       \"id\": 7,\r\n       \"title\": \"Item3.1\",\r\n       \"url\": \"#\"\r\n    }]\r\n}]'),
(0000000431, 0000000077, 0000000003, 0000000001, ''),
(0000000431, 0000000083, 0000000001, 0000000001, 'responsive'),
(0000000431, 0000000084, 0000000001, 0000000001, '0'),
(0000000432, 0000000022, 0000000003, 0000000001, 'Workflow'),
(0000000432, 0000000023, 0000000001, 0000000001, ''),
(0000000432, 0000000025, 0000000003, 0000000001, '# @title'),
(0000000433, 0000000023, 0000000001, 0000000001, ''),
(0000000433, 0000000025, 0000000003, 0000000001, 'The source code of the project is hosted on [TPF GitLab](http://phhum-a209-cp.unibe.ch:10012/SLP/SLP-sleep_coach). In order to make changes to the code a user account needs to be created. Request a GitLab account by contacting a [TPF member](http://www.philhum.unibe.ch/forschung/tpf/index_ger.html).\r\n\r\n### Version Control with Git\r\nIf you are not familiar with version control of source code with git please refer to the [git homepage](https://git-scm.com/).\r\nThe interface with git can easily be done via command line.\r\nIf this is not your cup of tea, several [GUI Clients](https://git-scm.com/downloads/guis) are available.\r\n\r\n### Extending/Changing the Source Code\r\nChanges to the code **should not** be made on the server as only deploy rights are given and the changes cannot be pushed to GitLab.\r\nInstead a development environment on a local machine should be created where the source code is changed (In the following the name `__experiment_name__` denotes the name of the project):\r\n\r\n1. To set up a local development environment.\r\nRefer to https://selfhelp.psy.unibe.ch/demo/configs for some guidance on this topic.\r\n\r\n2. Clone the project from the [TPF server](http://phhum-a209-cp.unibe.ch:10012/SLP/SLP-sleep_coach).\r\n```\r\ngit clone gh@tpf.fluido.as:SLP/SLP-sleep_coach.git __experiment_name__\r\n```\r\n\r\n3. Create a feature branch where the changes will be implemented.\r\n```\r\ngit branch app-__experiment_name__\r\n```\r\n\r\n4. Implement the extensions.\r\nTry to avoid making changes to the existing code.\r\nWhen adding new styles or components, no changes to the existing code need to be made as everything new should be kept in the folder named after the new style or component.\r\nIt is highly recommened to use git while developing and regularly committing changes to the local tree and pushing the changes to TPF GitLab. Refer to [Getting Started](https://git-scm.com/book/en/v1/Getting-Started) for help on how to use git.\r\nNote that changes to the database should be included in the source code as well.\r\nIt is good practice to provide an sql script including the necessary changes.\r\n\r\n5. Once the changes are ready and tested the new version can be deployed on the server (assuming the local changes wre pushed to TPF GitLab).\r\nOn the webserver this can be done with the following commands (in the project directory)\r\n```\r\ngit pull\r\ngit co app-__experiment_name__\r\n```\r\nRemember to also apply the database update script if changes to the database were made.\r\nMake sure to test the script on a local copy of the life database before deploying it on the server.\r\n\r\n### Merging to the Master Branch\r\nIf the changes seem to be a valid addon for other projects as well, it might make sense to merge the work into the master branch.\r\nThis can be requested by creating a [Merge Request](http://phhum-g111-nns.unibe.ch:10012/SLP/SLP-sleep_coach/merge_requests) in GitLab.\r\nA member of the TPF team will then perform a code review and accept or reject the merge request.\r\nIt is likely that a new style or component will be accepted. However, it is less likely that extensive changes to the existing code might be considered.'),
(0000000436, 0000000001, 0000000002, 0000000001, 'Email'),
(0000000436, 0000000001, 0000000003, 0000000001, 'Email'),
(0000000436, 0000000002, 0000000002, 0000000001, 'Validierungs-Code'),
(0000000436, 0000000002, 0000000003, 0000000001, 'Validation Code'),
(0000000436, 0000000005, 0000000002, 0000000001, 'Die Email Adresse oder der Aktivierungs-Code ist ungültig'),
(0000000436, 0000000005, 0000000003, 0000000001, 'The email address or the activation code is invalid'),
(0000000436, 0000000022, 0000000002, 0000000001, 'Registration'),
(0000000436, 0000000022, 0000000003, 0000000001, 'Registration'),
(0000000436, 0000000023, 0000000001, 0000000001, 'mt-3'),
(0000000436, 0000000035, 0000000002, 0000000001, 'Der erste Schritt der Registrierung war erfolgreich. Sie werden in Kürze eine Email mit einem Aktivierunks-Link erhalten.\r\n\r\nBitte folgen Sie diesem Link um die Registrierung abzuschliessen.'),
(0000000436, 0000000035, 0000000003, 0000000001, 'The first step of the registration was successful.\r\nShortly you will receive an email with an activation link.\r\n\r\nPlease follow this activation link to complete the registration.'),
(0000000436, 0000000044, 0000000002, 0000000001, 'Registrierung erfolgreich'),
(0000000436, 0000000044, 0000000003, 0000000001, 'Registration Successful'),
(0000000436, 0000000090, 0000000002, 0000000001, 'Registrieren'),
(0000000436, 0000000090, 0000000003, 0000000001, 'Register'),
(0000000437, 0000000023, 0000000001, 0000000001, 'mt-3'),
(0000000438, 0000000022, 0000000003, 0000000001, 'Wrapper'),
(0000000438, 0000000023, 0000000001, 0000000001, ''),
(0000000438, 0000000025, 0000000003, 0000000001, '# @title'),
(0000000439, 0000000022, 0000000003, 0000000001, 'Text'),
(0000000439, 0000000023, 0000000001, 0000000001, ''),
(0000000439, 0000000025, 0000000003, 0000000001, '# @title'),
(0000000440, 0000000022, 0000000003, 0000000001, 'Link'),
(0000000440, 0000000023, 0000000001, 0000000001, ''),
(0000000440, 0000000025, 0000000003, 0000000001, '# @title'),
(0000000442, 0000000022, 0000000003, 0000000001, 'Input'),
(0000000442, 0000000023, 0000000001, 0000000001, ''),
(0000000442, 0000000025, 0000000003, 0000000001, '# @title'),
(0000000443, 0000000022, 0000000003, 0000000001, 'Admin'),
(0000000443, 0000000023, 0000000001, 0000000001, ''),
(0000000443, 0000000025, 0000000003, 0000000001, '# @title'),
(0000000444, 0000000022, 0000000003, 0000000001, 'Alert'),
(0000000444, 0000000023, 0000000001, 0000000001, ''),
(0000000444, 0000000025, 0000000003, 0000000001, '# Style `alert`'),
(0000000445, 0000000022, 0000000003, 0000000001, 'Card'),
(0000000445, 0000000023, 0000000001, 0000000001, ''),
(0000000445, 0000000025, 0000000003, 0000000001, '# Style `card`'),
(0000000446, 0000000022, 0000000003, 0000000001, 'ConditionalContainer'),
(0000000446, 0000000023, 0000000001, 0000000001, ''),
(0000000446, 0000000025, 0000000003, 0000000001, '# Style `conditionalContainer`'),
(0000000447, 0000000022, 0000000003, 0000000001, 'Container'),
(0000000447, 0000000023, 0000000001, 0000000001, ''),
(0000000447, 0000000025, 0000000003, 0000000001, '# Style `container`'),
(0000000448, 0000000022, 0000000003, 0000000001, 'Jumbotron'),
(0000000448, 0000000023, 0000000001, 0000000001, ''),
(0000000448, 0000000025, 0000000003, 0000000001, '# Style `jumbotron`'),
(0000000449, 0000000022, 0000000003, 0000000001, 'Div'),
(0000000449, 0000000023, 0000000001, 0000000001, ''),
(0000000449, 0000000025, 0000000003, 0000000001, '# Style `div`'),
(0000000450, 0000000022, 0000000003, 0000000001, 'NavigationContainer'),
(0000000450, 0000000023, 0000000001, 0000000001, ''),
(0000000450, 0000000025, 0000000003, 0000000001, '# Style `navigationContainer`'),
(0000000451, 0000000022, 0000000003, 0000000001, 'Quiz'),
(0000000451, 0000000023, 0000000001, 0000000001, ''),
(0000000451, 0000000025, 0000000003, 0000000001, '# Style `quiz`'),
(0000000452, 0000000022, 0000000003, 0000000001, 'Tabs'),
(0000000452, 0000000023, 0000000001, 0000000001, ''),
(0000000452, 0000000025, 0000000003, 0000000001, '# Styles `tabs` and `tab`'),
(0000000453, 0000000022, 0000000003, 0000000001, 'Heading'),
(0000000453, 0000000023, 0000000001, 0000000001, ''),
(0000000453, 0000000025, 0000000003, 0000000001, '# Style `heading`'),
(0000000454, 0000000022, 0000000003, 0000000001, 'Markdown'),
(0000000454, 0000000023, 0000000001, 0000000001, ''),
(0000000454, 0000000025, 0000000003, 0000000001, '# Styles `markdown` and `markdownInline`'),
(0000000455, 0000000022, 0000000003, 0000000001, 'Plaintext'),
(0000000455, 0000000023, 0000000001, 0000000001, ''),
(0000000455, 0000000025, 0000000003, 0000000001, '# Styles `plaintext` and `rawtext`'),
(0000000456, 0000000023, 0000000001, 0000000001, ''),
(0000000456, 0000000025, 0000000003, 0000000001, 'A wrapper is a style that allows to group child elements. Wrappers can have a visual component or can be invisible. Visible wrapper are useful to provide some structure in a document while invisible wrappers serve merely as a grouping option . The latter can be useful in combination with CSS classes. The following wrappers are available:\r\n\r\n- `alert` is **visible** wrapper that draws a solid, coloured box around its content. The text colour of the content is changed according to the type of alert.\r\n- `card` is a versatile **visible** wrapper that draws a fine border around its content. A card can also have a title and can be made collapsible.\r\n- `conditionalContainer` is a **invisible** wrapper which has a condition attached. The content of the wrapper is only displayed if the condition is true.\r\n- `container` is an **invisible** wrapper.\r\n- `div` allows to wrap its children in a simple `<div>` tag. This allows to create more complex layouts with the help of bootstrap classes.\r\n- `jumbotron` is a **visible** wrapper that wraps its content in a grey box with large spacing.\r\n- `navigationContainer` is an **invisible** wrapper and is used specifically for navigation pages.\r\n- `quiz` is a predefined assembly of tabs, intended to ask a question and provide a right and wrong answer tab.\r\n- `tabs` is a **visible** wrapper that allows to group content into tabs and only show one tab at a time. It requires `tab` styles as its immediate children. Each `tab` then accepts children which represent the content of each tab.'),
(0000000457, 0000000023, 0000000001, 0000000001, ''),
(0000000457, 0000000025, 0000000003, 0000000001, 'Text styles allow to control how text is displayed. These styles are used to create the main content. The following styles are available:\r\n\r\n\r\n- `heading` is used to display the 6 levels of HTML headings.\r\n- `markdown` is the bread-and-butter style which allows to style content in a very flexible way. In addition to markdown syntax, pure HTML statements are allowed which makes this style very versatile. It is recommended to limit the usage of HTML to a minimum in order to keep the layout of the webpage consistent.\r\n- `markdownInline` is similar to the markdown style but is intended for one-line text where emphasis is required.\r\n- `plaintext` renders simple text. No special syntax is allowed here.\r\n- `rawText` renders text in a mono-space font which makes it useful to display code.'),
(0000000458, 0000000023, 0000000001, 0000000001, ''),
(0000000458, 0000000025, 0000000003, 0000000001, 'Link styles allow to render different types of links:\r\n\r\n- `button` renders a button-style link with several predefined colour schemes.\r\n- `link` renders a standard link but allows to open the target in a new tab.\r\n\r\nLinks can refer to elements within the WebApp.\r\nUse the following syntax to achieve this:\r\n - link to asset `%asset_name`\r\n - link to page `#page_name`\r\n - link to anchor on page `#page_name#wrapper_name`\r\n - link to root_section on a nav_page `#nav_page_name/nav_section_name`\r\n - link to anchor on root_section on nav_page `#nav_page_name/nav_section_name#wrapper_name`'),
(0000000459, 0000000022, 0000000003, 0000000001, 'Button'),
(0000000459, 0000000023, 0000000001, 0000000001, ''),
(0000000459, 0000000025, 0000000003, 0000000001, '# Style `button`'),
(0000000460, 0000000022, 0000000003, 0000000001, 'Link'),
(0000000460, 0000000023, 0000000001, 0000000001, ''),
(0000000460, 0000000025, 0000000003, 0000000001, '# Style `link`'),
(0000000461, 0000000023, 0000000001, 0000000001, ''),
(0000000461, 0000000025, 0000000003, 0000000001, 'The field `url` specifies the target url of the link. Note that if this field is left empty the link is not rendered.\r\nThe field `label` defines the rendered text which will be clickable.\r\nIf left empty the value specified in the field `url` will be used as label.\r\n\r\nThe field `open_in_new_tab` specifies whether the target is opened in a new tab or in the current tab.'),
(0000000462, 0000000022, 0000000003, 0000000001, 'Audio'),
(0000000462, 0000000023, 0000000001, 0000000001, ''),
(0000000462, 0000000025, 0000000003, 0000000001, '# Style `audio`'),
(0000000463, 0000000022, 0000000003, 0000000001, 'Figure'),
(0000000463, 0000000023, 0000000001, 0000000001, ''),
(0000000463, 0000000025, 0000000003, 0000000001, '# Style `figure`'),
(0000000464, 0000000022, 0000000003, 0000000001, 'Image');
INSERT INTO `sections_fields_translation` (`id_sections`, `id_fields`, `id_languages`, `id_genders`, `content`) VALUES
(0000000464, 0000000023, 0000000001, 0000000001, ''),
(0000000464, 0000000025, 0000000003, 0000000001, '# Style `image`'),
(0000000465, 0000000022, 0000000003, 0000000001, 'Video'),
(0000000465, 0000000023, 0000000001, 0000000001, ''),
(0000000465, 0000000025, 0000000003, 0000000001, '# Style `video`'),
(0000000466, 0000000022, 0000000003, 0000000001, 'Hover text of the image'),
(0000000466, 0000000023, 0000000001, 0000000001, ''),
(0000000466, 0000000029, 0000000001, 0000000001, '1'),
(0000000466, 0000000030, 0000000003, 0000000001, 'Description of the image'),
(0000000466, 0000000053, 0000000003, 0000000001, 'placeholder.svg'),
(0000000467, 0000000023, 0000000001, 0000000001, ''),
(0000000467, 0000000029, 0000000001, 0000000001, '1'),
(0000000467, 0000000030, 0000000003, 0000000001, 'Your browser cannot display the video'),
(0000000467, 0000000071, 0000000003, 0000000001, '[{\r\n  \"source\": \"Indian_Tea_Plantations.mp4\",\r\n  \"type\": \"video/mp4\"\r\n}]'),
(0000000468, 0000000023, 0000000001, 0000000001, ''),
(0000000468, 0000000025, 0000000003, 0000000001, 'The style `audio` allows to load audio files. The field `sources` defines the different audio sources. Multiple sources can be provided to cope with browser incompatibilities.\r\n\r\nNote that the field `sources` is of type `json` and requires\r\n1. valid json syntax (see https://www.json.org/)\r\n2. a json field `source` and `type` for each audio source\r\n\r\nIt is best to copy the example below and adapt the video names and types according to your requirements.\r\n\r\n```\r\n[{\r\n  \"source\": \"audio_name.mp3\",\r\n  \"type\": \"audio/mpeg\"\r\n},\r\n{\r\n  \"source\":\"audio_name.ogg\",\r\n  \"type\": \"audio/ogg\"\r\n}]\r\n```\r\n\r\nThe field `alt` allows to define the text that will be displayed if no audio file can be loaded.'),
(0000000469, 0000000023, 0000000001, 0000000001, 'mw-100'),
(0000000469, 0000000030, 0000000003, 0000000001, 'Your browser cannot playback the audio'),
(0000000469, 0000000071, 0000000003, 0000000001, '[{\r\n  \"source\": \"test.mp3\",\r\n  \"type\": \"audio/mpeg\"\r\n}]'),
(0000000470, 0000000023, 0000000001, 0000000001, ''),
(0000000470, 0000000025, 0000000003, 0000000001, 'An form input field (form-field) must be placed inside a form wrapper. An form-field allows a user to enter data and submit these to the server. The chosen form wrapper decides what happens with the submitted data. The following from-field styles are available:\r\n\r\n- `input` is a one-line form-field style that allows to enter different types of data (e.g. text, color, time, date, checkbox).\r\n- `radio` allows to predefine a set of options for the user to select. It provides a list of options where only one option can be chosen.\r\n- `select` is a form-field style that provides a predefined set of choices which can be selected with a dropdown menu. In contrast to the `radio` style the `select` style has a different visual appearance and provides a list of options where also multiple options can be chosen.\r\n- `slider` is an extension of the style `input` of type range. It allows to provide a label for each position of the slider.\r\n- `textarea` is a multi-line from-field style that allows to enter multiple lines of text.\r\n\r\n\r\nAll form-fields require a field `name` which defines the name of the from-field and is used to identify the value corresponding to the form-field, once the value is transmitted. If the field `name` is left empty the form-field will not be rendered.\r\n\r\nFurther, all form-fields support the field `value` which defines the default value of the form-field and the field `label` which defines the text that is rendered above the form-field. If `label` is left empty the form-field is rendered without any margins.\r\n\r\nFinally, all form-fields support the field `is_required`. If it is set, the form-field is marked as required and will, depending on the browser support, be highlighted as faulty on submit if left empty.'),
(0000000471, 0000000022, 0000000003, 0000000001, 'Input'),
(0000000471, 0000000023, 0000000001, 0000000001, ''),
(0000000471, 0000000025, 0000000003, 0000000001, '# Style `input`'),
(0000000473, 0000000022, 0000000003, 0000000001, 'Radio'),
(0000000473, 0000000023, 0000000001, 0000000001, ''),
(0000000473, 0000000025, 0000000003, 0000000001, '# Style `radio`'),
(0000000474, 0000000022, 0000000003, 0000000001, 'Select'),
(0000000474, 0000000023, 0000000001, 0000000001, ''),
(0000000474, 0000000025, 0000000003, 0000000001, '# Style `select`'),
(0000000475, 0000000022, 0000000003, 0000000001, 'Slider'),
(0000000475, 0000000023, 0000000001, 0000000001, ''),
(0000000475, 0000000025, 0000000003, 0000000001, '# Style `slider`'),
(0000000476, 0000000022, 0000000003, 0000000001, 'Textarea'),
(0000000476, 0000000023, 0000000001, 0000000001, ''),
(0000000476, 0000000025, 0000000003, 0000000001, '# Style `textarea`'),
(0000000477, 0000000022, 0000000003, 0000000001, 'Form'),
(0000000477, 0000000023, 0000000001, 0000000001, ''),
(0000000477, 0000000025, 0000000003, 0000000001, '# Style `form`'),
(0000000478, 0000000022, 0000000003, 0000000001, 'FormUserInput'),
(0000000478, 0000000023, 0000000001, 0000000001, ''),
(0000000478, 0000000025, 0000000003, 0000000001, '# Style `formUserInput`'),
(0000000479, 0000000022, 0000000003, 0000000001, 'ShowUserInput'),
(0000000479, 0000000023, 0000000001, 0000000001, ''),
(0000000479, 0000000025, 0000000003, 0000000001, '# Style `showUserInput`'),
(0000000480, 0000000023, 0000000001, 0000000001, ''),
(0000000480, 0000000025, 0000000003, 0000000001, 'The style `formUserInput` allows to create html forms where user input is automatically stored to the database.\r\n\r\nThere are two ways of how user data is stored to the database automatically. This can be controlled with the field `is_log`:\r\n- With `is_log = false` data is continuously updated. In this case an input field always shows the current, user-specific content and whenever this content is changed by the user, the old values are overwritten in the database. This way of storing data is intended\r\nfor entries where data is constantly edited and revised.\r\n- With `is_log = true` data is stored incrementally. In this case each time a set of data is submitted to the server, a timestamp is attached to the data. For each submission a new entry is created in the database which allows to store multiple entries, made\r\nat different points in time. This way of storing the data is intended for log-like forms where a user is asked to enter\r\na specific set of data every day.\r\n\r\nThe field `name` is essential as the name of a form can later be used to get the stored data associated to the from the database.\r\n\r\nThe field `label` defines the text on the submit button.\r\n\r\nThe field `alert_success` defines the text that is displayed upon successful storage of the data.'),
(0000000481, 0000000022, 0000000003, 0000000001, '`formUserInput` with name `blog` and the field `is_log` unchecked'),
(0000000481, 0000000023, 0000000001, 0000000001, ''),
(0000000481, 0000000028, 0000000001, 0000000001, 'light'),
(0000000481, 0000000046, 0000000001, 0000000001, '1'),
(0000000481, 0000000047, 0000000001, 0000000001, '0'),
(0000000481, 0000000048, 0000000001, 0000000001, ''),
(0000000482, 0000000022, 0000000003, 0000000001, '`formUserInput` with name `log` and the field `is_log` checked'),
(0000000482, 0000000023, 0000000001, 0000000001, 'mt-3'),
(0000000482, 0000000028, 0000000001, 0000000001, 'light'),
(0000000482, 0000000046, 0000000001, 0000000001, '1'),
(0000000482, 0000000047, 0000000001, 0000000001, '0'),
(0000000482, 0000000048, 0000000001, 0000000001, ''),
(0000000483, 0000000008, 0000000003, 0000000001, 'Update'),
(0000000483, 0000000023, 0000000001, 0000000001, ''),
(0000000483, 0000000028, 0000000001, 0000000001, 'primary'),
(0000000483, 0000000035, 0000000003, 0000000001, 'Entry Successfully Updated!'),
(0000000483, 0000000057, 0000000001, 0000000001, 'blog'),
(0000000483, 0000000087, 0000000001, 0000000001, '0'),
(0000000484, 0000000008, 0000000003, 0000000001, 'My thoughts'),
(0000000484, 0000000023, 0000000001, 0000000001, ''),
(0000000484, 0000000056, 0000000001, 0000000001, '1'),
(0000000484, 0000000057, 0000000001, 0000000001, 'thoughts'),
(0000000484, 0000000058, 0000000001, 0000000001, ''),
(0000000485, 0000000008, 0000000003, 0000000001, 'My Actions'),
(0000000485, 0000000023, 0000000001, 0000000001, ''),
(0000000485, 0000000056, 0000000001, 0000000001, '1'),
(0000000485, 0000000057, 0000000001, 0000000001, 'actions'),
(0000000485, 0000000058, 0000000001, 0000000001, ''),
(0000000486, 0000000008, 0000000003, 0000000001, 'Insert'),
(0000000486, 0000000023, 0000000001, 0000000001, ''),
(0000000486, 0000000028, 0000000001, 0000000001, 'primary'),
(0000000486, 0000000035, 0000000003, 0000000001, 'A new entry has been added to the database!'),
(0000000486, 0000000057, 0000000001, 0000000001, 'log'),
(0000000486, 0000000087, 0000000001, 0000000001, '1'),
(0000000487, 0000000008, 0000000003, 0000000001, 'How did you like breakfast today?'),
(0000000487, 0000000023, 0000000001, 0000000001, ''),
(0000000487, 0000000057, 0000000001, 0000000001, 'breakfast'),
(0000000487, 0000000058, 0000000001, 0000000001, ''),
(0000000487, 0000000068, 0000000003, 0000000001, '[\"did not eat any\", \"the usual\", \"awesome\"]'),
(0000000487, 0000000069, 0000000001, 0000000001, '1'),
(0000000487, 0000000070, 0000000001, 0000000001, '3'),
(0000000488, 0000000008, 0000000003, 0000000001, 'How did you like lunch today?'),
(0000000488, 0000000023, 0000000001, 0000000001, ''),
(0000000488, 0000000057, 0000000001, 0000000001, 'lunch'),
(0000000488, 0000000058, 0000000001, 0000000001, ''),
(0000000488, 0000000068, 0000000003, 0000000001, '[\"did not eat any\", \"the usual\", \"awesome\"]'),
(0000000488, 0000000069, 0000000001, 0000000001, '1'),
(0000000488, 0000000070, 0000000001, 0000000001, '3'),
(0000000489, 0000000023, 0000000001, 0000000001, ''),
(0000000489, 0000000025, 0000000003, 0000000001, 'The style `showUserInput` can be used to fetch user input and display it on the screen. As with the style `formUserInput`, the field `is_log` is used to specify whether multiple entries must be fetched (`is_log` checked) or only one single entry is available (`is_log` unchecked).'),
(0000000490, 0000000022, 0000000003, 0000000001, '`showUserInput` with `is_log` unchecked'),
(0000000490, 0000000023, 0000000001, 0000000001, ''),
(0000000490, 0000000028, 0000000001, 0000000001, 'light'),
(0000000490, 0000000046, 0000000001, 0000000001, '1'),
(0000000490, 0000000047, 0000000001, 0000000001, '0'),
(0000000490, 0000000048, 0000000001, 0000000001, ''),
(0000000491, 0000000022, 0000000003, 0000000001, '`showUserInput` with `is_log` checked'),
(0000000491, 0000000023, 0000000001, 0000000001, 'mt-3'),
(0000000491, 0000000028, 0000000001, 0000000001, 'light'),
(0000000491, 0000000046, 0000000001, 0000000001, '1'),
(0000000491, 0000000047, 0000000001, 0000000001, '0'),
(0000000491, 0000000048, 0000000001, 0000000001, ''),
(0000000492, 0000000023, 0000000001, 0000000001, ''),
(0000000492, 0000000053, 0000000003, 0000000001, 'blog'),
(0000000492, 0000000087, 0000000001, 0000000001, '0'),
(0000000492, 0000000088, 0000000003, 0000000001, ''),
(0000000493, 0000000023, 0000000001, 0000000001, ''),
(0000000493, 0000000053, 0000000003, 0000000001, 'log'),
(0000000493, 0000000087, 0000000001, 0000000001, '1'),
(0000000493, 0000000088, 0000000003, 0000000001, 'Date and Time'),
(0000000494, 0000000023, 0000000001, 0000000001, ''),
(0000000494, 0000000025, 0000000003, 0000000001, 'This form will constantly update existing values in the database without creating a new entry.'),
(0000000495, 0000000023, 0000000001, 0000000001, ''),
(0000000495, 0000000025, 0000000003, 0000000001, 'This form will create a new entry in the database for each data set that is submitted.'),
(0000000496, 0000000023, 0000000001, 0000000001, ''),
(0000000496, 0000000025, 0000000003, 0000000001, 'The following table shows all data fields of the form `blog` from the example page `formUserInput`. Note that the table shows all form-fields of the form `blog` as row headings.'),
(0000000497, 0000000023, 0000000001, 0000000001, ''),
(0000000497, 0000000025, 0000000003, 0000000001, 'The following table shows all data fields of the form `log` from the example page `formUserInput`. Note that the table shows all form-fields of the form `log` as column headings and lists multiple time-stamped entries. The field `label_date_time` is used to define the column heading of the timestamp.'),
(0000000498, 0000000023, 0000000001, 0000000001, ''),
(0000000498, 0000000025, 0000000003, 0000000001, 'The style `radio` is rendered as a list of radio buttons. The field `items` allows to specify the options in the radio list. Note that the field `items` is of type `json` and requires\r\n1. valid json syntax (see https://www.json.org/)\r\n2. a json field `value` and `text` for each select option\r\n\r\nIt is best to copy the example below and adapt the option names and values according to your requirements.\r\n\r\n```\r\n[{\r\n  \"value\":\"1\",\r\n  \"text\": \"Item1\"\r\n},\r\n{\r\n  \"value\":\"2\",\r\n  \"text\":\"Item2\"\r\n},\r\n{\r\n  \"value\":\"3\",\r\n  \"text\": \"Item3\"\r\n}]\r\n```\r\n\r\nThe field `is_inline` specifies whether the radio buttons are listed one below the other or in one line.'),
(0000000499, 0000000022, 0000000003, 0000000001, 'Radio Buttons as List (`is_inline` unchecked)'),
(0000000499, 0000000023, 0000000001, 0000000001, ''),
(0000000499, 0000000028, 0000000001, 0000000001, 'light'),
(0000000499, 0000000046, 0000000001, 0000000001, '1'),
(0000000499, 0000000047, 0000000001, 0000000001, '0'),
(0000000499, 0000000048, 0000000001, 0000000001, ''),
(0000000500, 0000000022, 0000000003, 0000000001, 'Radio Buttons in one Line (`is_inline` checked)'),
(0000000500, 0000000023, 0000000001, 0000000001, 'mt-3'),
(0000000500, 0000000028, 0000000001, 0000000001, 'light'),
(0000000500, 0000000046, 0000000001, 0000000001, '1'),
(0000000500, 0000000047, 0000000001, 0000000001, '0'),
(0000000500, 0000000048, 0000000001, 0000000001, ''),
(0000000501, 0000000008, 0000000003, 0000000001, 'A list of radio buttons to choose from'),
(0000000501, 0000000023, 0000000001, 0000000001, ''),
(0000000501, 0000000056, 0000000001, 0000000001, '0'),
(0000000501, 0000000057, 0000000001, 0000000001, 'radio-col'),
(0000000501, 0000000058, 0000000001, 0000000001, '1'),
(0000000501, 0000000066, 0000000003, 0000000001, '[{\r\n  \"value\":\"1\",\r\n  \"text\": \"Item1\"\r\n},\r\n{\r\n  \"value\":\"2\",\r\n  \"text\":\"Item2\"\r\n},\r\n{\r\n  \"value\":\"3\",\r\n  \"text\": \"Item3\"\r\n}]'),
(0000000501, 0000000085, 0000000001, 0000000001, '0'),
(0000000502, 0000000008, 0000000003, 0000000001, 'A row of radio buttons to choose from'),
(0000000502, 0000000023, 0000000001, 0000000001, ''),
(0000000502, 0000000056, 0000000001, 0000000001, '0'),
(0000000502, 0000000057, 0000000001, 0000000001, 'radio-row'),
(0000000502, 0000000058, 0000000001, 0000000001, '1'),
(0000000502, 0000000066, 0000000003, 0000000001, '[{\r\n  \"value\":\"1\",\r\n  \"text\": \"Item1\"\r\n},\r\n{\r\n  \"value\":\"2\",\r\n  \"text\":\"Item2\"\r\n},\r\n{\r\n  \"value\":\"3\",\r\n  \"text\": \"Item3\"\r\n}]'),
(0000000502, 0000000085, 0000000001, 0000000001, '1'),
(0000000503, 0000000023, 0000000001, 0000000001, ''),
(0000000503, 0000000025, 0000000003, 0000000001, 'The style `div` is a simple invisible wrapper that can be used organise elements freely on the page. This is very versatile in combination with [Bootstrap](https://getbootstrap.com/docs/4.2/getting-started/introduction/) classes (or any custom made style-sheet).\r\n\r\nIn the following some simple examples are shown where [Bootstrap](https://getbootstrap.com/docs/4.2/getting-started/introduction/) classes are used to arrange elements. For the sake of presentation the `div` wrappers are coloured such that it is possible to see how the wrappers are aranged.\r\n\r\nNote that a lot of Bootstrap classes can be used with the `div` style (not only grid classes). In fact, a lot of the styles that are available within the WebApp are based on nested divs.'),
(0000000504, 0000000022, 0000000003, 0000000001, 'Using `div` Styles and Grid Classes from Bootstrap'),
(0000000504, 0000000023, 0000000001, 0000000001, ''),
(0000000504, 0000000028, 0000000001, 0000000001, 'light'),
(0000000504, 0000000046, 0000000001, 0000000001, '1'),
(0000000504, 0000000047, 0000000001, 0000000001, '0'),
(0000000504, 0000000048, 0000000001, 0000000001, ''),
(0000000505, 0000000023, 0000000001, 0000000001, 'row div-container'),
(0000000506, 0000000023, 0000000001, 0000000001, 'col div-container'),
(0000000507, 0000000023, 0000000001, 0000000001, 'col div-container'),
(0000000508, 0000000023, 0000000001, 0000000001, 'div-placeholder'),
(0000000509, 0000000023, 0000000001, 0000000001, ''),
(0000000509, 0000000025, 0000000003, 0000000001, 'Using the [grid](https://getbootstrap.com/docs/4.2/layout/grid/) classes `row` and `col` from Bootstrap it is very easy to create \r\nrows and columns.'),
(0000000510, 0000000023, 0000000001, 0000000001, 'row mt-3'),
(0000000511, 0000000023, 0000000001, 0000000001, 'col'),
(0000000513, 0000000023, 0000000001, 0000000001, ''),
(0000000513, 0000000025, 0000000003, 0000000001, 'A section of style `conditionalContainer` wraps its content in an invisible container (exactly like the style `div`). However, a logic condition can be attached to the container such that the content is only displayed if the condition resolves to true.\r\n\r\nThe field `condition` allows to specify the conditioon. Note that the field `condition` is of type `json` and requires\r\n1. valid json syntax (see https://www.json.org/)\r\n2. a valid condition structure (see https://github.com/jwadhams/json-logic-php/)\r\n\r\nA condition is written in the form\r\n```\r\n{\"<operator>\": [<operand_1>, <operand_2>, ... , <operand_n>]}\r\n```\r\nwhere `<operator>` is one of the following:\r\n - comparison operators: `==`, `!=`, `>`, `<`, `<=`, `>=`\r\n - logic operators: `and`, `or`\r\n - arithmetic operators: `+`, `-`, `/`, `*`, `%`, `max`, `min`\r\n\r\nand `<operand_*>` is either\r\n - a condition (of the form as defined above)\r\n - a literal (number or text)\r\n - a form-field\r\n\r\nIn order to refer to a form-field use the syntax `\"@<form_name>#<from_field_name>\"` (the quotes are necessary to make it valid json syntax) where `<form_name>` is the value of the field `name` of the style `formUserInput` and `<form_field_name>` is the value of the field `name` of any form-field style (see [input styles](https://selfhelp.psy.unibe.ch/demo/style/442)).'),
(0000000514, 0000000022, 0000000003, 0000000001, 'Example'),
(0000000514, 0000000023, 0000000001, 0000000001, ''),
(0000000514, 0000000028, 0000000001, 0000000001, 'light'),
(0000000514, 0000000046, 0000000001, 0000000001, '1'),
(0000000514, 0000000047, 0000000001, 0000000001, '0'),
(0000000514, 0000000048, 0000000001, 0000000001, ''),
(0000000515, 0000000008, 0000000003, 0000000001, 'Update'),
(0000000515, 0000000023, 0000000001, 0000000001, 'mt-3'),
(0000000515, 0000000028, 0000000001, 0000000001, 'primary'),
(0000000515, 0000000035, 0000000003, 0000000001, ''),
(0000000515, 0000000057, 0000000001, 0000000001, 'selection'),
(0000000515, 0000000087, 0000000001, 0000000001, '0'),
(0000000517, 0000000008, 0000000003, 0000000001, 'Choice of Picture'),
(0000000517, 0000000023, 0000000001, 0000000001, ''),
(0000000517, 0000000056, 0000000001, 0000000001, '1'),
(0000000517, 0000000057, 0000000001, 0000000001, 'selection'),
(0000000517, 0000000058, 0000000001, 0000000001, '1'),
(0000000517, 0000000066, 0000000003, 0000000001, '[{\r\n  \"value\":\"1\",\r\n  \"text\": \"female\"\r\n},\r\n{\r\n  \"value\":\"2\",\r\n  \"text\":\"male\"\r\n}]'),
(0000000517, 0000000085, 0000000001, 0000000001, '1'),
(0000000519, 0000000023, 0000000001, 0000000001, ''),
(0000000519, 0000000091, 0000000001, 0000000001, '{\"==\":[1, \"@selection#selection\"]}'),
(0000000519, 0000000097, 0000000001, 0000000001, '0'),
(0000000520, 0000000022, 0000000003, 0000000001, 'Female Image'),
(0000000520, 0000000023, 0000000001, 0000000001, ''),
(0000000520, 0000000029, 0000000001, 0000000001, '1'),
(0000000520, 0000000030, 0000000003, 0000000001, 'Female Image'),
(0000000520, 0000000053, 0000000003, 0000000001, 'female.jpg'),
(0000000521, 0000000023, 0000000001, 0000000001, ''),
(0000000521, 0000000091, 0000000001, 0000000001, '{\"==\":[2, \"@selection#selection\"]}'),
(0000000521, 0000000097, 0000000001, 0000000001, '0'),
(0000000522, 0000000022, 0000000003, 0000000001, 'Male Image'),
(0000000522, 0000000023, 0000000001, 0000000001, ''),
(0000000522, 0000000029, 0000000001, 0000000001, '1'),
(0000000522, 0000000030, 0000000003, 0000000001, 'Male Image'),
(0000000522, 0000000053, 0000000003, 0000000001, 'male.png'),
(0000000523, 0000000023, 0000000001, 0000000001, ''),
(0000000523, 0000000025, 0000000003, 0000000001, 'The following example is constructed with a\r\n- `formUserInput` with field `is_log` unchecked, `name` set to \"form_selector\", and `label` set to \"Update\". The form has the follwing element as child:\r\n  - a `radio` input with field `name` set to \"field_selector\" and `items` set to\r\n```\r\n[{\r\n  \"value\":\"1\",\r\n  \"text\": \"female\"\r\n},\r\n{\r\n  \"value\":\"2\",\r\n  \"text\":\"male\"\r\n}]\r\n```\r\n- two `conditionalContainer`s where one has a female image as child element and the other has a male image as child element.\r\n\r\nThe condition for the `conditionalContainer` with the female image is set to\r\n```\r\n{\"==\":[1, \"@form_selector#field_selector\"]}\r\n```\r\n\r\nThe condition for the `conditionalContainer` with the male image is set to\r\n```\r\n{\"==\":[2, \"@form_selector#field_selector\"]}\r\n```\r\n\r\nNote that the condition compares the form field `@form_selector#field_selector` with either the value `1` or `2` which correspond to the values of the radio button inputs.'),
(0000000524, 0000000023, 0000000001, 0000000001, 'my-3'),
(0000000524, 0000000029, 0000000001, 0000000001, '0'),
(0000000525, 0000000023, 0000000001, 0000000001, 'row'),
(0000000526, 0000000023, 0000000001, 0000000001, 'col-12 col-lg'),
(0000000527, 0000000023, 0000000001, 0000000001, 'col'),
(0000000528, 0000000022, 0000000002, 0000000001, 'Benutzername ändern'),
(0000000528, 0000000022, 0000000003, 0000000001, 'Change the Username'),
(0000000528, 0000000023, 0000000001, 0000000001, 'mb-3'),
(0000000528, 0000000028, 0000000001, 0000000001, 'light'),
(0000000528, 0000000046, 0000000001, 0000000001, '1'),
(0000000528, 0000000047, 0000000001, 0000000001, '0'),
(0000000528, 0000000048, 0000000001, 0000000001, ''),
(0000000529, 0000000022, 0000000002, 0000000001, 'Passwort ändern'),
(0000000529, 0000000022, 0000000003, 0000000001, 'Change the Password'),
(0000000529, 0000000023, 0000000001, 0000000001, ''),
(0000000529, 0000000028, 0000000001, 0000000001, 'light'),
(0000000529, 0000000046, 0000000001, 0000000001, '1'),
(0000000529, 0000000047, 0000000001, 0000000001, '0'),
(0000000529, 0000000048, 0000000001, 0000000001, ''),
(0000000530, 0000000022, 0000000002, 0000000001, 'Account löschen'),
(0000000530, 0000000022, 0000000003, 0000000001, 'Delete the Account'),
(0000000530, 0000000023, 0000000001, 0000000001, 'mt-3'),
(0000000530, 0000000028, 0000000001, 0000000001, 'danger'),
(0000000530, 0000000046, 0000000001, 0000000001, '0'),
(0000000530, 0000000047, 0000000001, 0000000001, '1'),
(0000000530, 0000000048, 0000000001, 0000000001, ''),
(0000000531, 0000000008, 0000000002, 0000000001, 'Ändern'),
(0000000531, 0000000008, 0000000003, 0000000001, 'Change'),
(0000000531, 0000000023, 0000000001, 0000000001, ''),
(0000000531, 0000000027, 0000000001, 0000000001, '#self'),
(0000000531, 0000000028, 0000000001, 0000000001, 'primary'),
(0000000531, 0000000051, 0000000002, 0000000001, ''),
(0000000531, 0000000051, 0000000003, 0000000001, ''),
(0000000531, 0000000052, 0000000001, 0000000001, ''),
(0000000532, 0000000008, 0000000002, 0000000001, ''),
(0000000532, 0000000008, 0000000003, 0000000001, ''),
(0000000532, 0000000023, 0000000001, 0000000001, 'mb-3'),
(0000000532, 0000000054, 0000000001, 0000000001, 'text'),
(0000000532, 0000000055, 0000000002, 0000000001, 'Neuer Benutzername'),
(0000000532, 0000000055, 0000000003, 0000000001, 'New Username'),
(0000000532, 0000000056, 0000000001, 0000000001, '1'),
(0000000532, 0000000057, 0000000001, 0000000001, 'user_name'),
(0000000532, 0000000058, 0000000001, 0000000001, ''),
(0000000533, 0000000008, 0000000002, 0000000001, 'Ändern'),
(0000000533, 0000000008, 0000000003, 0000000001, 'Change'),
(0000000533, 0000000023, 0000000001, 0000000001, ''),
(0000000533, 0000000027, 0000000001, 0000000001, '#self'),
(0000000533, 0000000028, 0000000001, 0000000001, 'primary'),
(0000000533, 0000000051, 0000000002, 0000000001, ''),
(0000000533, 0000000051, 0000000003, 0000000001, ''),
(0000000533, 0000000052, 0000000001, 0000000001, ''),
(0000000534, 0000000008, 0000000002, 0000000001, ''),
(0000000534, 0000000008, 0000000003, 0000000001, ''),
(0000000534, 0000000023, 0000000001, 0000000001, 'mb-3'),
(0000000534, 0000000054, 0000000001, 0000000001, 'password'),
(0000000534, 0000000055, 0000000002, 0000000001, 'Neues Passwort'),
(0000000534, 0000000055, 0000000003, 0000000001, 'New Password'),
(0000000534, 0000000056, 0000000001, 0000000001, '1'),
(0000000534, 0000000057, 0000000001, 0000000001, 'password'),
(0000000534, 0000000058, 0000000001, 0000000001, ''),
(0000000535, 0000000008, 0000000002, 0000000001, ''),
(0000000535, 0000000008, 0000000003, 0000000001, ''),
(0000000535, 0000000023, 0000000001, 0000000001, 'mb-3'),
(0000000535, 0000000054, 0000000001, 0000000001, 'password'),
(0000000535, 0000000055, 0000000002, 0000000001, 'Neues Passwort wiederholen'),
(0000000535, 0000000055, 0000000003, 0000000001, 'Repeat New Password'),
(0000000535, 0000000056, 0000000001, 0000000001, '1'),
(0000000535, 0000000057, 0000000001, 0000000001, 'verification'),
(0000000535, 0000000058, 0000000001, 0000000001, ''),
(0000000536, 0000000023, 0000000001, 0000000001, ''),
(0000000536, 0000000025, 0000000002, 0000000001, 'Alle Benutzerdaten werden gelöscht. Das Löschen des Accounts ist permanent und kann **nicht** rückgängig gemacht werden!\r\n\r\nWenn sie ihren Account wirklich löschen wollen bestätigen Sie dies indem Sie ihre Email Adresse eingeben.'),
(0000000536, 0000000025, 0000000003, 0000000001, 'All user data will be deleted. The deletion of the account is permanent and **cannot** be undone!\r\n\r\nIf you are sure you want to delete the account confirm this by entering your email address.'),
(0000000537, 0000000008, 0000000002, 0000000001, 'Löschen'),
(0000000537, 0000000008, 0000000003, 0000000001, 'Delete'),
(0000000537, 0000000023, 0000000001, 0000000001, ''),
(0000000537, 0000000027, 0000000001, 0000000001, '#self'),
(0000000537, 0000000028, 0000000001, 0000000001, 'danger'),
(0000000537, 0000000051, 0000000002, 0000000001, ''),
(0000000537, 0000000051, 0000000003, 0000000001, ''),
(0000000537, 0000000052, 0000000001, 0000000001, ''),
(0000000538, 0000000008, 0000000002, 0000000001, ''),
(0000000538, 0000000008, 0000000003, 0000000001, ''),
(0000000538, 0000000023, 0000000001, 0000000001, 'mb-3'),
(0000000538, 0000000054, 0000000001, 0000000001, 'email'),
(0000000538, 0000000055, 0000000002, 0000000001, 'Email Adresse'),
(0000000538, 0000000055, 0000000003, 0000000001, 'Email Address'),
(0000000538, 0000000056, 0000000001, 0000000001, '1'),
(0000000538, 0000000057, 0000000001, 0000000001, 'email'),
(0000000538, 0000000058, 0000000001, 0000000001, ''),
(0000000539, 0000000023, 0000000001, 0000000001, ''),
(0000000539, 0000000025, 0000000002, 0000000001, 'Dies ist der Name mit dem Sie angesprochen werden wollen. Aus Gründen der Anonymisierung verwenden Sie bitte **nicht** ihren richtigen Namen.'),
(0000000539, 0000000025, 0000000003, 0000000001, 'The name with which you would like to be addressed. For reasons of anonymity please do **not** use your real name.'),
(0000000540, 0000000022, 0000000002, 0000000001, 'Benachrichtigungen'),
(0000000540, 0000000022, 0000000003, 0000000001, 'Notifications'),
(0000000540, 0000000023, 0000000001, 0000000001, 'mb-3 mb-lg-0'),
(0000000540, 0000000028, 0000000001, 0000000001, 'light'),
(0000000540, 0000000046, 0000000001, 0000000001, '1'),
(0000000540, 0000000047, 0000000001, 0000000001, '0'),
(0000000540, 0000000048, 0000000001, 0000000001, ''),
(0000000541, 0000000023, 0000000001, 0000000001, ''),
(0000000541, 0000000025, 0000000002, 0000000001, 'Hier können sie automatische Benachrichtigungen ein- und ausschalten. Asserdem können sie eine Telefonnummer hinterlegen um per SMS benachrichtigt zu werden. '),
(0000000541, 0000000025, 0000000003, 0000000001, 'Here you can enable and disable automatic notifications.\r\nAlso, by entering a phone number you can choose to be notified by SMS.'),
(0000000542, 0000000008, 0000000002, 0000000001, 'Ändern'),
(0000000542, 0000000008, 0000000003, 0000000001, 'Change'),
(0000000542, 0000000023, 0000000001, 0000000001, ''),
(0000000542, 0000000028, 0000000001, 0000000001, 'primary'),
(0000000542, 0000000035, 0000000002, 0000000001, 'Die Einstellungen für Benachrichtigungen wurden erfolgreich gespeichert'),
(0000000542, 0000000035, 0000000003, 0000000001, 'The notification settings were successfully saved'),
(0000000542, 0000000057, 0000000001, 0000000001, 'notification'),
(0000000542, 0000000087, 0000000001, 0000000001, '0'),
(0000000543, 0000000008, 0000000002, 0000000001, 'Benachrichtigung bei neuer Nachricht im Chat'),
(0000000543, 0000000008, 0000000003, 0000000001, 'Notification on new chat message'),
(0000000543, 0000000023, 0000000001, 0000000001, ''),
(0000000543, 0000000054, 0000000001, 0000000001, 'checkbox'),
(0000000543, 0000000055, 0000000002, 0000000001, 'chat'),
(0000000543, 0000000055, 0000000003, 0000000001, 'chat'),
(0000000543, 0000000056, 0000000001, 0000000001, '0'),
(0000000543, 0000000057, 0000000001, 0000000001, 'chat'),
(0000000543, 0000000058, 0000000001, 0000000001, 'chat'),
(0000000544, 0000000008, 0000000002, 0000000001, 'Benachrichtung bei Inaktivität'),
(0000000544, 0000000008, 0000000003, 0000000001, 'Notification by inactivity'),
(0000000544, 0000000023, 0000000001, 0000000001, ''),
(0000000544, 0000000054, 0000000001, 0000000001, 'checkbox'),
(0000000544, 0000000055, 0000000002, 0000000001, 'reminder'),
(0000000544, 0000000055, 0000000003, 0000000001, 'reminder'),
(0000000544, 0000000056, 0000000001, 0000000001, '0'),
(0000000544, 0000000057, 0000000001, 0000000001, 'reminder'),
(0000000544, 0000000058, 0000000001, 0000000001, 'reminder'),
(0000000545, 0000000008, 0000000002, 0000000001, 'Telefonnummer für SMS Benachrichtigung'),
(0000000545, 0000000008, 0000000003, 0000000001, 'Phone Number for receiving SMS notifications'),
(0000000545, 0000000023, 0000000001, 0000000001, ''),
(0000000545, 0000000054, 0000000001, 0000000001, 'text'),
(0000000545, 0000000055, 0000000002, 0000000001, 'Bitte Telefonnummer eingeben'),
(0000000545, 0000000055, 0000000003, 0000000001, 'Please enter a phone number'),
(0000000545, 0000000056, 0000000001, 0000000001, '0'),
(0000000545, 0000000057, 0000000001, 0000000001, 'phone'),
(0000000545, 0000000058, 0000000001, 0000000001, ''),
(0000000546, 0000000022, 0000000003, 0000000001, 'Carousel'),
(0000000546, 0000000023, 0000000001, 0000000001, ''),
(0000000546, 0000000025, 0000000003, 0000000001, '# Style `carousel`'),
(0000000547, 0000000023, 0000000001, 0000000001, ''),
(0000000547, 0000000025, 0000000003, 0000000001, 'The style `carousel` allows to render a set of images as a slide show. The field `sources` defines the different image sources.\r\n\r\nNote that the field `sources` is of type `json` and requires\r\n1. valid json syntax (see https://www.json.org/)\r\n2. an array of image objects where each image object has the following attributes\r\n  - `source`: specifies the image location (simply use the name of the image if it was uploaded as asset)\r\n  - `alt` (*optional*): specifies the text to be displayed if the image cannot be loaded (a descriptive text is very useful for blind people)\r\n  - `caption` (*optional*): specifies an image caption that will be displayed at the bottom of the image\r\n\r\nIt is best to copy the example below and adapt the image names according to your requirements.\r\n\r\n```\r\n[{\r\n  \"source\": \"slide1.svg\",\r\n  \"alt\": \"Image Description of Slide 1\",\r\n  \"caption\": \"Image Caption of Slide 1\"\r\n},\r\n{\r\n  \"source\":\"slide2.svg\",\r\n  \"alt\": \"Image Description of Slide 2\",\r\n  \"caption\": \"Image Caption of Slide 2\"\r\n},\r\n{\r\n  \"source\":\"slide3.svg\",\r\n  \"alt\": \"Image Description of Slide 3\",\r\n  \"caption\": \"Image Caption of Slide 3\"\r\n}]\r\n```\r\n\r\nThe field `id_prefix` takes any string of characters and will be prepended to the HTML id of the carousel element. Use a unique string if multiple carousels are on the same page. This prevents interference between them.'),
(0000000548, 0000000022, 0000000003, 0000000001, 'Slides Only'),
(0000000548, 0000000023, 0000000001, 0000000001, ''),
(0000000548, 0000000028, 0000000001, 0000000001, 'light'),
(0000000548, 0000000046, 0000000001, 0000000001, '1'),
(0000000548, 0000000047, 0000000001, 0000000001, '0'),
(0000000548, 0000000048, 0000000001, 0000000001, ''),
(0000000549, 0000000022, 0000000003, 0000000001, 'With Controls'),
(0000000549, 0000000023, 0000000001, 0000000001, 'mt-3'),
(0000000549, 0000000028, 0000000001, 0000000001, 'light'),
(0000000549, 0000000046, 0000000001, 0000000001, '1'),
(0000000549, 0000000047, 0000000001, 0000000001, '0'),
(0000000549, 0000000048, 0000000001, 0000000001, ''),
(0000000550, 0000000022, 0000000003, 0000000001, 'With Indicators'),
(0000000550, 0000000023, 0000000001, 0000000001, 'mt-3'),
(0000000550, 0000000028, 0000000001, 0000000001, 'light'),
(0000000550, 0000000046, 0000000001, 0000000001, '1'),
(0000000550, 0000000047, 0000000001, 0000000001, '0'),
(0000000550, 0000000048, 0000000001, 0000000001, ''),
(0000000551, 0000000023, 0000000001, 0000000001, ''),
(0000000551, 0000000071, 0000000003, 0000000001, '[{\r\n  \"source\": \"slide1.svg\",\r\n  \"alt\": \"Image Description of Slide 1\"\r\n},\r\n{\r\n  \"source\":\"slide2.svg\",\r\n  \"alt\": \"Image Description of Slide 2\"\r\n},\r\n{\r\n  \"source\":\"slide3.svg\",\r\n  \"alt\": \"Image Description of Slide 3\"\r\n}]'),
(0000000551, 0000000083, 0000000001, 0000000001, 'clean'),
(0000000551, 0000000099, 0000000001, 0000000001, '0'),
(0000000551, 0000000100, 0000000001, 0000000001, '0'),
(0000000552, 0000000023, 0000000001, 0000000001, ''),
(0000000552, 0000000071, 0000000003, 0000000001, '[{\r\n  \"source\": \"slide1.svg\",\r\n  \"alt\": \"Image Description of Slide 1\"\r\n},\r\n{\r\n  \"source\":\"slide2.svg\",\r\n  \"alt\": \"Image Description of Slide 2\"\r\n},\r\n{\r\n  \"source\":\"slide3.svg\",\r\n  \"alt\": \"Image Description of Slide 3\"\r\n}]'),
(0000000552, 0000000083, 0000000001, 0000000001, 'controls'),
(0000000552, 0000000099, 0000000001, 0000000001, '1'),
(0000000552, 0000000100, 0000000001, 0000000001, '0'),
(0000000553, 0000000023, 0000000001, 0000000001, ''),
(0000000553, 0000000071, 0000000003, 0000000001, '[{\r\n  \"source\": \"slide1.svg\",\r\n  \"alt\": \"Image Description of Slide 1\"\r\n},\r\n{\r\n  \"source\":\"slide2.svg\",\r\n  \"alt\": \"Image Description of Slide 2\"\r\n},\r\n{\r\n  \"source\":\"slide3.svg\",\r\n  \"alt\": \"Image Description of Slide 3\"\r\n}]'),
(0000000553, 0000000083, 0000000001, 0000000001, 'indicators'),
(0000000553, 0000000099, 0000000001, 0000000001, '1'),
(0000000553, 0000000100, 0000000001, 0000000001, '1'),
(0000000554, 0000000023, 0000000001, 0000000001, ''),
(0000000554, 0000000025, 0000000003, 0000000001, 'Enable the field `has_controls` to render controls that allow to manually switch between the images.'),
(0000000555, 0000000023, 0000000001, 0000000001, ''),
(0000000555, 0000000025, 0000000003, 0000000001, 'Enable the field `has_indicators` to render image position indicators at the bottom of the carousel.'),
(0000000556, 0000000022, 0000000003, 0000000001, 'Progress Bar'),
(0000000556, 0000000023, 0000000001, 0000000001, ''),
(0000000556, 0000000025, 0000000003, 0000000001, '# Style `progressBar`'),
(0000000557, 0000000023, 0000000001, 0000000001, ''),
(0000000557, 0000000025, 0000000003, 0000000001, 'The style `progressBar` generates a bar which can be used to indicate how much of the total work has been accomplished.\r\n\r\nThe field `count` defines the current value of the progress bar and the field `count_max` defines the maximal value of the progress bar.'),
(0000000558, 0000000023, 0000000001, 0000000001, ''),
(0000000558, 0000000028, 0000000001, 0000000001, 'primary'),
(0000000558, 0000000060, 0000000001, 0000000001, '1'),
(0000000558, 0000000061, 0000000001, 0000000001, '8'),
(0000000558, 0000000101, 0000000001, 0000000001, '0'),
(0000000558, 0000000102, 0000000001, 0000000001, '0'),
(0000000559, 0000000023, 0000000001, 0000000001, 'mt-1'),
(0000000559, 0000000028, 0000000001, 0000000001, 'secondary'),
(0000000559, 0000000060, 0000000001, 0000000001, '2'),
(0000000559, 0000000061, 0000000001, 0000000001, '8'),
(0000000559, 0000000101, 0000000001, 0000000001, '0'),
(0000000559, 0000000102, 0000000001, 0000000001, '0'),
(0000000560, 0000000023, 0000000001, 0000000001, 'mt-1'),
(0000000560, 0000000028, 0000000001, 0000000001, 'success'),
(0000000560, 0000000060, 0000000001, 0000000001, '3'),
(0000000560, 0000000061, 0000000001, 0000000001, '8'),
(0000000560, 0000000101, 0000000001, 0000000001, '0'),
(0000000560, 0000000102, 0000000001, 0000000001, '0'),
(0000000561, 0000000023, 0000000001, 0000000001, 'mt-1'),
(0000000561, 0000000028, 0000000001, 0000000001, 'danger'),
(0000000561, 0000000060, 0000000001, 0000000001, '4'),
(0000000561, 0000000061, 0000000001, 0000000001, '8'),
(0000000561, 0000000101, 0000000001, 0000000001, '0'),
(0000000561, 0000000102, 0000000001, 0000000001, '0'),
(0000000562, 0000000023, 0000000001, 0000000001, 'mt-1'),
(0000000562, 0000000028, 0000000001, 0000000001, 'warning'),
(0000000562, 0000000060, 0000000001, 0000000001, '5'),
(0000000562, 0000000061, 0000000001, 0000000001, '8'),
(0000000562, 0000000101, 0000000001, 0000000001, '0'),
(0000000562, 0000000102, 0000000001, 0000000001, '0'),
(0000000563, 0000000023, 0000000001, 0000000001, 'mt-1'),
(0000000563, 0000000028, 0000000001, 0000000001, 'info'),
(0000000563, 0000000060, 0000000001, 0000000001, '6'),
(0000000563, 0000000061, 0000000001, 0000000001, '8'),
(0000000563, 0000000101, 0000000001, 0000000001, '0'),
(0000000563, 0000000102, 0000000001, 0000000001, '0'),
(0000000564, 0000000023, 0000000001, 0000000001, 'mt-1'),
(0000000564, 0000000028, 0000000001, 0000000001, 'light'),
(0000000564, 0000000060, 0000000001, 0000000001, '7'),
(0000000564, 0000000061, 0000000001, 0000000001, '8'),
(0000000564, 0000000101, 0000000001, 0000000001, '0'),
(0000000564, 0000000102, 0000000001, 0000000001, '0'),
(0000000565, 0000000023, 0000000001, 0000000001, 'mt-1'),
(0000000565, 0000000028, 0000000001, 0000000001, 'dark'),
(0000000565, 0000000060, 0000000001, 0000000001, '8'),
(0000000565, 0000000061, 0000000001, 0000000001, '8'),
(0000000565, 0000000101, 0000000001, 0000000001, '0'),
(0000000565, 0000000102, 0000000001, 0000000001, '0'),
(0000000566, 0000000022, 0000000003, 0000000001, 'Progress Bar with Label'),
(0000000566, 0000000023, 0000000001, 0000000001, 'mt-3'),
(0000000566, 0000000028, 0000000001, 0000000001, 'light'),
(0000000566, 0000000046, 0000000001, 0000000001, '1'),
(0000000566, 0000000047, 0000000001, 0000000001, '0'),
(0000000566, 0000000048, 0000000001, 0000000001, ''),
(0000000567, 0000000022, 0000000003, 0000000001, 'Striped Progress Bar'),
(0000000567, 0000000023, 0000000001, 0000000001, 'mt-3'),
(0000000567, 0000000028, 0000000001, 0000000001, 'light'),
(0000000567, 0000000046, 0000000001, 0000000001, '1'),
(0000000567, 0000000047, 0000000001, 0000000001, '0'),
(0000000567, 0000000048, 0000000001, 0000000001, ''),
(0000000568, 0000000023, 0000000001, 0000000001, ''),
(0000000568, 0000000025, 0000000003, 0000000001, 'Enabling the field `has_label` will render a textual label on the progress bar indicating the current value and the maximal value: `count`/`count_max`'),
(0000000569, 0000000023, 0000000001, 0000000001, ''),
(0000000569, 0000000028, 0000000001, 0000000001, 'primary'),
(0000000569, 0000000060, 0000000001, 0000000001, '6'),
(0000000569, 0000000061, 0000000001, 0000000001, '10'),
(0000000569, 0000000101, 0000000001, 0000000001, '0'),
(0000000569, 0000000102, 0000000001, 0000000001, '1'),
(0000000570, 0000000023, 0000000001, 0000000001, ''),
(0000000570, 0000000025, 0000000003, 0000000001, 'Enabling the field `is_striped` will add diagonal stripes to the progress bar corresponding to the chosen colour scheme.'),
(0000000571, 0000000023, 0000000001, 0000000001, ''),
(0000000571, 0000000028, 0000000001, 0000000001, 'primary'),
(0000000571, 0000000060, 0000000001, 0000000001, '6'),
(0000000571, 0000000061, 0000000001, 0000000001, '10'),
(0000000571, 0000000101, 0000000001, 0000000001, '1'),
(0000000571, 0000000102, 0000000001, 0000000001, '0'),
(0000000572, 0000000022, 0000000003, 0000000001, 'Progress Bar Colours'),
(0000000572, 0000000023, 0000000001, 0000000001, ''),
(0000000572, 0000000028, 0000000001, 0000000001, 'light'),
(0000000572, 0000000046, 0000000001, 0000000001, '1'),
(0000000572, 0000000047, 0000000001, 0000000001, '0'),
(0000000572, 0000000048, 0000000001, 0000000001, ''),
(0000000573, 0000000023, 0000000001, 0000000001, ''),
(0000000573, 0000000025, 0000000003, 0000000001, 'The colour of the progress bar can be chosen with the field `type`.'),
(0000000574, 0000000022, 0000000003, 0000000001, 'With Image Captions'),
(0000000574, 0000000023, 0000000001, 0000000001, 'mt-3'),
(0000000574, 0000000028, 0000000001, 0000000001, 'light'),
(0000000574, 0000000046, 0000000001, 0000000001, '1'),
(0000000574, 0000000047, 0000000001, 0000000001, '0'),
(0000000574, 0000000048, 0000000001, 0000000001, ''),
(0000000575, 0000000022, 0000000003, 0000000001, 'Crossfade'),
(0000000575, 0000000023, 0000000001, 0000000001, 'mt-3'),
(0000000575, 0000000028, 0000000001, 0000000001, 'light'),
(0000000575, 0000000046, 0000000001, 0000000001, '1'),
(0000000575, 0000000047, 0000000001, 0000000001, '0'),
(0000000575, 0000000048, 0000000001, 0000000001, ''),
(0000000576, 0000000023, 0000000001, 0000000001, ''),
(0000000576, 0000000025, 0000000003, 0000000001, 'A caption is displayed on each image when adding a `caption` attribute to each image object in the json string.'),
(0000000577, 0000000023, 0000000001, 0000000001, ''),
(0000000577, 0000000071, 0000000003, 0000000001, '[{\r\n  \"source\": \"slide1.svg\",\r\n  \"alt\": \"Image Description of Slide 1\",\r\n  \"caption\": \"Image Caption of Slide 1\"\r\n},\r\n{\r\n  \"source\":\"slide2.svg\",\r\n  \"alt\": \"Image Description of Slide 2\",\r\n  \"caption\": \"Image Caption of Slide 2\"\r\n},\r\n{\r\n  \"source\":\"slide3.svg\",\r\n  \"alt\": \"Image Description of Slide 3\",\r\n  \"caption\": \"Image Caption of Slide 3\"\r\n}]'),
(0000000577, 0000000083, 0000000001, 0000000001, 'caption'),
(0000000577, 0000000099, 0000000001, 0000000001, '1'),
(0000000577, 0000000100, 0000000001, 0000000001, '1'),
(0000000578, 0000000023, 0000000001, 0000000001, ''),
(0000000578, 0000000025, 0000000003, 0000000001, 'Enabling the field `has_crossfade` will make the images fade from one to another instead of sliding.'),
(0000000579, 0000000023, 0000000001, 0000000001, ''),
(0000000579, 0000000071, 0000000003, 0000000001, '[{\r\n  \"source\": \"slide1.svg\",\r\n  \"alt\": \"Image Description of Slide 1\"\r\n},\r\n{\r\n  \"source\":\"slide2.svg\",\r\n  \"alt\": \"Image Description of Slide 2\"\r\n},\r\n{\r\n  \"source\":\"slide3.svg\",\r\n  \"alt\": \"Image Description of Slide 3\"\r\n}]'),
(0000000579, 0000000083, 0000000001, 0000000001, 'crossfade'),
(0000000579, 0000000099, 0000000001, 0000000001, '1'),
(0000000579, 0000000100, 0000000001, 0000000001, '0'),
(0000000579, 0000000103, 0000000001, 0000000001, '1'),
(0000000580, 0000000022, 0000000003, 0000000001, ''),
(0000000580, 0000000023, 0000000001, 0000000001, 'sticky-top d-none d-md-block'),
(0000000580, 0000000028, 0000000001, 0000000001, 'light'),
(0000000580, 0000000046, 0000000001, 0000000001, '1'),
(0000000580, 0000000047, 0000000001, 0000000001, '0'),
(0000000580, 0000000048, 0000000001, 0000000001, ''),
(0000000581, 0000000008, 0000000003, 0000000001, 'Slides Only'),
(0000000581, 0000000023, 0000000001, 0000000001, 'd-block'),
(0000000581, 0000000027, 0000000001, 0000000001, '#style/carousel-navigationContainer#carousel-clean-card'),
(0000000581, 0000000086, 0000000001, 0000000001, '0'),
(0000000583, 0000000008, 0000000003, 0000000001, 'With Controls'),
(0000000583, 0000000023, 0000000001, 0000000001, 'd-block'),
(0000000583, 0000000027, 0000000001, 0000000001, '#style/carousel-navigationContainer#carousel-controls-card'),
(0000000583, 0000000086, 0000000001, 0000000001, '0'),
(0000000584, 0000000008, 0000000003, 0000000001, 'To the Top'),
(0000000584, 0000000023, 0000000001, 0000000001, ''),
(0000000584, 0000000027, 0000000001, 0000000001, '#style/carousel-navigationContainer'),
(0000000584, 0000000086, 0000000001, 0000000001, '0'),
(0000000585, 0000000008, 0000000003, 0000000001, 'With Indicators'),
(0000000585, 0000000023, 0000000001, 0000000001, 'd-block'),
(0000000585, 0000000027, 0000000001, 0000000001, '#style/carousel-navigationContainer#carousel-indicators-card'),
(0000000585, 0000000086, 0000000001, 0000000001, '0'),
(0000000586, 0000000008, 0000000003, 0000000001, 'With Captions'),
(0000000586, 0000000023, 0000000001, 0000000001, 'd-block'),
(0000000586, 0000000027, 0000000001, 0000000001, '#style/carousel-navigationContainer#carousel-caption-card'),
(0000000586, 0000000086, 0000000001, 0000000001, '0'),
(0000000587, 0000000008, 0000000003, 0000000001, 'Crossfade'),
(0000000587, 0000000023, 0000000001, 0000000001, 'd-block'),
(0000000587, 0000000027, 0000000001, 0000000001, '#style/carousel-navigationContainer#carousel-crossfade-card'),
(0000000587, 0000000086, 0000000001, 0000000001, '0'),
(0000000588, 0000000023, 0000000001, 0000000001, 'row'),
(0000000589, 0000000023, 0000000001, 0000000001, 'col'),
(0000000590, 0000000023, 0000000001, 0000000001, 'col-auto'),
(0000000591, 0000000022, 0000000003, 0000000001, 'Login'),
(0000000591, 0000000023, 0000000001, 0000000001, ''),
(0000000591, 0000000025, 0000000003, 0000000001, '# Style `login`'),
(0000000592, 0000000022, 0000000003, 0000000001, 'Register'),
(0000000592, 0000000023, 0000000001, 0000000001, ''),
(0000000592, 0000000025, 0000000003, 0000000001, '# Style `register`'),
(0000000593, 0000000022, 0000000003, 0000000001, 'Chat'),
(0000000593, 0000000023, 0000000001, 0000000001, ''),
(0000000593, 0000000025, 0000000003, 0000000001, '# Style `chat`'),
(0000000594, 0000000022, 0000000003, 0000000001, 'Validate'),
(0000000594, 0000000023, 0000000001, 0000000001, ''),
(0000000594, 0000000025, 0000000003, 0000000001, '# Style `validate`'),
(0000000595, 0000000022, 0000000003, 0000000001, 'ResetPassword'),
(0000000595, 0000000023, 0000000001, 0000000001, ''),
(0000000595, 0000000025, 0000000003, 0000000001, '# Style `resetPassword`'),
(0000000596, 0000000022, 0000000003, 0000000001, 'Profile'),
(0000000596, 0000000023, 0000000001, 0000000001, ''),
(0000000596, 0000000025, 0000000003, 0000000001, '# Style `profile`'),
(0000000597, 0000000023, 0000000001, 0000000001, ''),
(0000000597, 0000000025, 0000000003, 0000000001, 'The admin styles are for user registration and access handling.\r\nThe following styles are available:\r\n\r\n- `chat` provides the user interface to enable communication between a subject and a therapist.\r\n- `login` provides a small form where the user can enter his or her email and password to access the WebApp. It also includes a link to reset a password.\r\n- `profile` enables a user to configure his or her user account.\r\n- `register` provides a small form to allow a user to register for the WebApp. In order to register a user must provide a valid email and activation code. Activation codes can be generated in the admin section of the WebApp. The list of available codes can be exported.\r\n- `resetPassword` provides the form for a user to reset the password.\r\n- `validate` provides to form for a user to validate his or her email address.'),
(0000000598, 0000000023, 0000000001, 0000000001, ''),
(0000000598, 0000000025, 0000000003, 0000000001, 'By default, an instance of the style `chat` can be found in the page `contact`.\r\nThe style offers the following fields to customize the text that is displayed to the user.\r\n\r\n- `alert_fail`: The here defined text will be displayed in an danger-alert-box if it was not possible to send the message. If this alert is shown there is probably an issue with the server.\r\n- `alt`: This message is displayed to a user in the role `Therapist` if no `Subject` is selected.\r\n- `label_lobby`: The name of the root chat room (the room every user is part of).\r\n- `label_new`: This text is used as a divider between messages that are already read and new messages.\r\n- `label_submit`: The text on the submit button.\r\n- `title_prefix`: This is the first part of the text that is displayed in the message card header. The second part of this text depends on the role of the user.\r\n- `experimenter`: This is the second part of the message card header if the role of the user is `Therapist`.\r\n- `subjects`: This is the second part of the message card header if the role of the user is `Subject`.\r\n\r\nNote that the chat interface changes slightly depending on the role of a user. For a more detailed description on how chat roles differ, refer to the documentation in `Admin/Chat Rooms` of your Selfhelp WebApp.\r\n\r\nNote that a user can choose to get an email when a new message is sent to him or her.  The content of this email can be customized in `Admin/Email CMS` (`email_notification`).'),
(0000000600, 0000000023, 0000000001, 0000000001, '');
INSERT INTO `sections_fields_translation` (`id_sections`, `id_fields`, `id_languages`, `id_genders`, `content`) VALUES
(0000000600, 0000000025, 0000000003, 0000000001, 'By default, an instance of the style `login` can be found on the page `login`.\r\nThe style offers the following fields to customize the text that is displayed to the user.\r\n\r\n- `type`: This allows to choose the colour scheme for the login form.\r\n- `alert_fail`: This text is displayed in a danger-alert-box whenever the login fails.\r\n- `label_login`: The text on the login button.\r\n- `label_pw`: The placeholder in the password input field.\r\n- `label_pw_reset`: The name of the password reset link.\r\n- `label_user`: The placeholder in the email input field.\r\n- `login_title`: The text displayed in the login card header.'),
(0000000601, 0000000023, 0000000001, 0000000001, ''),
(0000000601, 0000000025, 0000000003, 0000000001, 'By default, an instance of the style `register` can be found on the page `login`.\r\nThe style offers the following fields to customize the text that is displayed to the user.\r\n\r\n- `type`: This allows to choose the colour scheme for the register form.\r\n- `alert_fail`: This text is displayed in a danger-alert-box whenever the registration fails.\r\n- `alert_success`: Upon successful registration the registration form is replaced with a `jumbotron` which hold this text.\r\n- `label_pw`: The placeholder in the validation code input field.\r\n- `label_submit`: The text on the registration button.\r\n- `label_user`: The placeholder in the email input field.\r\n- `success`: Upon successful registration the registration form is replaced with a `jumbotron` which holds this text as a heading.\r\n- `title`: The text displayed in the register card header.\r\n\r\nNote that the content of the email which is sent to the user can be customized in `Admin/Email CMS` (`email_activate`).'),
(0000000602, 0000000023, 0000000001, 0000000001, ''),
(0000000602, 0000000025, 0000000003, 0000000001, 'By default, an instance of the style `profile` can be found on the page `profile-link/profile`. The style offers the following fields to customize the text that is displayed to the user.\r\n\r\n- `alert_del_fail`: This text will be displayed if a user wants to delete his or her account but the operation failed.\r\n- `alert_del_success`: This text will be displayed upon successful deletion of a user account. \r\n- `alert_fail`: This text will be displayed if a user was unable to change his settings.\r\n- `alert_success`: This text will be displayed upon successful change of user settings. \r\n- `children`: This field holds the main structure of the profile page content. Styles were used to construct this in order to keep the layout consistent. In order to change specific aspects of the profile page, navigate through the children and make changes where needed.'),
(0000000603, 0000000023, 0000000001, 0000000001, ''),
(0000000603, 0000000025, 0000000003, 0000000001, 'By default, an instance of the style `resetPassword` can be found on the page `resetPassword`. This page is reached when clicking the reset password link in the `login` style. The style offers the following fields to customize the text that is displayed to the user.\r\n\r\n- `alert_fail`: This text is displayed in a danger-alert-box if the email to reset the password could not be sent to the user.\r\n- `alert_success`: Upon successful reset operation the reset password form is replaced with a `jumbotron` which hold this text.\r\n- `label_login`: The text on the link pointing to the login page.\r\n- `label_pw_reset`: The text on the submission button to reset the password.\r\n- `placeholder`: The placeholder of the email input field.\r\n- `success`: Upon successful reset operation the reset password form is replaced with a `jumbotron` which holds this text as a heading.\r\n- `text_md`: The text describing to the user how the process of resetting the password works.\r\n\r\nNote that the content of the email which is sent to the user can be customized in `Admin/Email CMS` (`email_reset`).'),
(0000000604, 0000000023, 0000000001, 0000000001, ''),
(0000000604, 0000000025, 0000000003, 0000000001, 'By default, an instance of the style `validate` can be found in the page `validate`. The style offers the following fields to customize the text that is displayed to the user.\r\n\r\n- `name`: The validate style allows to add custom input fields in order to collect further data about the user. This data is stored in the database like any other user input. The content of the field `name` will be used in the column `form_name` of the user data export (in the menu `Admin/Export`) for all custom validation input fields.\r\n- `alert_fail`: This text is displayed in an danger-alert-box if the validation fails.\r\n- `alert_success`: On successful validation a new page appears where the content of this field is displayed in a `jumbotron`.\r\n- `gender_female`: The label next to the female radio button option.\r\n- `gender_male`: The label next to the male radio button option.\r\n- `label_activate`: The text on the submit button to activate the user account.\r\n- `label_gender`: The label above the gender selection radio buttons.\r\n- `label_login`: The text on the back to login link on the success page.\r\n- `label_name`: The label above the username input field.\r\n- `label_pw`: The label above the password input fields.\r\n- `label_pw_confirm`: The placeholder for the password confirmation input field.\r\n- `name_placeholder`: The placeholder for the username input field.\r\n- `pw_placeholder`: The placeholder for the password input field.\r\n- `subtitle`: The text in the card header of the validation form.\r\n- `success`: On successful validation a new page appears where the content of this field is displayed in as a heading in a `jumbotron`.\r\n- `name_description`: The small description text below the username input field. \r\n- `title`: The title of the validation page.\r\n- `children`: This field is intended for custom input fields that allow the collect further information about a user (also see field `name`).'),
(0000000605, 0000000022, 0000000003, 0000000001, 'Json'),
(0000000605, 0000000023, 0000000001, 0000000001, ''),
(0000000605, 0000000025, 0000000003, 0000000001, '# Style `json`'),
(0000000606, 0000000023, 0000000001, 0000000001, ''),
(0000000606, 0000000025, 0000000003, 0000000001, 'The style `json` allows to specify nested base styles as a JSON string.\r\n\r\nThere are a few things to note:\r\n - the key `_baseStyle` must be used to indicate that the assigned object is a *style object*\r\n - the *style object* must contain the key `_name` where the value must match a style name\r\n - the *style object* must contain the key `_fields` where the value is an object holding all required fields of the style (refer to the <a href=\"https://selfhelp.psy.unibe.ch/demo/styles\" target=\"_blank\">style documentation</a> for more information)\r\n\r\nFor example, the following syntax allows to define a alert style wrapping a markdown style:\r\n\r\n```json\r\n{\r\n    \"_baseStyle\": {\r\n        \"_name\": \"alert\",\r\n        \"_fields\": {\r\n            \"type\": \"success\",\r\n            \"is_dismissable\": true,\r\n            \"children\": [{\r\n                \"_baseStyle\": {\r\n                    \"_name\": \"markdownInline\",\r\n                    \"_fields\": {\r\n                        \"text_md_inline\": \"This is **bold**\"\r\n                    }\r\n                }\r\n            }]\r\n        }\r\n    }\r\n}\r\n```'),
(0000000607, 0000000022, 0000000003, 0000000001, 'An Example'),
(0000000607, 0000000023, 0000000001, 0000000001, ''),
(0000000607, 0000000028, 0000000001, 0000000001, 'light'),
(0000000607, 0000000046, 0000000001, 0000000001, '1'),
(0000000607, 0000000047, 0000000001, 0000000001, '0'),
(0000000607, 0000000048, 0000000001, 0000000001, ''),
(0000000608, 0000000023, 0000000001, 0000000001, ''),
(0000000608, 0000000105, 0000000003, 0000000001, '{\r\n    \"_baseStyle\": {\r\n        \"_name\": \"alert\",\r\n        \"_fields\": {\r\n            \"type\": \"success\",\r\n            \"is_dismissable\": true,\r\n            \"children\": [{\r\n                \"_baseStyle\": {\r\n                    \"_name\": \"markdownInline\",\r\n                    \"_fields\": {\r\n                        \"text_md_inline\": \"This is **bold**\"\r\n                    }\r\n                }\r\n            }]\r\n        }\r\n    }\r\n}'),
(0000000609, 0000000023, 0000000001, 0000000001, ''),
(0000000609, 0000000025, 0000000003, 0000000001, 'The following was created by using the style `json` and the code described above.'),
(0000000610, 0000000023, 0000000001, 0000000001, ''),
(0000000610, 0000000028, 0000000001, 0000000001, 'warning'),
(0000000610, 0000000045, 0000000001, 0000000001, '0'),
(0000000611, 0000000023, 0000000001, 0000000001, ''),
(0000000611, 0000000025, 0000000003, 0000000001, '**A note of caution:** It is not recommended to use this style extensively because it is rather hard to debug.'),
(0000000612, 0000000022, 0000000003, 0000000001, 'Radio Buttons with Images'),
(0000000612, 0000000023, 0000000001, 0000000001, 'mt-3'),
(0000000612, 0000000028, 0000000001, 0000000001, 'light'),
(0000000612, 0000000046, 0000000001, 0000000001, '1'),
(0000000612, 0000000047, 0000000001, 0000000001, '0'),
(0000000612, 0000000048, 0000000001, 0000000001, ''),
(0000000613, 0000000023, 0000000001, 0000000001, ''),
(0000000613, 0000000025, 0000000003, 0000000001, 'With a little the help of the functionality provided by the [`json` style](#style/json-navigationContainer), it is possible to render images (or any other style fro that matter) next to the radio buttons instead of simple text.\r\n\r\nUsing the following code in the `items` field of the style `radio` a list of a radio buttons with images can be generated:\r\n```json\r\n[{\r\n  \"value\":\"1\",\r\n  \"text\": { \"_baseStyle\": {\"_name\": \"image\", \"_fields\": {\r\n    \"alt\": \"test\",\r\n    \"title\": \"Test\",\r\n    \"source\": \"https://via.placeholder.com/200x30\"\r\n  }}}\r\n},\r\n{\r\n  \"value\":\"2\",\r\n  \"text\": { \"_baseStyle\": {\"_name\": \"image\", \"_fields\": {\r\n    \"alt\": \"test\",\r\n    \"title\": \"Test\",\r\n    \"source\": \"https://via.placeholder.com/200x30\"\r\n  }}}\r\n},\r\n{\r\n  \"value\":\"3\",\r\n  \"text\": { \"_baseStyle\": {\"_name\": \"image\", \"_fields\": {\r\n    \"alt\": \"test\",\r\n    \"title\": \"Test\",\r\n    \"source\": \"https://via.placeholder.com/200x30\"\r\n  }}}\r\n}]\r\n```\r\n\r\nNote that compared to the `json` example presented in the introduction, now the key `\"text\"` has an object with special syntax as explained in the [`json` style](#style/json-navigationContainer).\r\n\r\nIn the following, the output of this example is rendered (with field `is_inline` checked).'),
(0000000614, 0000000008, 0000000003, 0000000001, ''),
(0000000614, 0000000023, 0000000001, 0000000001, ''),
(0000000614, 0000000056, 0000000001, 0000000001, '0'),
(0000000614, 0000000057, 0000000001, 0000000001, 'radio-img'),
(0000000614, 0000000058, 0000000001, 0000000001, '1'),
(0000000614, 0000000066, 0000000003, 0000000001, '[{\r\n  \"value\":\"1\",\r\n  \"text\": { \"_baseStyle\": {\"_name\": \"image\", \"_fields\": {\r\n    \"alt\": \"test\",\r\n    \"title\": \"Test\",\r\n    \"source\": \"https://via.placeholder.com/200x30\"\r\n  }}}\r\n},\r\n{\r\n  \"value\":\"2\",\r\n  \"text\": { \"_baseStyle\": {\"_name\": \"image\", \"_fields\": {\r\n    \"alt\": \"test\",\r\n    \"title\": \"Test\",\r\n    \"source\": \"https://via.placeholder.com/200x30\"\r\n  }}}\r\n},\r\n{\r\n  \"value\":\"3\",\r\n  \"text\": { \"_baseStyle\": {\"_name\": \"image\", \"_fields\": {\r\n    \"alt\": \"test\",\r\n    \"title\": \"Test\",\r\n    \"source\": \"https://via.placeholder.com/200x30\"\r\n  }}}\r\n}]'),
(0000000614, 0000000085, 0000000001, 0000000001, '1');

-- --------------------------------------------------------

--
-- Table structure for table `sections_hierarchy`
--

CREATE TABLE `sections_hierarchy` (
  `parent` int(10) UNSIGNED ZEROFILL NOT NULL,
  `child` int(10) UNSIGNED ZEROFILL NOT NULL,
  `position` int(11) DEFAULT NULL
) ENGINE=InnoDB DEFAULT CHARSET=utf8;

--
-- Dumping data for table `sections_hierarchy`
--

INSERT INTO `sections_hierarchy` (`parent`, `child`, `position`) VALUES
(0000000001, 0000000008, 10),
(0000000001, 0000000348, 0),
(0000000002, 0000000524, 0),
(0000000003, 0000000004, NULL),
(0000000004, 0000000005, 0),
(0000000004, 0000000006, 10),
(0000000004, 0000000007, 20),
(0000000004, 0000000008, 30),
(0000000009, 0000000010, 0),
(0000000010, 0000000007, 20),
(0000000010, 0000000008, 30),
(0000000010, 0000000011, 0),
(0000000010, 0000000015, 10),
(0000000012, 0000000013, 0),
(0000000013, 0000000007, 20),
(0000000013, 0000000011, 0),
(0000000013, 0000000014, 10),
(0000000013, 0000000386, 30),
(0000000019, 0000000388, 10),
(0000000020, 0000000406, 0),
(0000000020, 0000000408, 20),
(0000000020, 0000000413, 30),
(0000000180, 0000000188, 0),
(0000000181, 0000000188, 0),
(0000000182, 0000000188, 0),
(0000000183, 0000000188, 0),
(0000000184, 0000000188, 0),
(0000000185, 0000000188, 0),
(0000000186, 0000000188, 0),
(0000000187, 0000000188, 0),
(0000000189, 0000000180, 10),
(0000000189, 0000000181, 20),
(0000000189, 0000000182, 30),
(0000000189, 0000000183, 40),
(0000000189, 0000000184, 50),
(0000000189, 0000000185, 60),
(0000000189, 0000000186, 70),
(0000000189, 0000000187, 80),
(0000000189, 0000000225, 0),
(0000000190, 0000000191, 10),
(0000000190, 0000000227, 0),
(0000000191, 0000000192, 0),
(0000000206, 0000000207, 10),
(0000000206, 0000000208, 20),
(0000000206, 0000000209, 30),
(0000000206, 0000000210, 40),
(0000000206, 0000000211, 50),
(0000000206, 0000000212, 60),
(0000000206, 0000000213, 70),
(0000000206, 0000000214, 80),
(0000000206, 0000000224, 0),
(0000000207, 0000000188, 0),
(0000000208, 0000000188, 0),
(0000000209, 0000000188, 0),
(0000000210, 0000000188, 0),
(0000000211, 0000000188, 0),
(0000000212, 0000000188, 0),
(0000000213, 0000000188, 0),
(0000000214, 0000000188, 0),
(0000000215, 0000000216, 10),
(0000000215, 0000000223, 0),
(0000000216, 0000000188, 0),
(0000000219, 0000000220, 10),
(0000000219, 0000000222, 0),
(0000000220, 0000000188, 0),
(0000000231, 0000000232, 10),
(0000000231, 0000000244, 0),
(0000000232, 0000000233, 0),
(0000000232, 0000000234, 10),
(0000000232, 0000000235, 20),
(0000000232, 0000000236, 30),
(0000000232, 0000000237, 40),
(0000000232, 0000000238, 50),
(0000000232, 0000000239, 60),
(0000000232, 0000000240, 70),
(0000000233, 0000000241, 0),
(0000000234, 0000000188, 0),
(0000000258, 0000000259, 0),
(0000000259, 0000000188, 0),
(0000000260, 0000000261, 0),
(0000000261, 0000000188, 0),
(0000000263, 0000000188, 0),
(0000000264, 0000000258, 10),
(0000000264, 0000000267, 0),
(0000000265, 0000000260, 10),
(0000000265, 0000000268, 0),
(0000000272, 0000000279, 0),
(0000000275, 0000000466, 0),
(0000000283, 0000000307, 10),
(0000000285, 0000000286, 10),
(0000000285, 0000000287, 80),
(0000000285, 0000000288, 30),
(0000000285, 0000000289, 0),
(0000000285, 0000000290, 120),
(0000000285, 0000000291, 40),
(0000000285, 0000000292, 50),
(0000000285, 0000000293, 60),
(0000000285, 0000000294, 70),
(0000000285, 0000000295, 90),
(0000000285, 0000000296, 100),
(0000000285, 0000000297, 110),
(0000000285, 0000000298, 130),
(0000000285, 0000000299, 140),
(0000000285, 0000000300, 20),
(0000000305, 0000000306, 0),
(0000000305, 0000000308, 10),
(0000000330, 0000000310, 10),
(0000000330, 0000000332, 0),
(0000000331, 0000000309, 10),
(0000000331, 0000000311, 20),
(0000000331, 0000000333, 0),
(0000000335, 0000000336, 0),
(0000000335, 0000000409, 20),
(0000000336, 0000000337, 0),
(0000000339, 0000000340, 0),
(0000000339, 0000000341, 10),
(0000000341, 0000000188, 0),
(0000000346, 0000000347, 0),
(0000000346, 0000000427, 10),
(0000000349, 0000000351, 10),
(0000000349, 0000000354, 0),
(0000000352, 0000000349, 10),
(0000000352, 0000000350, 0),
(0000000352, 0000000355, 20),
(0000000352, 0000000358, 30),
(0000000355, 0000000356, 0),
(0000000355, 0000000357, 10),
(0000000358, 0000000359, 0),
(0000000358, 0000000360, 10),
(0000000362, 0000000364, 0),
(0000000362, 0000000365, 10),
(0000000362, 0000000366, 30),
(0000000362, 0000000367, 20),
(0000000362, 0000000429, 40),
(0000000363, 0000000374, 0),
(0000000363, 0000000375, 10),
(0000000363, 0000000376, 20),
(0000000363, 0000000377, 30),
(0000000365, 0000000368, 0),
(0000000365, 0000000371, 10),
(0000000366, 0000000369, 10),
(0000000366, 0000000370, 0),
(0000000367, 0000000372, 0),
(0000000367, 0000000373, 10),
(0000000375, 0000000378, 0),
(0000000375, 0000000379, 10),
(0000000375, 0000000380, 20),
(0000000375, 0000000381, 30),
(0000000376, 0000000382, 0),
(0000000376, 0000000383, 10),
(0000000377, 0000000384, 0),
(0000000377, 0000000385, 10),
(0000000388, 0000000387, 0),
(0000000389, 0000000390, 0),
(0000000389, 0000000424, 10),
(0000000390, 0000000391, 0),
(0000000392, 0000000393, 0),
(0000000392, 0000000423, 80),
(0000000393, 0000000394, 0),
(0000000406, 0000000407, 0),
(0000000408, 0000000405, 0),
(0000000409, 0000000027, 0),
(0000000413, 0000000414, 0),
(0000000416, 0000000398, 0),
(0000000417, 0000000411, 0),
(0000000418, 0000000396, 0),
(0000000419, 0000000400, 0),
(0000000420, 0000000402, 0),
(0000000421, 0000000404, 0),
(0000000423, 0000000422, 0),
(0000000424, 0000000426, 10),
(0000000427, 0000000428, 0),
(0000000429, 0000000430, 0),
(0000000429, 0000000431, 10),
(0000000432, 0000000433, 0),
(0000000437, 0000000001, 1),
(0000000437, 0000000436, 2),
(0000000438, 0000000456, 0),
(0000000439, 0000000457, 0),
(0000000440, 0000000458, 0),
(0000000442, 0000000470, 0),
(0000000443, 0000000597, 0),
(0000000444, 0000000189, 10),
(0000000444, 0000000190, 20),
(0000000444, 0000000226, 0),
(0000000445, 0000000206, 10),
(0000000445, 0000000215, 30),
(0000000445, 0000000219, 20),
(0000000445, 0000000338, 0),
(0000000445, 0000000339, 40),
(0000000446, 0000000513, 0),
(0000000446, 0000000514, 10),
(0000000447, 0000000264, 20),
(0000000447, 0000000265, 10),
(0000000447, 0000000266, 0),
(0000000448, 0000000263, 10),
(0000000448, 0000000269, 0),
(0000000449, 0000000503, 0),
(0000000449, 0000000504, 10),
(0000000450, 0000000271, 0),
(0000000451, 0000000243, 10),
(0000000451, 0000000246, 0),
(0000000452, 0000000231, 10),
(0000000452, 0000000245, 0),
(0000000453, 0000000254, 0),
(0000000454, 0000000250, 0),
(0000000455, 0000000256, 0),
(0000000459, 0000000196, 10),
(0000000459, 0000000197, 20),
(0000000459, 0000000198, 30),
(0000000459, 0000000199, 40),
(0000000459, 0000000200, 50),
(0000000459, 0000000201, 60),
(0000000459, 0000000202, 70),
(0000000459, 0000000203, 80),
(0000000459, 0000000204, 0),
(0000000460, 0000000461, 0),
(0000000462, 0000000468, 0),
(0000000462, 0000000469, 10),
(0000000463, 0000000275, 10),
(0000000463, 0000000276, 0),
(0000000464, 0000000281, 0),
(0000000464, 0000000466, 20),
(0000000465, 0000000278, 0),
(0000000465, 0000000467, 10),
(0000000471, 0000000285, 10),
(0000000471, 0000000326, 0),
(0000000473, 0000000498, 0),
(0000000473, 0000000499, 10),
(0000000473, 0000000500, 20),
(0000000473, 0000000612, 30),
(0000000474, 0000000305, 10),
(0000000474, 0000000329, 0),
(0000000474, 0000000330, 30),
(0000000474, 0000000331, 20),
(0000000475, 0000000313, 0),
(0000000475, 0000000314, 10),
(0000000476, 0000000302, 10),
(0000000476, 0000000303, 0),
(0000000477, 0000000316, 10),
(0000000477, 0000000317, 20),
(0000000477, 0000000318, 30),
(0000000477, 0000000319, 40),
(0000000477, 0000000320, 50),
(0000000477, 0000000321, 60),
(0000000477, 0000000322, 70),
(0000000477, 0000000323, 80),
(0000000477, 0000000324, 0),
(0000000477, 0000000343, 90),
(0000000477, 0000000344, 100),
(0000000478, 0000000480, 0),
(0000000478, 0000000481, 10),
(0000000478, 0000000482, 20),
(0000000479, 0000000489, 0),
(0000000479, 0000000490, 10),
(0000000479, 0000000491, 20),
(0000000481, 0000000483, 10),
(0000000481, 0000000494, 0),
(0000000482, 0000000486, 10),
(0000000482, 0000000495, 0),
(0000000483, 0000000484, 0),
(0000000483, 0000000485, 10),
(0000000486, 0000000487, 0),
(0000000486, 0000000488, 10),
(0000000490, 0000000492, 10),
(0000000490, 0000000496, 0),
(0000000491, 0000000493, 10),
(0000000491, 0000000497, 0),
(0000000499, 0000000501, 0),
(0000000500, 0000000502, 0),
(0000000504, 0000000505, 10),
(0000000504, 0000000509, 0),
(0000000504, 0000000510, 20),
(0000000505, 0000000506, 0),
(0000000505, 0000000507, 10),
(0000000506, 0000000508, 0),
(0000000507, 0000000508, 0),
(0000000510, 0000000506, 0),
(0000000510, 0000000507, 10),
(0000000510, 0000000511, 20),
(0000000511, 0000000508, 0),
(0000000514, 0000000515, 30),
(0000000514, 0000000519, 10),
(0000000514, 0000000521, 20),
(0000000514, 0000000523, 0),
(0000000515, 0000000517, 0),
(0000000519, 0000000520, 0),
(0000000521, 0000000522, 0),
(0000000524, 0000000525, 0),
(0000000525, 0000000526, 0),
(0000000525, 0000000527, 10),
(0000000526, 0000000528, 0),
(0000000526, 0000000540, 10),
(0000000527, 0000000529, 0),
(0000000527, 0000000530, 10),
(0000000528, 0000000531, 0),
(0000000529, 0000000533, 0),
(0000000530, 0000000536, 0),
(0000000530, 0000000537, 10),
(0000000531, 0000000532, 10),
(0000000531, 0000000539, 0),
(0000000533, 0000000534, 0),
(0000000533, 0000000535, 10),
(0000000537, 0000000538, 0),
(0000000540, 0000000541, 0),
(0000000540, 0000000542, 10),
(0000000542, 0000000543, 0),
(0000000542, 0000000544, 10),
(0000000542, 0000000545, 20),
(0000000546, 0000000588, 70),
(0000000548, 0000000551, 0),
(0000000549, 0000000552, 10),
(0000000549, 0000000554, 0),
(0000000550, 0000000553, 10),
(0000000550, 0000000555, 0),
(0000000556, 0000000557, 0),
(0000000556, 0000000566, 20),
(0000000556, 0000000567, 30),
(0000000556, 0000000572, 10),
(0000000566, 0000000568, 0),
(0000000566, 0000000569, 10),
(0000000567, 0000000570, 0),
(0000000567, 0000000571, 10),
(0000000572, 0000000558, 10),
(0000000572, 0000000559, 20),
(0000000572, 0000000560, 30),
(0000000572, 0000000561, 40),
(0000000572, 0000000562, 50),
(0000000572, 0000000563, 60),
(0000000572, 0000000564, 70),
(0000000572, 0000000565, 80),
(0000000572, 0000000573, 0),
(0000000574, 0000000576, 0),
(0000000574, 0000000577, 10),
(0000000575, 0000000578, 0),
(0000000575, 0000000579, 10),
(0000000580, 0000000581, 10),
(0000000580, 0000000583, 20),
(0000000580, 0000000584, 0),
(0000000580, 0000000585, 30),
(0000000580, 0000000586, 40),
(0000000580, 0000000587, 50),
(0000000588, 0000000589, 0),
(0000000588, 0000000590, 10),
(0000000589, 0000000547, 0),
(0000000589, 0000000548, 10),
(0000000589, 0000000549, 20),
(0000000589, 0000000550, 30),
(0000000589, 0000000574, 40),
(0000000589, 0000000575, 50),
(0000000590, 0000000580, 0),
(0000000591, 0000000600, 0),
(0000000592, 0000000601, 0),
(0000000593, 0000000598, 0),
(0000000594, 0000000604, 0),
(0000000595, 0000000603, 0),
(0000000596, 0000000602, 0),
(0000000605, 0000000606, 10),
(0000000605, 0000000607, 20),
(0000000605, 0000000610, 0),
(0000000607, 0000000608, 10),
(0000000607, 0000000609, 0),
(0000000610, 0000000611, 0),
(0000000612, 0000000613, 0),
(0000000612, 0000000614, 10);

-- --------------------------------------------------------

--
-- Table structure for table `sections_navigation`
--

CREATE TABLE `sections_navigation` (
  `parent` int(10) UNSIGNED ZEROFILL NOT NULL,
  `child` int(10) UNSIGNED ZEROFILL NOT NULL,
  `id_pages` int(10) UNSIGNED ZEROFILL NOT NULL,
  `position` int(11) NOT NULL
) ENGINE=InnoDB DEFAULT CHARSET=utf8;

--
-- Dumping data for table `sections_navigation`
--

INSERT INTO `sections_navigation` (`parent`, `child`, `id_pages`, `position`) VALUES
(0000000029, 0000000272, 0000000036, 100),
(0000000029, 0000000283, 0000000036, 120),
(0000000029, 0000000346, 0000000036, 110),
(0000000029, 0000000438, 0000000036, 70),
(0000000029, 0000000439, 0000000036, 80),
(0000000029, 0000000440, 0000000036, 90),
(0000000029, 0000000442, 0000000036, 130),
(0000000029, 0000000443, 0000000036, 140),
(0000000272, 0000000462, 0000000036, 0),
(0000000272, 0000000463, 0000000036, 20),
(0000000272, 0000000464, 0000000036, 30),
(0000000272, 0000000465, 0000000036, 50),
(0000000272, 0000000546, 0000000036, 10),
(0000000272, 0000000556, 0000000036, 40),
(0000000283, 0000000477, 0000000036, 0),
(0000000283, 0000000478, 0000000036, 10),
(0000000283, 0000000479, 0000000036, 20),
(0000000346, 0000000352, 0000000036, 0),
(0000000346, 0000000362, 0000000036, 10),
(0000000346, 0000000363, 0000000036, 20),
(0000000415, 0000000416, 0000000043, 10),
(0000000415, 0000000417, 0000000043, 20),
(0000000415, 0000000418, 0000000043, 40),
(0000000415, 0000000419, 0000000043, 30),
(0000000415, 0000000420, 0000000043, 50),
(0000000415, 0000000421, 0000000043, 60),
(0000000415, 0000000432, 0000000043, 0),
(0000000438, 0000000444, 0000000036, 0),
(0000000438, 0000000445, 0000000036, 10),
(0000000438, 0000000446, 0000000036, 20),
(0000000438, 0000000447, 0000000036, 30),
(0000000438, 0000000448, 0000000036, 60),
(0000000438, 0000000449, 0000000036, 40),
(0000000438, 0000000450, 0000000036, 70),
(0000000438, 0000000451, 0000000036, 80),
(0000000438, 0000000452, 0000000036, 90),
(0000000438, 0000000605, 0000000036, 50),
(0000000439, 0000000453, 0000000036, 0),
(0000000439, 0000000454, 0000000036, 10),
(0000000439, 0000000455, 0000000036, 20),
(0000000440, 0000000459, 0000000036, 0),
(0000000440, 0000000460, 0000000036, 10),
(0000000442, 0000000471, 0000000036, 0),
(0000000442, 0000000473, 0000000036, 10),
(0000000442, 0000000474, 0000000036, 20),
(0000000442, 0000000475, 0000000036, 30),
(0000000442, 0000000476, 0000000036, 40),
(0000000443, 0000000591, 0000000036, 10),
(0000000443, 0000000592, 0000000036, 30),
(0000000443, 0000000593, 0000000036, 0),
(0000000443, 0000000594, 0000000036, 50),
(0000000443, 0000000595, 0000000036, 40),
(0000000443, 0000000596, 0000000036, 20);

-- --------------------------------------------------------

--
-- Table structure for table `styleGroup`
--

CREATE TABLE `styleGroup` (
  `id` int(10) UNSIGNED ZEROFILL NOT NULL,
  `name` varchar(100) NOT NULL,
  `description` longtext,
  `position` int(11) DEFAULT NULL
) ENGINE=InnoDB DEFAULT CHARSET=utf8;

--
-- Dumping data for table `styleGroup`
--

INSERT INTO `styleGroup` (`id`, `name`, `description`, `position`) VALUES
(0000000001, 'intern', NULL, NULL),
(0000000002, 'Form', 'A form is a wrapper for input fields. It allows to send content of the input fields to the server and store the data to the database. Several style are available:', 60),
(0000000003, 'Input', 'An input field must be placed inside a form wrapper. An input field allows a user to enter data and submit these to the server. The chosen form wrapper decides what happens with the submitted data. The following input fields styles are available:', 70),
(0000000004, 'Wrapper', 'A wrapper is a style that allows to group child elements. Wrappers can have a visual component or can be invisible. Visible wrapper are useful to provide some structure in a document while invisible wrappers serve merely as a grouping option . The latter can be useful in combination with CSS classes. The following wrappers are available:', 10),
(0000000005, 'Text', 'Text styles allow to control how text is displayed. These styles are used to create the main content. The following styles are available:', 20),
(0000000006, 'List', 'Lists are styles that allow to define more sophisticated lists than the markdown syntax allows. They come with attached javascript functionality. The following lists are available:', 50),
(0000000007, 'Media', 'The media styles allow to display different media on a webpage. The following styles are available:', 40),
(0000000008, 'Link', 'Link styles allow to render different types of links:', 30),
(0000000009, 'Admin', 'The admin styles are for user registration and access handling.\r\nThe following styles are available:', 80);

-- --------------------------------------------------------

--
-- Table structure for table `styles`
--

CREATE TABLE `styles` (
  `id` int(10) UNSIGNED ZEROFILL NOT NULL,
  `name` varchar(100) NOT NULL,
  `id_type` int(10) UNSIGNED ZEROFILL NOT NULL DEFAULT '0000000001',
  `id_group` int(10) UNSIGNED ZEROFILL NOT NULL DEFAULT '0000000001',
  `description` longtext
) ENGINE=InnoDB DEFAULT CHARSET=utf8;

--
-- Dumping data for table `styles`
--

INSERT INTO `styles` (`id`, `name`, `id_type`, `id_group`, `description`) VALUES
(0000000001, 'login', 0000000002, 0000000009, 'provides a small form where the user can enter his or her email and password to access the WebApp. It also includes a link to reset a password.'),
(0000000002, 'profile', 0000000002, 0000000001, ''),
(0000000003, 'container', 0000000001, 0000000004, 'is an **invisible** wrapper.'),
(0000000004, 'jumbotron', 0000000001, 0000000004, 'is a **visible** wrapper that wraps its content in a grey box with large spacing.'),
(0000000005, 'heading', 0000000001, 0000000005, 'is used to display the 6 levels of HTML headings.'),
(0000000006, 'markdown', 0000000001, 0000000005, 'is the bread-and-butter style which allows to style content in a very flexible way. In addition to markdown syntax, pure HTML statements are allowed which makes this style very versatile. It is recommended to limit the usage of HTML to a minimum in order to keep the layout of the webpage consistent.'),
(0000000007, 'markdownInline', 0000000001, 0000000005, 'is similar to the markdown style but is intended for one-line text where emphasis is required.'),
(0000000008, 'button', 0000000001, 0000000008, 'renders a button-style link with several predefined colour schemes.'),
(0000000009, 'validate', 0000000002, 0000000001, ''),
(0000000010, 'chat', 0000000002, 0000000001, ''),
(0000000011, 'alert', 0000000001, 0000000004, 'is a **visible** wrapper that draws a solid, coloured box around its content. The text colour of the content is changed according to the type of alert.'),
(0000000012, 'card', 0000000001, 0000000004, 'is a versatile **visible** wrapper that draws a fine border around its content. A card can also have a title and can be made collapsible.'),
(0000000013, 'figure', 0000000001, 0000000007, 'allows to attach a caption to media elements. A figure expects a media style as its immediate child.'),
(0000000014, 'form', 0000000001, 0000000002, 'provides only the client-side functionality and does not do anything with the submitted data. This is intended to be connected with a custom component (required PHP programming).'),
(0000000015, 'image', 0000000001, 0000000007, 'allows to render an image on a page.'),
(0000000016, 'input', 0000000002, 0000000003, 'is a one-line input field style that allows to enter different types of data (e.g. text, color, time, date, checkbox).'),
(0000000017, 'plaintext', 0000000001, 0000000005, 'renders simple text. No special syntax is allowed here.'),
(0000000018, 'link', 0000000001, 0000000008, 'renders a standard link but allows to open the target in a new tab.'),
(0000000019, 'progressBar', 0000000001, 0000000007, 'allows to render a static progress bar.'),
(0000000020, 'quiz', 0000000001, 0000000004, 'is a predefined assembly of tabs, intended to ask a question and provide a right and wrong answer tab.'),
(0000000021, 'rawText', 0000000001, 0000000005, 'renders text in a mono-space font which makes it useful to display code.'),
(0000000022, 'select', 0000000002, 0000000003, 'is a input field style that provides a predefined set of choices which can be selected with a dropdown menu. In contrast to the radio style the select style has a different visual appearance and provides a list of options where also multiple options can be chosen.'),
(0000000023, 'slider', 0000000002, 0000000003, 'is an extension of the style input of type range. It allows to provide a label for each position of the slider.'),
(0000000024, 'tab', 0000000001, 0000000004, 'is a child element of the style `tabs`.'),
(0000000025, 'tabs', 0000000001, 0000000004, 'is a **visible** wrapper that allows to group content into tabs and only show one tab at a time. It requires `tab` styles as its immediate children. Each `tab` then accepts children which represent the content of each tab.'),
(0000000026, 'textarea', 0000000002, 0000000003, 'is a multi-line input field style that allows to enter multiple lines of text.'),
(0000000027, 'video', 0000000001, 0000000007, 'allows to load and display a video on a page.'),
(0000000028, 'accordionList', 0000000002, 0000000006, 'is a **hierarchical** list where the root level is rendered as an accordion with only one root item expanded at a time.'),
(0000000030, 'navigationContainer', 0000000001, 0000000004, 'is an **invisible** wrapper and is used specifically for navigation pages.'),
(0000000031, 'navigationAccordion', 0000000003, 0000000001, ''),
(0000000032, 'nestedList', 0000000002, 0000000006, 'is a **hierarchical** list where each root item item can be collapsed and expanded by clicking on a chevron.'),
(0000000033, 'navigationNested', 0000000003, 0000000001, ''),
(0000000034, 'sortableList', 0000000001, 0000000006, 'is **non-hierarchical** but can be sorted, new items can be added as well as items can be deleted. Note that only the visual aspects of these functions are rendered. The implementation of the functions need to be defined separately with javascript (See <a href=\"https://github.com/RubaXa/Sortable\" target=\"_blank\">Sortable</a> for more details).'),
(0000000035, 'resetPassword', 0000000002, 0000000001, ''),
(0000000036, 'formUserInput', 0000000002, 0000000002, 'stores the data from all child input fields into the database and displays the latest set of data in the database as values in the child input field (if `is_log` is unchecked).'),
(0000000038, 'radio', 0000000002, 0000000003, 'allows to predefine a set of options for the user to select. It provides a list of options where only one option can be chosen.'),
(0000000039, 'showUserInput', 0000000002, 0000000002, 'allows to display user input data. Use the name of a form to display the corresponding data.'),
(0000000040, 'div', 0000000001, 0000000004, 'allows to wrap its children in a simple HTML `<div>` tag. This allows to create more complex layouts with the help of bootstrap classes.'),
(0000000041, 'register', 0000000002, 0000000009, 'provides a small form to allow a user to register for the WebApp. In order to register a user must provide a valid email and activation code. Activation codes can be generated in the admin section of the WebApp. The list of available codes can be exported.'),
(0000000042, 'conditionalContainer', 0000000002, 0000000004, 'is an **invisible** wrapper which has a condition attached. The content of the wrapper is only displayed if the condition resolves to true.'),
(0000000043, 'audio', 0000000001, 0000000007, 'allows to load and replay an audio source on a page.'),
(0000000044, 'carousel', 0000000001, 0000000007, 'allows to render multiple images as a slide-show.'),
(0000000045, 'json', 0000000002, 0000000004, 'allows to describe `baseStyles` with `json` Syntax'),
(0000000046, 'userProgress', 0000000001, 0000000009, 'A progress bar to indicate the overall experiment progress of a user.'),
(0000000047, 'mermaidForm', 0000000002, 0000000002, 'Style to create diagrams using markdown syntax. Use <a href=\"https://mermaidjs.github.io/demos.html\" target=\"_blank\">mermaid markdown</a> syntax here.'),
(0000000048, 'emailForm', 0000000002, 0000000002, 'A form to accept an email address and automatically send two emails: An email to the address entered in the form and another email to admins, specified in the style.');

-- --------------------------------------------------------

--
-- Table structure for table `styles_fields`
--

CREATE TABLE `styles_fields` (
  `id_styles` int(10) UNSIGNED ZEROFILL NOT NULL,
  `id_fields` int(10) UNSIGNED ZEROFILL NOT NULL,
  `default_value` varchar(100) DEFAULT NULL,
  `help` longtext
) ENGINE=InnoDB DEFAULT CHARSET=utf8;

--
-- Dumping data for table `styles_fields`
--

INSERT INTO `styles_fields` (`id_styles`, `id_fields`, `default_value`, `help`) VALUES
(0000000001, 0000000001, NULL, NULL),
(0000000001, 0000000002, NULL, NULL),
(0000000001, 0000000003, NULL, NULL),
(0000000001, 0000000004, NULL, NULL),
(0000000001, 0000000005, NULL, NULL),
(0000000001, 0000000007, NULL, NULL),
(0000000001, 0000000028, 'dark', NULL),
(0000000002, 0000000005, NULL, NULL),
(0000000002, 0000000006, NULL, NULL),
(0000000002, 0000000019, NULL, NULL),
(0000000002, 0000000020, NULL, NULL),
(0000000002, 0000000035, NULL, NULL),
(0000000003, 0000000006, NULL, NULL),
(0000000003, 0000000029, '0', 'Select for a full width container, spanning the entire width of the viewport.'),
(0000000004, 0000000006, NULL, NULL),
(0000000005, 0000000021, '1', 'The HTML heading level (1-6)'),
(0000000005, 0000000022, NULL, NULL),
(0000000006, 0000000025, NULL, 'Use <a href=\"https://en.wikipedia.org/wiki/Markdown\" target=\"_blank\">markdown</a> syntax here.'),
(0000000007, 0000000026, NULL, 'Only use <a href=\"https://en.wikipedia.org/wiki/Markdown\" target=\"_blank\">markdown</a> elements that can be displayed inline (e.g. bold, italic, etc).'),
(0000000008, 0000000008, NULL, 'The text to appear on the button.'),
(0000000008, 0000000027, NULL, 'Use a full URL or any special characters as defined <a href=\"https://selfhelp.psy.unibe.ch/demo/style/440\" target=\"_blank\">here</a>.'),
(0000000008, 0000000028, 'primary', 'The <a href=\"https://getbootstrap.com/docs/4.1/components/buttons/#examples\" target=\"_blank\">bootstrap type</a> of the button.'),
(0000000009, 0000000002, NULL, NULL),
(0000000009, 0000000003, NULL, NULL),
(0000000009, 0000000005, NULL, NULL),
(0000000009, 0000000006, NULL, NULL),
(0000000009, 0000000009, NULL, NULL),
(0000000009, 0000000022, NULL, NULL),
(0000000009, 0000000034, NULL, NULL),
(0000000009, 0000000035, NULL, NULL),
(0000000009, 0000000036, NULL, NULL),
(0000000009, 0000000037, NULL, NULL),
(0000000009, 0000000038, NULL, NULL),
(0000000009, 0000000039, NULL, NULL),
(0000000009, 0000000040, NULL, NULL),
(0000000009, 0000000041, NULL, NULL),
(0000000009, 0000000042, NULL, NULL),
(0000000009, 0000000043, NULL, NULL),
(0000000009, 0000000044, NULL, NULL),
(0000000009, 0000000057, NULL, NULL),
(0000000010, 0000000005, NULL, NULL),
(0000000010, 0000000030, NULL, NULL),
(0000000010, 0000000031, NULL, NULL),
(0000000010, 0000000032, NULL, NULL),
(0000000010, 0000000033, NULL, NULL),
(0000000010, 0000000090, NULL, NULL),
(0000000010, 0000000095, 'Lobby', NULL),
(0000000010, 0000000096, 'New Messages', NULL),
(0000000010, 0000000110, NULL, 'The notification email to be sent to receiver of the chat message. Use markdown syntax in conjunction with the field `is_html` if you want to send an email with html content. In addition to markdown, the following keyword is supported:\n- `@link` will be replaced by the link to the chat page.'),
(0000000010, 0000000111, NULL, 'The subject of the notification email to be sent to the receiver of the chat message. Use the following keywords to create dynamic content:\n- `@project` will be replaced by the project name.'),
(0000000010, 0000000114, '0', 'If *checked*, the email will be parsed as markdown and sent as html. The unparsed email content will be sent as plaintext alternative. If left *unchecked* the emails will only be sent as plaintext'),
(0000000011, 0000000006, NULL, 'The child elements to be added to the alert wrapper.'),
(0000000011, 0000000028, 'primary', 'The bootstrap color styling of the alert wrapper.'),
(0000000011, 0000000045, '0', 'If *checked* the alert wrapper can be dismissed by clicking on a close symbol.\r\nIf *unchecked* the close symbol is not rendered.'),
(0000000012, 0000000006, NULL, 'The child elements to be added to the card body.'),
(0000000012, 0000000022, NULL, 'The content of the card header. If not set, the card will be rendered without a header section.'),
(0000000012, 0000000028, 'light', 'A bootstrap-esque color styling of the card border and header.'),
(0000000012, 0000000046, '1', 'If the field `is_collapsible` is *checked* and the field `is_expanded` is *unchecked* the card is collapsed by default and only by clicking on the header will the body be shown. This field has no effect if `is_collapsible` is left *unchecked*.'),
(0000000012, 0000000047, '0', 'If *checked* the card body can be collapsed into the header by clicking on the header.\nIf left *unchecked* no such interaction is possible.'),
(0000000012, 0000000048, NULL, 'The target url of the edit button. If set, an edit button will appear on right of the card header and link to the specified url. If not set no button will be shown.'),
(0000000013, 0000000006, NULL, NULL),
(0000000013, 0000000049, NULL, NULL),
(0000000013, 0000000050, NULL, NULL),
(0000000014, 0000000006, NULL, NULL),
(0000000014, 0000000008, NULL, NULL),
(0000000014, 0000000027, NULL, NULL),
(0000000014, 0000000028, NULL, NULL),
(0000000014, 0000000051, NULL, NULL),
(0000000014, 0000000052, NULL, NULL),
(0000000015, 0000000022, NULL, NULL),
(0000000015, 0000000029, '1', NULL),
(0000000015, 0000000030, NULL, NULL),
(0000000015, 0000000053, NULL, NULL),
(0000000016, 0000000008, NULL, NULL),
(0000000016, 0000000054, 'text', NULL),
(0000000016, 0000000055, NULL, NULL),
(0000000016, 0000000056, '0', NULL),
(0000000016, 0000000057, NULL, NULL),
(0000000016, 0000000058, NULL, NULL),
(0000000017, 0000000024, NULL, NULL),
(0000000017, 0000000059, '0', NULL),
(0000000018, 0000000008, NULL, NULL),
(0000000018, 0000000027, NULL, NULL),
(0000000018, 0000000086, NULL, NULL),
(0000000019, 0000000028, 'primary', NULL),
(0000000019, 0000000060, '0', NULL),
(0000000019, 0000000061, '1', NULL),
(0000000019, 0000000101, '1', NULL),
(0000000019, 0000000102, '1', NULL),
(0000000020, 0000000028, 'light', NULL),
(0000000020, 0000000050, NULL, NULL),
(0000000020, 0000000062, NULL, NULL),
(0000000020, 0000000063, NULL, NULL),
(0000000020, 0000000064, NULL, NULL),
(0000000020, 0000000065, NULL, NULL),
(0000000021, 0000000024, NULL, NULL),
(0000000022, 0000000008, NULL, NULL),
(0000000022, 0000000030, NULL, NULL),
(0000000022, 0000000056, '0', NULL),
(0000000022, 0000000057, NULL, NULL),
(0000000022, 0000000058, NULL, NULL),
(0000000022, 0000000066, NULL, NULL),
(0000000022, 0000000067, '0', NULL),
(0000000023, 0000000008, NULL, NULL),
(0000000023, 0000000057, NULL, NULL),
(0000000023, 0000000058, NULL, NULL),
(0000000023, 0000000068, NULL, NULL),
(0000000023, 0000000069, '0', NULL),
(0000000023, 0000000070, '5', NULL),
(0000000024, 0000000006, NULL, NULL),
(0000000024, 0000000008, NULL, NULL),
(0000000024, 0000000028, 'light', NULL),
(0000000024, 0000000046, '0', NULL),
(0000000025, 0000000006, NULL, NULL),
(0000000026, 0000000008, NULL, NULL),
(0000000026, 0000000055, NULL, NULL),
(0000000026, 0000000056, '0', NULL),
(0000000026, 0000000057, NULL, NULL),
(0000000026, 0000000058, NULL, NULL),
(0000000027, 0000000029, '1', NULL),
(0000000027, 0000000030, NULL, NULL),
(0000000027, 0000000071, NULL, NULL),
(0000000028, 0000000031, NULL, NULL),
(0000000028, 0000000066, NULL, NULL),
(0000000028, 0000000072, NULL, NULL),
(0000000028, 0000000083, NULL, NULL),
(0000000028, 0000000084, '0', NULL),
(0000000030, 0000000006, NULL, 'Add sections here wich will be rendered below the content defined in field `text_md`.'),
(0000000030, 0000000022, NULL, 'All navigation sections of a navigation page can be rendered as a list style. This field specifies the name of this navigation section to be used in such a list style.'),
(0000000030, 0000000025, '# @title', 'The content (markdown) of this field will be rendered at the top of the navigation section. Further sections added through the field `children` will be rendered below this. Note that here, the keyword `@title` will be replaced by the content of the field `title`.'),
(0000000031, 0000000029, '1', NULL),
(0000000031, 0000000031, NULL, NULL),
(0000000031, 0000000072, NULL, NULL),
(0000000031, 0000000073, NULL, NULL),
(0000000031, 0000000074, NULL, NULL),
(0000000031, 0000000075, NULL, NULL),
(0000000031, 0000000104, '1', NULL),
(0000000032, 0000000031, NULL, NULL),
(0000000032, 0000000046, '0', NULL),
(0000000032, 0000000047, '1', NULL),
(0000000032, 0000000066, NULL, NULL),
(0000000032, 0000000077, NULL, NULL),
(0000000032, 0000000083, NULL, NULL),
(0000000032, 0000000084, '0', NULL),
(0000000033, 0000000029, '1', NULL),
(0000000033, 0000000031, NULL, NULL),
(0000000033, 0000000046, '1', NULL),
(0000000033, 0000000047, '0', NULL),
(0000000033, 0000000073, NULL, NULL),
(0000000033, 0000000074, NULL, NULL),
(0000000033, 0000000075, '1', NULL),
(0000000033, 0000000077, NULL, NULL),
(0000000033, 0000000089, NULL, NULL),
(0000000033, 0000000104, '1', NULL),
(0000000034, 0000000066, NULL, NULL),
(0000000034, 0000000078, '0', NULL),
(0000000034, 0000000079, '0', NULL),
(0000000034, 0000000080, NULL, NULL),
(0000000034, 0000000081, NULL, NULL),
(0000000034, 0000000082, NULL, NULL),
(0000000035, 0000000004, NULL, 'The label on the submit button.'),
(0000000035, 0000000025, NULL, 'The description to be displayed on the page when a user wants to reset the password.'),
(0000000035, 0000000028, NULL, 'The bootstrap color of the submit button.'),
(0000000035, 0000000035, NULL, 'The success message to be shown when an email address was successfully stored in the database (if enabled) and the automatic emails were sent successfully.'),
(0000000035, 0000000055, NULL, 'The placeholder in the email input field.'),
(0000000035, 0000000110, NULL, 'The email to be sent to the the email address that was entered into the form. Use markdown syntax in conjunction with the field `is_html` if you want to send an email with html content. In addition to markdown, the following keyword is supported:\n- `@link` will be replaced by the activation link the user needs to reset the password.'),
(0000000035, 0000000111, NULL, 'The subject of the email to be sent to the the email address that was entered into the form. Use the following keywords to create dynamic content:\n- `@project` will be replaced by the project name.'),
(0000000035, 0000000114, '0', 'If *checked*, the email will be parsed as markdown and sent as html. The unparsed email content will be sent as plaintext alternative. If left *unchecked* the emails will only be sent as plaintext'),
(0000000036, 0000000006, NULL, NULL),
(0000000036, 0000000008, NULL, NULL),
(0000000036, 0000000028, 'primary', NULL),
(0000000036, 0000000035, NULL, NULL),
(0000000036, 0000000057, NULL, NULL),
(0000000036, 0000000087, '0', NULL),
(0000000038, 0000000008, NULL, NULL),
(0000000038, 0000000056, '0', NULL),
(0000000038, 0000000057, NULL, NULL),
(0000000038, 0000000058, NULL, NULL),
(0000000038, 0000000066, NULL, NULL),
(0000000038, 0000000085, NULL, NULL),
(0000000039, 0000000012, NULL, 'The title of the modal form that pops up when the delete button is clicked.\n\nNote the following important point:\n- this field only has an effect if `is_log` is enabled.'),
(0000000039, 0000000013, NULL, 'The label of the remove button of the modal form.\n\nNote the following important points:\n- this field only has an effect if `is_log` is enabled.\n- if this field is not set, the remove button is not rendered.\n- entries that are removed with this button are only marked as removed but not deleted from the DB.'),
(0000000039, 0000000014, NULL, 'The content of the modal form that pops up when the delete button is clicked.\n\nNote the following important point:\n- this field only has an effect if `is_log` is enabled.'),
(0000000039, 0000000053, NULL, 'The name of the source form (i.e. the field `name` of the target form style).'),
(0000000039, 0000000087, '0', 'If *checked*, the style will render a table where each row represents all fields of the source form at the time instant of data submission.\n\nIf left *unchecked*, a table is rendered where each row represents one field of the source form.\n\nNote the following important points:\n- Check this only if the source form also has `is_log` checked.\n- The fields, `delete_title`, `label_date_time`, `label_delete`, and `delete_content` only have an effect if `is_log` is *checked*.'),
(0000000039, 0000000088, NULL, 'The column title of the timestamp column.\n\nNote the following important point:\n- this field only has an effect if `is_log` is enabled.'),
(0000000040, 0000000006, NULL, NULL),
(0000000041, 0000000001, NULL, NULL),
(0000000041, 0000000002, NULL, NULL),
(0000000041, 0000000005, NULL, NULL),
(0000000041, 0000000022, NULL, NULL),
(0000000041, 0000000028, 'success', NULL),
(0000000041, 0000000035, NULL, NULL),
(0000000041, 0000000044, NULL, NULL),
(0000000041, 0000000090, NULL, NULL),
(0000000042, 0000000006, NULL, 'The children to be rendered if the condition defined by the field `condition` resolves to true.'),
(0000000042, 0000000091, NULL, 'The field `condition` allows to specify a condition. Note that the field `condition` is of type `json` and requires\n1. valid json syntax (see https://www.json.org/)\n2. a valid condition structure (see https://github.com/jwadhams/json-logic-php/)\n\nOnly if a condition resolves to true the sections added to the field `children` will be rendered.\n\nIn order to refer to a form-field use the syntax `\"@__form_name__#__from_field_name__\"` (the quotes are necessary to make it valid json syntax) where `__form_name__` is the value of the field `name` of the style `formUserInput` and `__form_field_name__` is the value of the field `name` of any form-field style.'),
(0000000042, 0000000097, '0', 'If *checked*, debug messages will be rendered to the screen. These might help to understand the result of a condition evaluation. **Make sure that this field is *unchecked* once the page is productive**.'),
(0000000043, 0000000030, NULL, NULL),
(0000000043, 0000000071, NULL, NULL),
(0000000044, 0000000071, NULL, NULL),
(0000000044, 0000000083, NULL, NULL),
(0000000044, 0000000099, '1', NULL),
(0000000044, 0000000100, '0', NULL),
(0000000044, 0000000103, '0', NULL),
(0000000045, 0000000105, NULL, 'The JSON string to specify the (potentially) nested base styles.\r\n\r\nThere are a few things to note:\r\n - the key `baseStyle` must be used to indicate that the assigned object is a *style object*\r\n - the *style object* must contain the key `name` where the value must match a style name\r\n - the *style object* must contain the key `fields` where the value is an object holding all required fields of the style (refer to the <a href=\"https://selfhelp.psy.unibe.ch/demo/styles\" target=\"_blank\">style documentation</a> for more information)'),
(0000000046, 0000000028, NULL, '.Use the type to change the appearance of individual progress bars'),
(0000000046, 0000000101, NULL, 'iIf set apply a stripe via CSS gradient over the progress bar’s background color.'),
(0000000046, 0000000102, NULL, 'If set display the progress in numbers ontop of the progress bar.'),
(0000000047, 0000000006, NULL, 'Add only styles from type `input` for the edditable nodes. If they have input they could be eddited by the subject when they are clicked.'),
(0000000047, 0000000008, NULL, 'Label of the form'),
(0000000047, 0000000028, NULL, 'Type of the form'),
(0000000047, 0000000035, NULL, 'The alert message for the succes'),
(0000000047, 0000000057, NULL, 'Name of the form'),
(0000000047, 0000000107, NULL, 'Use <a href=\"https://mermaidjs.github.io/demos.html\" target=\"_blank\">mermaid markdown</a> syntax here.'),
(0000000048, 0000000008, NULL, 'The label on the submit button.'),
(0000000048, 0000000028, NULL, 'The bootstrap color of the submit button.'),
(0000000048, 0000000035, NULL, 'The success message to be shown when an email address was successfully stored in the database (if enabled) and the automatic emails were sent successfully.'),
(0000000048, 0000000055, NULL, 'The placeholder in the email input field.'),
(0000000048, 0000000108, NULL, 'A list of email addresses to be notified on submit with an email as defined in field `email_admins`. Use `json` syntax to specify the list of admins (e.g. `[\"__admin_1__\", ..., \"__admin_n__\"]`) where `__admin_*__` is the email address of an admin.'),
(0000000048, 0000000109, NULL, 'The email to be sent to the the list of admins defined in the field `admins`. Use markdown syntax in conjunction with the field `is_html` if you want to send an email with html content. In addition to markdown, the following keyword is supported:\n- `@email` will be replaced by the email address entered in the form.'),
(0000000048, 0000000110, NULL, 'The email to be sent to the the email address that was entered into the form. Use markdown syntax in conjunction with the field `is_html` if you want to send an email with html content.\n'),
(0000000048, 0000000111, NULL, 'The subject of the email to be sent to the the email address that was entered into the form. Use the following keywords to create dynamic content:\n- `@project` will be replaced by the project name.'),
(0000000048, 0000000112, NULL, 'The list of attachments to the email to be sent to the the address that was entered into the form. Use `json` syntax to specify a list of assets (e.g. `[\"__asset_1__\", ..., \"__asset_n__\"]`) where `__asset_*__` is the name of an uploaded asset.'),
(0000000048, 0000000113, '0', 'If checked, the entered email address will be stored in the database.'),
(0000000048, 0000000114, '0', 'If *checked*, the email will be parsed as markdown and sent as html. The unparsed email content will be sent as plaintext alternative. If left *unchecked* the emails will only be sent as plaintext');

-- --------------------------------------------------------

--
-- Table structure for table `styleType`
--

CREATE TABLE `styleType` (
  `id` int(10) UNSIGNED ZEROFILL NOT NULL,
  `name` varchar(100) NOT NULL
) ENGINE=InnoDB DEFAULT CHARSET=utf8;

--
-- Dumping data for table `styleType`
--

INSERT INTO `styleType` (`id`, `name`) VALUES
(0000000001, 'view'),
(0000000002, 'component'),
(0000000003, 'navigation');

-- --------------------------------------------------------

--
-- Table structure for table `users`
--

CREATE TABLE `users` (
  `id` int(10) UNSIGNED ZEROFILL NOT NULL,
  `email` varchar(100) NOT NULL,
  `name` varchar(100) DEFAULT NULL,
  `password` varchar(255) DEFAULT NULL,
  `id_genders` int(10) UNSIGNED ZEROFILL DEFAULT NULL,
  `blocked` tinyint(1) NOT NULL DEFAULT '0',
  `id_status` int(10) UNSIGNED ZEROFILL DEFAULT '0000000001',
  `intern` tinyint(1) NOT NULL DEFAULT '0',
  `token` varchar(32) DEFAULT NULL,
  `id_languages` int(10) UNSIGNED ZEROFILL DEFAULT NULL,
  `is_reminded` tinyint(1) NOT NULL DEFAULT '1',
  `last_login` date DEFAULT NULL,
  `last_url` varchar(100) DEFAULT NULL
) ENGINE=InnoDB DEFAULT CHARSET=utf8;

--
-- Dumping data for table `users`
--

INSERT INTO `users` (`id`, `email`, `name`, `password`, `id_genders`, `blocked`, `id_status`, `intern`, `token`, `id_languages`, `is_reminded`, `last_login`, `last_url`) VALUES
(0000000001, 'guest', '', NULL, NULL, 0, NULL, 1, NULL, NULL, 0, NULL, NULL),
(0000000002, 'admin', 'admin', '$2y$10$lqb/Eieowq8lWTUxVrb1MOHrZ1ZDvbnU4RNvWxqP5pa8/QOdwFB8e', NULL, 1, 0000000003, 0, NULL, NULL, 0, NULL, '/sleep_coach/'),
(0000000003, 'simon.maurer@humdek.unibe.ch', 'tpf', '$2y$10$m5kpC0Thj0MlwY2A90PPCe3nQQmmMYLLOAzIttLDCZwGwQzd/ir7a', 0000000001, 0, 0000000003, 0, NULL, NULL, 1, '2019-08-02', '/sleep_coach/admin/cms');

-- --------------------------------------------------------

--
-- Table structure for table `userStatus`
--

CREATE TABLE `userStatus` (
  `id` int(10) UNSIGNED ZEROFILL NOT NULL,
  `name` varchar(100) NOT NULL,
  `description` varchar(500) NOT NULL
) ENGINE=InnoDB DEFAULT CHARSET=utf8;

--
-- Dumping data for table `userStatus`
--

INSERT INTO `userStatus` (`id`, `name`, `description`) VALUES
(0000000001, 'interested', 'This user has shown interest in the platform but has not yet met the preconditions to be invited.'),
(0000000002, 'invited', 'This user was invited to join the platform but has not yet validated the email address.'),
(0000000003, 'active', 'This user can log in and visit all accessible pages.');

-- --------------------------------------------------------

--
-- Table structure for table `users_groups`
--

CREATE TABLE `users_groups` (
  `id_users` int(10) UNSIGNED ZEROFILL NOT NULL,
  `id_groups` int(10) UNSIGNED ZEROFILL NOT NULL
) ENGINE=InnoDB DEFAULT CHARSET=utf8;

--
-- Dumping data for table `users_groups`
--

INSERT INTO `users_groups` (`id_users`, `id_groups`) VALUES
(0000000002, 0000000001),
(0000000003, 0000000001);

-- --------------------------------------------------------

--
-- Table structure for table `user_activity`
--

CREATE TABLE `user_activity` (
  `id` int(10) UNSIGNED ZEROFILL NOT NULL,
  `id_users` int(10) UNSIGNED ZEROFILL NOT NULL,
  `url` varchar(200) NOT NULL,
  `timestamp` datetime NOT NULL DEFAULT CURRENT_TIMESTAMP,
  `id_type` int(10) UNSIGNED ZEROFILL NOT NULL DEFAULT '0000000001'
) ENGINE=InnoDB DEFAULT CHARSET=utf8;

-- --------------------------------------------------------

--
-- Table structure for table `user_input`
--

CREATE TABLE `user_input` (
  `id` int(10) UNSIGNED ZEROFILL NOT NULL,
  `id_users` int(10) UNSIGNED ZEROFILL NOT NULL,
  `id_sections` int(10) UNSIGNED ZEROFILL NOT NULL,
  `id_section_form` int(10) UNSIGNED ZEROFILL NOT NULL,
  `value` longtext NOT NULL,
  `edit_time` datetime NOT NULL DEFAULT CURRENT_TIMESTAMP ON UPDATE CURRENT_TIMESTAMP,
  `removed` tinyint(1) NOT NULL DEFAULT '0'
) ENGINE=InnoDB DEFAULT CHARSET=utf8;

-- --------------------------------------------------------

--
-- Table structure for table `validation_codes`
--

CREATE TABLE `validation_codes` (
  `code` varchar(16) NOT NULL,
  `id_users` int(10) UNSIGNED ZEROFILL DEFAULT NULL,
  `created` datetime NOT NULL DEFAULT CURRENT_TIMESTAMP,
  `consumed` datetime DEFAULT NULL ON UPDATE CURRENT_TIMESTAMP
) ENGINE=InnoDB DEFAULT CHARSET=utf8;

--
-- Indexes for dumped tables
--

--
-- Indexes for table `acl_groups`
--
ALTER TABLE `acl_groups`
  ADD PRIMARY KEY (`id_groups`,`id_pages`),
  ADD KEY `id_pages` (`id_pages`) USING BTREE,
  ADD KEY `id_groups` (`id_groups`) USING BTREE;

--
-- Indexes for table `acl_users`
--
ALTER TABLE `acl_users`
  ADD PRIMARY KEY (`id_users`,`id_pages`),
  ADD KEY `id_users` (`id_users`),
  ADD KEY `id_pages` (`id_pages`);

--
-- Indexes for table `actions`
--
ALTER TABLE `actions`
  ADD PRIMARY KEY (`id`);

--
-- Indexes for table `activityType`
--
ALTER TABLE `activityType`
  ADD PRIMARY KEY (`id`);

--
-- Indexes for table `chat`
--
ALTER TABLE `chat`
  ADD PRIMARY KEY (`id`),
  ADD KEY `id_snd` (`id_snd`) USING BTREE,
  ADD KEY `id_rcv` (`id_rcv`) USING BTREE,
  ADD KEY `id_rcv_grp` (`id_rcv_grp`);

--
-- Indexes for table `chatRecipiants`
--
ALTER TABLE `chatRecipiants`
  ADD PRIMARY KEY (`id_users`,`id_chat`),
  ADD KEY `id_users` (`id_users`),
  ADD KEY `id_chat` (`id_chat`),
  ADD KEY `id_room_users` (`id_room_users`);

--
-- Indexes for table `chatRoom`
--
ALTER TABLE `chatRoom`
  ADD PRIMARY KEY (`id`);

--
-- Indexes for table `chatRoom_users`
--
ALTER TABLE `chatRoom_users`
  ADD PRIMARY KEY (`id`),
  ADD UNIQUE KEY `id_chatRoom_2` (`id_chatRoom`,`id_users`),
  ADD KEY `id_chatRoom` (`id_chatRoom`),
  ADD KEY `id_users` (`id_users`);

--
-- Indexes for table `fields`
--
ALTER TABLE `fields`
  ADD PRIMARY KEY (`id`),
  ADD KEY `id_type` (`id_type`);

--
-- Indexes for table `fieldType`
--
ALTER TABLE `fieldType`
  ADD PRIMARY KEY (`id`);

--
-- Indexes for table `genders`
--
ALTER TABLE `genders`
  ADD PRIMARY KEY (`id`);

--
-- Indexes for table `groups`
--
ALTER TABLE `groups`
  ADD PRIMARY KEY (`id`);

--
-- Indexes for table `languages`
--
ALTER TABLE `languages`
  ADD PRIMARY KEY (`id`);

--
-- Indexes for table `pages`
--
ALTER TABLE `pages`
  ADD PRIMARY KEY (`id`),
  ADD UNIQUE KEY `keyword` (`keyword`),
  ADD KEY `parent` (`parent`),
  ADD KEY `id_actions` (`id_actions`),
  ADD KEY `id_navigation_section` (`id_navigation_section`),
  ADD KEY `id_type` (`id_type`);

--
-- Indexes for table `pages_fields`
--
ALTER TABLE `pages_fields`
  ADD PRIMARY KEY (`id_pages`,`id_fields`),
  ADD KEY `id_pages` (`id_pages`),
  ADD KEY `id_fields` (`id_fields`);

--
-- Indexes for table `pages_fields_translation`
--
ALTER TABLE `pages_fields_translation`
  ADD PRIMARY KEY (`id_pages`,`id_fields`,`id_languages`),
  ADD KEY `id_pages` (`id_pages`),
  ADD KEY `id_fields` (`id_fields`),
  ADD KEY `id_languages` (`id_languages`);

--
-- Indexes for table `pages_sections`
--
ALTER TABLE `pages_sections`
  ADD PRIMARY KEY (`id_pages`,`id_sections`),
  ADD KEY `id_pages` (`id_pages`),
  ADD KEY `id_sections` (`id_sections`);

--
-- Indexes for table `pageType`
--
ALTER TABLE `pageType`
  ADD PRIMARY KEY (`id`);

--
-- Indexes for table `sections`
--
ALTER TABLE `sections`
  ADD PRIMARY KEY (`id`),
  ADD UNIQUE KEY `name` (`name`),
  ADD KEY `id_styles` (`id_styles`),
  ADD KEY `owner` (`owner`);

--
-- Indexes for table `sections_fields_translation`
--
ALTER TABLE `sections_fields_translation`
  ADD PRIMARY KEY (`id_sections`,`id_fields`,`id_languages`,`id_genders`),
  ADD KEY `id_sections` (`id_sections`),
  ADD KEY `id_fields` (`id_fields`),
  ADD KEY `id_languages` (`id_languages`),
  ADD KEY `id_genders` (`id_genders`);

--
-- Indexes for table `sections_hierarchy`
--
ALTER TABLE `sections_hierarchy`
  ADD PRIMARY KEY (`parent`,`child`),
  ADD KEY `parent` (`parent`),
  ADD KEY `child` (`child`);

--
-- Indexes for table `sections_navigation`
--
ALTER TABLE `sections_navigation`
  ADD PRIMARY KEY (`parent`,`child`),
  ADD KEY `child` (`child`),
  ADD KEY `parent` (`parent`),
  ADD KEY `id_pages` (`id_pages`);

--
-- Indexes for table `styleGroup`
--
ALTER TABLE `styleGroup`
  ADD PRIMARY KEY (`id`);

--
-- Indexes for table `styles`
--
ALTER TABLE `styles`
  ADD PRIMARY KEY (`id`),
  ADD KEY `id_type` (`id_type`),
  ADD KEY `id_group` (`id_group`);

--
-- Indexes for table `styles_fields`
--
ALTER TABLE `styles_fields`
  ADD PRIMARY KEY (`id_styles`,`id_fields`),
  ADD KEY `id_styles` (`id_styles`),
  ADD KEY `id_fields` (`id_fields`);

--
-- Indexes for table `styleType`
--
ALTER TABLE `styleType`
  ADD PRIMARY KEY (`id`);

--
-- Indexes for table `users`
--
ALTER TABLE `users`
  ADD PRIMARY KEY (`id`),
  ADD UNIQUE KEY `email` (`email`),
  ADD KEY `id_genders` (`id_genders`),
  ADD KEY `id_languages` (`id_languages`),
  ADD KEY `id_status` (`id_status`);

--
-- Indexes for table `userStatus`
--
ALTER TABLE `userStatus`
  ADD PRIMARY KEY (`id`);

--
-- Indexes for table `users_groups`
--
ALTER TABLE `users_groups`
  ADD PRIMARY KEY (`id_users`,`id_groups`),
  ADD KEY `id_users` (`id_users`),
  ADD KEY `id_groups` (`id_groups`);

--
-- Indexes for table `user_activity`
--
ALTER TABLE `user_activity`
  ADD PRIMARY KEY (`id`),
  ADD KEY `id_users` (`id_users`),
  ADD KEY `id_type` (`id_type`);

--
-- Indexes for table `user_input`
--
ALTER TABLE `user_input`
  ADD PRIMARY KEY (`id`),
  ADD KEY `id_users` (`id_users`),
  ADD KEY `id_sections` (`id_sections`),
  ADD KEY `id_section_form` (`id_section_form`);

--
-- Indexes for table `validation_codes`
--
ALTER TABLE `validation_codes`
  ADD PRIMARY KEY (`code`),
  ADD KEY `id_users` (`id_users`);

--
-- AUTO_INCREMENT for dumped tables
--

--
-- AUTO_INCREMENT for table `actions`
--
ALTER TABLE `actions`
  MODIFY `id` int(10) UNSIGNED ZEROFILL NOT NULL AUTO_INCREMENT, AUTO_INCREMENT=4;
--
-- AUTO_INCREMENT for table `activityType`
--
ALTER TABLE `activityType`
  MODIFY `id` int(10) UNSIGNED ZEROFILL NOT NULL AUTO_INCREMENT, AUTO_INCREMENT=3;
--
-- AUTO_INCREMENT for table `chat`
--
ALTER TABLE `chat`
  MODIFY `id` int(10) UNSIGNED ZEROFILL NOT NULL AUTO_INCREMENT;
--
-- AUTO_INCREMENT for table `chatRoom`
--
ALTER TABLE `chatRoom`
  MODIFY `id` int(10) UNSIGNED ZEROFILL NOT NULL AUTO_INCREMENT, AUTO_INCREMENT=2;
--
-- AUTO_INCREMENT for table `chatRoom_users`
--
ALTER TABLE `chatRoom_users`
  MODIFY `id` int(10) UNSIGNED ZEROFILL NOT NULL AUTO_INCREMENT;
--
-- AUTO_INCREMENT for table `fields`
--
ALTER TABLE `fields`
  MODIFY `id` int(10) UNSIGNED ZEROFILL NOT NULL AUTO_INCREMENT, AUTO_INCREMENT=119;
--
-- AUTO_INCREMENT for table `fieldType`
--
ALTER TABLE `fieldType`
  MODIFY `id` int(10) UNSIGNED ZEROFILL NOT NULL AUTO_INCREMENT, AUTO_INCREMENT=15;
--
-- AUTO_INCREMENT for table `genders`
--
ALTER TABLE `genders`
  MODIFY `id` int(10) UNSIGNED ZEROFILL NOT NULL AUTO_INCREMENT, AUTO_INCREMENT=3;
--
-- AUTO_INCREMENT for table `groups`
--
ALTER TABLE `groups`
  MODIFY `id` int(10) UNSIGNED ZEROFILL NOT NULL AUTO_INCREMENT, AUTO_INCREMENT=4;
--
-- AUTO_INCREMENT for table `languages`
--
ALTER TABLE `languages`
  MODIFY `id` int(10) UNSIGNED ZEROFILL NOT NULL AUTO_INCREMENT, AUTO_INCREMENT=4;
--
-- AUTO_INCREMENT for table `pages`
--
ALTER TABLE `pages`
  MODIFY `id` int(10) UNSIGNED ZEROFILL NOT NULL AUTO_INCREMENT, AUTO_INCREMENT=51;
--
-- AUTO_INCREMENT for table `pageType`
--
ALTER TABLE `pageType`
  MODIFY `id` int(10) UNSIGNED ZEROFILL NOT NULL AUTO_INCREMENT, AUTO_INCREMENT=5;
--
-- AUTO_INCREMENT for table `sections`
--
ALTER TABLE `sections`
  MODIFY `id` int(10) UNSIGNED ZEROFILL NOT NULL AUTO_INCREMENT, AUTO_INCREMENT=615;
--
-- AUTO_INCREMENT for table `styleGroup`
--
ALTER TABLE `styleGroup`
  MODIFY `id` int(10) UNSIGNED ZEROFILL NOT NULL AUTO_INCREMENT, AUTO_INCREMENT=10;
--
-- AUTO_INCREMENT for table `styles`
--
ALTER TABLE `styles`
  MODIFY `id` int(10) UNSIGNED ZEROFILL NOT NULL AUTO_INCREMENT, AUTO_INCREMENT=49;
--
-- AUTO_INCREMENT for table `styleType`
--
ALTER TABLE `styleType`
  MODIFY `id` int(10) UNSIGNED ZEROFILL NOT NULL AUTO_INCREMENT, AUTO_INCREMENT=4;
--
-- AUTO_INCREMENT for table `users`
--
ALTER TABLE `users`
  MODIFY `id` int(10) UNSIGNED ZEROFILL NOT NULL AUTO_INCREMENT, AUTO_INCREMENT=4;
--
-- AUTO_INCREMENT for table `userStatus`
--
ALTER TABLE `userStatus`
  MODIFY `id` int(10) UNSIGNED ZEROFILL NOT NULL AUTO_INCREMENT, AUTO_INCREMENT=4;
--
-- AUTO_INCREMENT for table `user_activity`
--
ALTER TABLE `user_activity`
  MODIFY `id` int(10) UNSIGNED ZEROFILL NOT NULL AUTO_INCREMENT;
--
-- AUTO_INCREMENT for table `user_input`
--
ALTER TABLE `user_input`
  MODIFY `id` int(10) UNSIGNED ZEROFILL NOT NULL AUTO_INCREMENT;
--
-- Constraints for dumped tables
--

--
-- Constraints for table `acl_groups`
--
ALTER TABLE `acl_groups`
  ADD CONSTRAINT `fk_acl_groups_id_groups` FOREIGN KEY (`id_groups`) REFERENCES `groups` (`id`) ON DELETE CASCADE ON UPDATE CASCADE,
  ADD CONSTRAINT `fk_acl_groups_id_pages` FOREIGN KEY (`id_pages`) REFERENCES `pages` (`id`) ON DELETE CASCADE ON UPDATE CASCADE;

--
-- Constraints for table `acl_users`
--
ALTER TABLE `acl_users`
  ADD CONSTRAINT `acl_fk_id_pages` FOREIGN KEY (`id_pages`) REFERENCES `pages` (`id`) ON DELETE CASCADE ON UPDATE CASCADE,
  ADD CONSTRAINT `acl_fk_id_users` FOREIGN KEY (`id_users`) REFERENCES `users` (`id`) ON DELETE CASCADE ON UPDATE CASCADE;

--
-- Constraints for table `chat`
--
ALTER TABLE `chat`
  ADD CONSTRAINT `fk_chat_id_rcv_grp` FOREIGN KEY (`id_rcv_grp`) REFERENCES `chatRoom` (`id`) ON DELETE CASCADE ON UPDATE CASCADE,
  ADD CONSTRAINT `fk_chat_id_rcv_user` FOREIGN KEY (`id_rcv`) REFERENCES `users` (`id`) ON DELETE CASCADE ON UPDATE CASCADE,
  ADD CONSTRAINT `fk_chat_id_send` FOREIGN KEY (`id_snd`) REFERENCES `users` (`id`) ON DELETE CASCADE ON UPDATE CASCADE;

--
-- Constraints for table `chatRecipiants`
--
ALTER TABLE `chatRecipiants`
  ADD CONSTRAINT `chatRecipiants_fk_id_chat` FOREIGN KEY (`id_chat`) REFERENCES `chat` (`id`) ON DELETE CASCADE ON UPDATE CASCADE,
  ADD CONSTRAINT `chatRecipiants_fk_id_room_users` FOREIGN KEY (`id_room_users`) REFERENCES `chatRoom_users` (`id`) ON DELETE CASCADE ON UPDATE CASCADE,
  ADD CONSTRAINT `chatRecipiants_fk_id_users` FOREIGN KEY (`id_users`) REFERENCES `users` (`id`) ON DELETE CASCADE ON UPDATE CASCADE;

--
-- Constraints for table `chatRoom_users`
--
ALTER TABLE `chatRoom_users`
  ADD CONSTRAINT `chatRoom_users_fk_id_chatRoom` FOREIGN KEY (`id_chatRoom`) REFERENCES `chatRoom` (`id`) ON DELETE CASCADE ON UPDATE CASCADE,
  ADD CONSTRAINT `chatRoom_users_fk_id_users` FOREIGN KEY (`id_users`) REFERENCES `users` (`id`) ON DELETE CASCADE ON UPDATE CASCADE;

--
-- Constraints for table `fields`
--
ALTER TABLE `fields`
  ADD CONSTRAINT `fields_fk_id_type` FOREIGN KEY (`id_type`) REFERENCES `fieldType` (`id`) ON DELETE CASCADE ON UPDATE CASCADE;

--
-- Constraints for table `pages`
--
ALTER TABLE `pages`
  ADD CONSTRAINT `pages_fk_id_actions` FOREIGN KEY (`id_actions`) REFERENCES `actions` (`id`) ON DELETE CASCADE ON UPDATE CASCADE,
  ADD CONSTRAINT `pages_fk_id_navigation_section` FOREIGN KEY (`id_navigation_section`) REFERENCES `sections` (`id`) ON DELETE CASCADE ON UPDATE CASCADE,
  ADD CONSTRAINT `pages_fk_id_type` FOREIGN KEY (`id_type`) REFERENCES `pageType` (`id`) ON DELETE CASCADE ON UPDATE CASCADE,
  ADD CONSTRAINT `pages_fk_parent` FOREIGN KEY (`parent`) REFERENCES `pages` (`id`) ON DELETE SET NULL ON UPDATE CASCADE;

--
-- Constraints for table `pages_fields`
--
ALTER TABLE `pages_fields`
  ADD CONSTRAINT `fk_page_fields_id_fields` FOREIGN KEY (`id_fields`) REFERENCES `fields` (`id`) ON DELETE CASCADE ON UPDATE CASCADE,
  ADD CONSTRAINT `fk_page_fields_id_pages` FOREIGN KEY (`id_pages`) REFERENCES `pages` (`id`) ON DELETE CASCADE ON UPDATE CASCADE;

--
-- Constraints for table `pages_fields_translation`
--
ALTER TABLE `pages_fields_translation`
  ADD CONSTRAINT `pages_fields_translation_fk_id_fields` FOREIGN KEY (`id_fields`) REFERENCES `fields` (`id`) ON DELETE CASCADE ON UPDATE CASCADE,
  ADD CONSTRAINT `pages_fields_translation_fk_id_languages` FOREIGN KEY (`id_languages`) REFERENCES `languages` (`id`) ON DELETE CASCADE ON UPDATE CASCADE,
  ADD CONSTRAINT `pages_fields_translation_fk_id_pages` FOREIGN KEY (`id_pages`) REFERENCES `pages` (`id`) ON DELETE CASCADE ON UPDATE CASCADE;

--
-- Constraints for table `pages_sections`
--
ALTER TABLE `pages_sections`
  ADD CONSTRAINT `pages_sections_fk_id_pages` FOREIGN KEY (`id_pages`) REFERENCES `pages` (`id`) ON DELETE CASCADE ON UPDATE CASCADE,
  ADD CONSTRAINT `pages_sections_fk_id_sections` FOREIGN KEY (`id_sections`) REFERENCES `sections` (`id`) ON DELETE CASCADE ON UPDATE CASCADE;

--
-- Constraints for table `sections`
--
ALTER TABLE `sections`
  ADD CONSTRAINT `sections_fk_id_styles` FOREIGN KEY (`id_styles`) REFERENCES `styles` (`id`) ON DELETE CASCADE ON UPDATE CASCADE,
  ADD CONSTRAINT `sections_fk_owner` FOREIGN KEY (`owner`) REFERENCES `users` (`id`) ON DELETE CASCADE ON UPDATE CASCADE;

--
-- Constraints for table `sections_fields_translation`
--
ALTER TABLE `sections_fields_translation`
  ADD CONSTRAINT `sections_fields_translation_fk_id_fields` FOREIGN KEY (`id_fields`) REFERENCES `fields` (`id`) ON DELETE CASCADE ON UPDATE CASCADE,
  ADD CONSTRAINT `sections_fields_translation_fk_id_genders` FOREIGN KEY (`id_genders`) REFERENCES `genders` (`id`) ON DELETE CASCADE ON UPDATE CASCADE,
  ADD CONSTRAINT `sections_fields_translation_fk_id_languages` FOREIGN KEY (`id_languages`) REFERENCES `languages` (`id`) ON DELETE CASCADE ON UPDATE CASCADE,
  ADD CONSTRAINT `sections_fields_translation_fk_id_sections` FOREIGN KEY (`id_sections`) REFERENCES `sections` (`id`) ON DELETE CASCADE ON UPDATE CASCADE;

--
-- Constraints for table `sections_hierarchy`
--
ALTER TABLE `sections_hierarchy`
  ADD CONSTRAINT `sections_hierarchy_fk_child` FOREIGN KEY (`child`) REFERENCES `sections` (`id`) ON DELETE CASCADE ON UPDATE CASCADE,
  ADD CONSTRAINT `sections_hierarchy_fk_parent` FOREIGN KEY (`parent`) REFERENCES `sections` (`id`) ON DELETE CASCADE ON UPDATE CASCADE;

--
-- Constraints for table `sections_navigation`
--
ALTER TABLE `sections_navigation`
  ADD CONSTRAINT `sections_navigation_fk_child` FOREIGN KEY (`child`) REFERENCES `sections` (`id`) ON DELETE CASCADE ON UPDATE CASCADE,
  ADD CONSTRAINT `sections_navigation_fk_id_pages` FOREIGN KEY (`id_pages`) REFERENCES `pages` (`id`) ON DELETE CASCADE ON UPDATE CASCADE,
  ADD CONSTRAINT `sections_navigation_fk_parent` FOREIGN KEY (`parent`) REFERENCES `sections` (`id`) ON DELETE CASCADE ON UPDATE CASCADE;

--
-- Constraints for table `styles`
--
ALTER TABLE `styles`
  ADD CONSTRAINT `styles_fk_id_group` FOREIGN KEY (`id_group`) REFERENCES `styleGroup` (`id`) ON DELETE CASCADE ON UPDATE CASCADE,
  ADD CONSTRAINT `styles_fk_id_type` FOREIGN KEY (`id_type`) REFERENCES `styleType` (`id`) ON DELETE CASCADE ON UPDATE CASCADE;

--
-- Constraints for table `styles_fields`
--
ALTER TABLE `styles_fields`
  ADD CONSTRAINT `styles_fields_fk_id_fields` FOREIGN KEY (`id_fields`) REFERENCES `fields` (`id`) ON DELETE CASCADE ON UPDATE CASCADE,
  ADD CONSTRAINT `styles_fields_fk_id_styles` FOREIGN KEY (`id_styles`) REFERENCES `styles` (`id`) ON DELETE CASCADE ON UPDATE CASCADE;

--
-- Constraints for table `users`
--
ALTER TABLE `users`
  ADD CONSTRAINT `fk_users_id_genders` FOREIGN KEY (`id_genders`) REFERENCES `genders` (`id`) ON DELETE CASCADE ON UPDATE CASCADE,
  ADD CONSTRAINT `fk_users_id_languages` FOREIGN KEY (`id_languages`) REFERENCES `languages` (`id`) ON DELETE SET NULL ON UPDATE CASCADE,
  ADD CONSTRAINT `fk_users_id_status` FOREIGN KEY (`id_status`) REFERENCES `userStatus` (`id`) ON DELETE SET NULL ON UPDATE CASCADE;

--
-- Constraints for table `users_groups`
--
ALTER TABLE `users_groups`
  ADD CONSTRAINT `fk_users_groups_id_groups` FOREIGN KEY (`id_groups`) REFERENCES `groups` (`id`) ON DELETE CASCADE ON UPDATE CASCADE,
  ADD CONSTRAINT `fk_users_groups_id_users` FOREIGN KEY (`id_users`) REFERENCES `users` (`id`) ON DELETE CASCADE ON UPDATE CASCADE;

--
-- Constraints for table `user_activity`
--
ALTER TABLE `user_activity`
  ADD CONSTRAINT `fk_user_activity_fk_id_type` FOREIGN KEY (`id_type`) REFERENCES `activityType` (`id`) ON DELETE CASCADE ON UPDATE CASCADE,
  ADD CONSTRAINT `fk_user_activity_fk_id_users` FOREIGN KEY (`id_users`) REFERENCES `users` (`id`) ON DELETE CASCADE ON UPDATE CASCADE;

--
-- Constraints for table `user_input`
--
ALTER TABLE `user_input`
  ADD CONSTRAINT `user_input_fk_id_section_form` FOREIGN KEY (`id_section_form`) REFERENCES `sections` (`id`) ON DELETE CASCADE ON UPDATE CASCADE,
  ADD CONSTRAINT `user_input_fk_id_sections` FOREIGN KEY (`id_sections`) REFERENCES `sections` (`id`) ON DELETE CASCADE ON UPDATE CASCADE,
  ADD CONSTRAINT `user_input_fk_id_users` FOREIGN KEY (`id_users`) REFERENCES `users` (`id`) ON DELETE CASCADE ON UPDATE CASCADE;

--
-- Constraints for table `validation_codes`
--
ALTER TABLE `validation_codes`
  ADD CONSTRAINT `validation_codes_fk_id_users` FOREIGN KEY (`id_users`) REFERENCES `users` (`id`) ON DELETE CASCADE ON UPDATE CASCADE;

/*!40101 SET CHARACTER_SET_CLIENT=@OLD_CHARACTER_SET_CLIENT */;
/*!40101 SET CHARACTER_SET_RESULTS=@OLD_CHARACTER_SET_RESULTS */;
/*!40101 SET COLLATION_CONNECTION=@OLD_COLLATION_CONNECTION */;
