-- phpMyAdmin SQL Dump
-- version 4.6.6deb5
-- https://www.phpmyadmin.net/
--
-- Host: localhost:3306
-- Generation Time: Oct 04, 2018 at 11:11 AM
-- Server version: 5.7.23-0ubuntu0.18.04.1
-- PHP Version: 7.2.10-0ubuntu0.18.04.1

SET SQL_MODE = "NO_AUTO_VALUE_ON_ZERO";
SET time_zone = "+00:00";


/*!40101 SET @OLD_CHARACTER_SET_CLIENT=@@CHARACTER_SET_CLIENT */;
/*!40101 SET @OLD_CHARACTER_SET_RESULTS=@@CHARACTER_SET_RESULTS */;
/*!40101 SET @OLD_COLLATION_CONNECTION=@@COLLATION_CONNECTION */;
/*!40101 SET NAMES utf8mb4 */;

--
-- Database: `selfhelpDemo`
--

-- --------------------------------------------------------

--
-- Table structure for table `acl_groups`
--

CREATE TABLE `acl_groups` (
  `id_groups` int(10) UNSIGNED ZEROFILL NOT NULL,
  `id_pages` int(10) UNSIGNED ZEROFILL NOT NULL,
  `acl_select` tinyint(1) NOT NULL DEFAULT '1',
  `acl_insert` tinyint(1) NOT NULL DEFAULT '0',
  `acl_update` tinyint(1) NOT NULL DEFAULT '0',
  `acl_delete` tinyint(1) NOT NULL DEFAULT '0'
) ENGINE=InnoDB DEFAULT CHARSET=utf8;

--
-- Dumping data for table `acl_groups`
--

INSERT INTO `acl_groups` (`id_groups`, `id_pages`, `acl_select`, `acl_insert`, `acl_update`, `acl_delete`) VALUES
(0000000001, 0000000001, 1, 1, 1, 1),
(0000000001, 0000000002, 1, 1, 1, 1),
(0000000001, 0000000003, 1, 0, 1, 0),
(0000000001, 0000000004, 1, 1, 1, 1),
(0000000001, 0000000005, 1, 0, 1, 0),
(0000000001, 0000000006, 1, 1, 1, 1),
(0000000001, 0000000007, 1, 1, 1, 1),
(0000000001, 0000000008, 1, 1, 1, 1),
(0000000001, 0000000009, 1, 0, 0, 0),
(0000000001, 0000000010, 1, 0, 0, 0),
(0000000001, 0000000011, 1, 1, 0, 0),
(0000000001, 0000000012, 1, 0, 1, 0),
(0000000001, 0000000013, 1, 0, 0, 1),
(0000000001, 0000000014, 1, 0, 0, 0),
(0000000001, 0000000015, 1, 1, 0, 0),
(0000000001, 0000000016, 1, 0, 1, 0),
(0000000001, 0000000017, 1, 0, 0, 1),
(0000000001, 0000000018, 1, 0, 0, 0),
(0000000001, 0000000019, 1, 1, 0, 0),
(0000000001, 0000000020, 1, 0, 1, 0),
(0000000001, 0000000021, 1, 0, 0, 1),
(0000000001, 0000000022, 1, 0, 0, 0),
(0000000001, 0000000023, 1, 0, 0, 0),
(0000000001, 0000000024, 1, 0, 0, 0),
(0000000001, 0000000025, 1, 1, 0, 0),
(0000000001, 0000000026, 1, 0, 1, 0),
(0000000001, 0000000027, 1, 0, 0, 1),
(0000000001, 0000000028, 1, 0, 0, 0),
(0000000001, 0000000030, 1, 1, 1, 1),
(0000000001, 0000000031, 1, 1, 1, 1),
(0000000001, 0000000032, 1, 1, 1, 1),
(0000000001, 0000000033, 1, 1, 1, 1),
(0000000001, 0000000034, 1, 1, 1, 1),
(0000000001, 0000000036, 1, 1, 1, 1),
(0000000001, 0000000037, 1, 1, 1, 1),
(0000000001, 0000000039, 1, 1, 1, 1),
(0000000001, 0000000040, 1, 0, 0, 0),
(0000000001, 0000000041, 1, 1, 1, 1),
(0000000001, 0000000042, 1, 1, 1, 1),
(0000000001, 0000000043, 1, 1, 1, 1),
(0000000002, 0000000001, 1, 0, 0, 0),
(0000000002, 0000000002, 1, 0, 0, 0),
(0000000002, 0000000003, 1, 0, 0, 0),
(0000000002, 0000000004, 1, 0, 0, 0),
(0000000002, 0000000005, 1, 0, 0, 0),
(0000000002, 0000000006, 1, 0, 0, 0),
(0000000002, 0000000007, 1, 0, 0, 0),
(0000000002, 0000000008, 1, 0, 0, 0),
(0000000002, 0000000009, 1, 0, 0, 0),
(0000000002, 0000000010, 1, 0, 0, 0),
(0000000002, 0000000011, 1, 1, 0, 0),
(0000000002, 0000000012, 1, 0, 1, 0),
(0000000002, 0000000013, 1, 0, 0, 1),
(0000000002, 0000000014, 1, 0, 0, 0),
(0000000002, 0000000015, 1, 1, 0, 0),
(0000000002, 0000000016, 1, 0, 1, 0),
(0000000002, 0000000017, 0, 0, 0, 0),
(0000000002, 0000000018, 1, 0, 0, 0),
(0000000002, 0000000019, 1, 1, 0, 0),
(0000000002, 0000000020, 1, 0, 1, 0),
(0000000002, 0000000021, 0, 0, 0, 0),
(0000000002, 0000000022, 1, 0, 0, 0),
(0000000002, 0000000023, 1, 0, 0, 0),
(0000000002, 0000000024, 1, 0, 0, 0),
(0000000002, 0000000025, 1, 1, 0, 0),
(0000000002, 0000000026, 1, 0, 1, 0),
(0000000002, 0000000027, 1, 0, 0, 1),
(0000000002, 0000000028, 1, 0, 0, 0),
(0000000002, 0000000030, 1, 0, 0, 0),
(0000000002, 0000000031, 1, 0, 0, 0),
(0000000002, 0000000032, 1, 0, 0, 0),
(0000000002, 0000000033, 1, 0, 0, 0),
(0000000002, 0000000034, 1, 0, 0, 0),
(0000000002, 0000000036, 1, 1, 1, 1),
(0000000002, 0000000037, 1, 1, 1, 1),
(0000000002, 0000000039, 1, 1, 1, 1),
(0000000002, 0000000040, 1, 0, 0, 0),
(0000000002, 0000000041, 1, 1, 1, 1),
(0000000002, 0000000042, 1, 0, 0, 0),
(0000000002, 0000000043, 1, 1, 1, 1),
(0000000003, 0000000001, 1, 0, 0, 0),
(0000000003, 0000000002, 1, 0, 0, 0),
(0000000003, 0000000003, 1, 0, 0, 0),
(0000000003, 0000000004, 1, 0, 0, 0),
(0000000003, 0000000005, 1, 0, 0, 0),
(0000000003, 0000000006, 1, 0, 0, 0),
(0000000003, 0000000007, 1, 0, 0, 0),
(0000000003, 0000000008, 1, 0, 0, 0),
(0000000003, 0000000009, 0, 0, 0, 0),
(0000000003, 0000000010, 0, 0, 0, 0),
(0000000003, 0000000011, 0, 0, 0, 0),
(0000000003, 0000000012, 0, 0, 0, 0),
(0000000003, 0000000013, 0, 0, 0, 0),
(0000000003, 0000000014, 0, 0, 0, 0),
(0000000003, 0000000015, 0, 0, 0, 0),
(0000000003, 0000000016, 0, 0, 0, 0),
(0000000003, 0000000017, 0, 0, 0, 0),
(0000000003, 0000000018, 0, 0, 0, 0),
(0000000003, 0000000019, 0, 0, 0, 0),
(0000000003, 0000000020, 0, 0, 0, 0),
(0000000003, 0000000021, 0, 0, 0, 0),
(0000000003, 0000000022, 0, 0, 0, 0),
(0000000003, 0000000023, 0, 0, 0, 0),
(0000000003, 0000000024, 0, 0, 0, 0),
(0000000003, 0000000025, 0, 0, 0, 0),
(0000000003, 0000000026, 0, 0, 0, 0),
(0000000003, 0000000027, 0, 0, 0, 0),
(0000000003, 0000000028, 1, 0, 0, 0),
(0000000003, 0000000030, 1, 0, 0, 0),
(0000000003, 0000000031, 1, 0, 0, 0),
(0000000003, 0000000032, 1, 0, 0, 0),
(0000000003, 0000000033, 1, 0, 0, 0),
(0000000003, 0000000034, 1, 0, 0, 0),
(0000000003, 0000000036, 1, 0, 0, 0),
(0000000003, 0000000037, 1, 0, 0, 0),
(0000000003, 0000000039, 1, 0, 0, 0),
(0000000003, 0000000040, 1, 0, 0, 0),
(0000000003, 0000000041, 1, 0, 0, 0),
(0000000003, 0000000042, 1, 0, 0, 0),
(0000000003, 0000000043, 1, 0, 0, 0);

-- --------------------------------------------------------

--
-- Table structure for table `acl_users`
--

CREATE TABLE `acl_users` (
  `id_users` int(10) UNSIGNED ZEROFILL NOT NULL,
  `id_pages` int(10) UNSIGNED ZEROFILL NOT NULL,
  `acl_select` tinyint(1) NOT NULL DEFAULT '1',
  `acl_insert` tinyint(1) NOT NULL DEFAULT '0',
  `acl_update` tinyint(1) NOT NULL DEFAULT '0',
  `acl_delete` tinyint(1) NOT NULL DEFAULT '0'
) ENGINE=InnoDB DEFAULT CHARSET=utf8;

--
-- Dumping data for table `acl_users`
--

INSERT INTO `acl_users` (`id_users`, `id_pages`, `acl_select`, `acl_insert`, `acl_update`, `acl_delete`) VALUES
(0000000001, 0000000001, 1, 0, 0, 0),
(0000000001, 0000000002, 1, 0, 0, 0),
(0000000001, 0000000006, 1, 0, 0, 0),
(0000000001, 0000000008, 1, 0, 0, 0),
(0000000001, 0000000030, 1, 0, 0, 0),
(0000000001, 0000000031, 1, 0, 0, 0),
(0000000001, 0000000032, 1, 0, 0, 0),
(0000000001, 0000000036, 1, 0, 0, 0),
(0000000001, 0000000037, 1, 0, 0, 0),
(0000000001, 0000000039, 1, 0, 0, 0),
(0000000001, 0000000040, 1, 0, 0, 0),
(0000000001, 0000000041, 1, 0, 0, 0),
(0000000001, 0000000042, 1, 0, 0, 0),
(0000000001, 0000000043, 1, 0, 0, 0);

-- --------------------------------------------------------

--
-- Table structure for table `actions`
--

CREATE TABLE `actions` (
  `id` int(10) UNSIGNED ZEROFILL NOT NULL,
  `name` varchar(100) NOT NULL
) ENGINE=InnoDB DEFAULT CHARSET=utf8;

--
-- Dumping data for table `actions`
--

INSERT INTO `actions` (`id`, `name`) VALUES
(0000000001, 'custom'),
(0000000002, 'component'),
(0000000003, 'sections');

-- --------------------------------------------------------

--
-- Table structure for table `chat`
--

CREATE TABLE `chat` (
  `id` int(10) UNSIGNED ZEROFILL NOT NULL,
  `id_snd` int(10) UNSIGNED ZEROFILL NOT NULL,
  `id_rcv` int(10) UNSIGNED ZEROFILL DEFAULT NULL,
  `content` longtext NOT NULL,
  `timestamp` datetime NOT NULL DEFAULT CURRENT_TIMESTAMP
) ENGINE=InnoDB DEFAULT CHARSET=utf8;

-- --------------------------------------------------------

--
-- Table structure for table `fields`
--

CREATE TABLE `fields` (
  `id` int(10) UNSIGNED ZEROFILL NOT NULL,
  `name` varchar(100) NOT NULL,
  `id_type` int(10) UNSIGNED ZEROFILL NOT NULL DEFAULT '0000000002',
  `display` tinyint(1) NOT NULL DEFAULT '1'
) ENGINE=InnoDB DEFAULT CHARSET=utf8;

--
-- Dumping data for table `fields`
--

INSERT INTO `fields` (`id`, `name`, `id_type`, `display`) VALUES
(0000000001, 'label_user', 0000000001, 1),
(0000000002, 'label_pw', 0000000001, 1),
(0000000003, 'label_login', 0000000001, 1),
(0000000004, 'label_pw_reset', 0000000001, 1),
(0000000005, 'alert_fail', 0000000001, 1),
(0000000006, 'children', 0000000006, 0),
(0000000007, 'login_title', 0000000001, 1),
(0000000008, 'label', 0000000001, 1),
(0000000009, 'label_pw_confirm', 0000000001, 1),
(0000000010, 'label_change', 0000000001, 1),
(0000000011, 'pw_change_title', 0000000001, 1),
(0000000012, 'delete_title', 0000000001, 1),
(0000000013, 'label_delete', 0000000001, 1),
(0000000014, 'delete_content', 0000000002, 1),
(0000000015, 'label_delete_confirm', 0000000001, 1),
(0000000016, 'delete_confirm_content', 0000000002, 1),
(0000000017, 'alert_pw_fail', 0000000001, 1),
(0000000018, 'alert_pw_success', 0000000001, 1),
(0000000019, 'alert_del_fail', 0000000001, 1),
(0000000020, 'alert_del_success', 0000000001, 1),
(0000000021, 'level', 0000000005, 0),
(0000000022, 'title', 0000000001, 1),
(0000000023, 'css', 0000000001, 0),
(0000000024, 'text', 0000000002, 1),
(0000000025, 'text_md', 0000000004, 1),
(0000000026, 'text_md_inline', 0000000007, 1),
(0000000027, 'url', 0000000001, 0),
(0000000028, 'type', 0000000009, 0),
(0000000029, 'is_fluid', 0000000003, 0),
(0000000030, 'alt', 0000000001, 1),
(0000000031, 'title_prefix', 0000000001, 1),
(0000000032, 'experimenter', 0000000001, 1),
(0000000033, 'subjects', 0000000001, 1),
(0000000034, 'subtitle', 0000000001, 1),
(0000000035, 'alert_success', 0000000001, 1),
(0000000036, 'label_name', 0000000001, 1),
(0000000037, 'name_placeholder', 0000000001, 1),
(0000000038, 'name_description', 0000000007, 1),
(0000000039, 'label_gender', 0000000001, 1),
(0000000040, 'gender_male', 0000000001, 1),
(0000000041, 'gender_female', 0000000001, 1),
(0000000042, 'label_activate', 0000000001, 1),
(0000000043, 'pw_placeholder', 0000000001, 1),
(0000000044, 'success', 0000000001, 1),
(0000000045, 'is_dismissable', 0000000003, 0),
(0000000046, 'is_expanded', 0000000003, 0),
(0000000047, 'is_collapsible', 0000000003, 0),
(0000000048, 'url_edit', 0000000001, 0),
(0000000049, 'caption_title', 0000000001, 1),
(0000000050, 'caption', 0000000007, 1),
(0000000051, 'label_cancel', 0000000001, 1),
(0000000052, 'url_cancel', 0000000001, 0),
(0000000053, 'source', 0000000001, 0),
(0000000054, 'type_input', 0000000010, 0),
(0000000055, 'placeholder', 0000000001, 1),
(0000000056, 'is_required', 0000000003, 0),
(0000000057, 'name', 0000000001, 0),
(0000000058, 'value', 0000000002, 0),
(0000000059, 'is_paragraph', 0000000003, 0),
(0000000060, 'count', 0000000005, 0),
(0000000061, 'count_max', 0000000005, 0),
(0000000062, 'label_right', 0000000001, 1),
(0000000063, 'label_wrong', 0000000001, 1),
(0000000064, 'right_content', 0000000001, 1),
(0000000065, 'wrong_content', 0000000001, 1),
(0000000066, 'items', 0000000008, 1),
(0000000067, 'is_multiple', 0000000003, 0),
(0000000068, 'labels', 0000000008, 1),
(0000000069, 'min', 0000000005, 0),
(0000000070, 'max', 0000000005, 0),
(0000000071, 'sources', 0000000008, 0),
(0000000072, 'label_root', 0000000001, 1),
(0000000073, 'label_back', 0000000001, 1),
(0000000074, 'label_next', 0000000001, 1),
(0000000075, 'has_navigation_buttons', 0000000003, 0),
(0000000077, 'search_text', 0000000001, 1),
(0000000078, 'is_sortable', 0000000003, 0),
(0000000079, 'is_editable', 0000000003, 0),
(0000000080, 'url_delete', 0000000001, 0),
(0000000081, 'label_add', 0000000001, 1),
(0000000082, 'url_add', 0000000001, 0),
(0000000083, 'id_prefix', 0000000001, 0),
(0000000084, 'id_active', 0000000005, 0);

-- --------------------------------------------------------

--
-- Table structure for table `fieldType`
--

CREATE TABLE `fieldType` (
  `id` int(10) UNSIGNED ZEROFILL NOT NULL,
  `name` varchar(100) NOT NULL,
  `position` int(11) NOT NULL
) ENGINE=InnoDB DEFAULT CHARSET=utf8;

--
-- Dumping data for table `fieldType`
--

INSERT INTO `fieldType` (`id`, `name`, `position`) VALUES
(0000000001, 'text', 10),
(0000000002, 'textarea', 30),
(0000000003, 'checkbox', 60),
(0000000004, 'markdown', 40),
(0000000005, 'number', 50),
(0000000006, 'style-list', 70),
(0000000007, 'markdown-inline', 20),
(0000000008, 'json', 45),
(0000000009, 'style-bootstrap', 5),
(0000000010, 'type-input', 4);

-- --------------------------------------------------------

--
-- Table structure for table `genders`
--

CREATE TABLE `genders` (
  `id` int(10) UNSIGNED ZEROFILL NOT NULL,
  `name` varchar(20) NOT NULL
) ENGINE=InnoDB DEFAULT CHARSET=utf8;

--
-- Dumping data for table `genders`
--

INSERT INTO `genders` (`id`, `name`) VALUES
(0000000001, 'male'),
(0000000002, 'female');

-- --------------------------------------------------------

--
-- Table structure for table `groups`
--

CREATE TABLE `groups` (
  `id` int(10) UNSIGNED ZEROFILL NOT NULL,
  `name` varchar(100) NOT NULL,
  `description` varchar(250) NOT NULL
) ENGINE=InnoDB DEFAULT CHARSET=utf8;

--
-- Dumping data for table `groups`
--

INSERT INTO `groups` (`id`, `name`, `description`) VALUES
(0000000001, 'admin', 'full access'),
(0000000002, 'experimenter', 'access to home, legal, profile, experiment, manage experiment'),
(0000000003, 'subject', 'access to home, legal, profile, experiment');

-- --------------------------------------------------------

--
-- Table structure for table `languages`
--

CREATE TABLE `languages` (
  `id` int(10) UNSIGNED ZEROFILL NOT NULL,
  `locale` varchar(5) NOT NULL COMMENT '"e.g en-GB, de-CH"',
  `language` varchar(100) NOT NULL
) ENGINE=InnoDB DEFAULT CHARSET=utf8;

--
-- Dumping data for table `languages`
--

INSERT INTO `languages` (`id`, `locale`, `language`) VALUES
(0000000001, 'all', 'Independent'),
(0000000002, 'de-CH', 'Deutsch (Schweiz)'),
(0000000003, 'en-GB', 'English (GB)');

-- --------------------------------------------------------

--
-- Table structure for table `pages`
--

CREATE TABLE `pages` (
  `id` int(10) UNSIGNED ZEROFILL NOT NULL,
  `keyword` varchar(100) NOT NULL,
  `url` varchar(255) DEFAULT NULL,
  `protocol` varchar(100) DEFAULT NULL COMMENT 'pipe seperated list of HTTP Methods (GET|POST)',
  `id_actions` int(10) UNSIGNED ZEROFILL DEFAULT NULL,
  `id_navigation_section` int(10) UNSIGNED ZEROFILL DEFAULT NULL,
  `parent` int(10) UNSIGNED ZEROFILL DEFAULT NULL,
  `nav_position` int(11) DEFAULT NULL,
  `footer_position` int(11) DEFAULT NULL,
  `id_type` int(10) UNSIGNED ZEROFILL NOT NULL,
  `user_input` tinyint(1) NOT NULL DEFAULT '0'
) ENGINE=InnoDB DEFAULT CHARSET=utf8;

--
-- Dumping data for table `pages`
--

INSERT INTO `pages` (`id`, `keyword`, `url`, `protocol`, `id_actions`, `id_navigation_section`, `parent`, `nav_position`, `footer_position`, `id_type`, `user_input`) VALUES
(0000000001, 'login', '/login', 'GET|POST', 0000000001, NULL, NULL, NULL, NULL, 0000000002, 0),
(0000000002, 'home', '/', 'GET', 0000000003, NULL, NULL, NULL, NULL, 0000000002, 0),
(0000000003, 'profile-link', NULL, NULL, NULL, NULL, NULL, NULL, NULL, 0000000002, 0),
(0000000004, 'profile', '/profile', 'GET|POST', 0000000003, NULL, 0000000003, 10, NULL, 0000000002, 0),
(0000000005, 'logout', '/login', 'GET', NULL, NULL, 0000000003, 20, NULL, 0000000002, 0),
(0000000006, 'missing', NULL, NULL, 0000000003, NULL, NULL, NULL, NULL, 0000000002, 0),
(0000000007, 'no_access', NULL, NULL, 0000000003, NULL, NULL, NULL, NULL, 0000000002, 0),
(0000000008, 'no_access_guest', NULL, NULL, 0000000003, NULL, NULL, NULL, NULL, 0000000002, 0),
(0000000009, 'admin-link', NULL, NULL, NULL, NULL, NULL, 1000, NULL, 0000000001, 0),
(0000000010, 'cmsSelect', '/admin/cms/[i:pid]?/[i:sid]?/[i:ssid]?', 'GET|POST', 0000000002, NULL, 0000000009, 10, NULL, 0000000001, 0),
(0000000011, 'cmsInsert', '/admin/cms_insert/[i:pid]?', 'GET|POST|PUT', 0000000002, NULL, 0000000009, NULL, NULL, 0000000001, 0),
(0000000012, 'cmsUpdate', '/admin/cms_update/[i:pid]?/[i:sid]?/[i:ssid]?/[update|insert|delete:mode]/[v:type]/[i:did]?', 'GET|POST|PATCH', 0000000002, NULL, 0000000009, NULL, NULL, 0000000001, 0),
(0000000013, 'cmsDelete', '/admin/cms_delete/[i:pid]/[i:sid]?/[i:ssid]?', 'GET|POST|DELETE', 0000000002, NULL, 0000000009, NULL, NULL, 0000000001, 0),
(0000000014, 'userSelect', '/admin/user/[i:uid]?', 'GET', 0000000002, NULL, 0000000009, 20, NULL, 0000000001, 0),
(0000000015, 'userInsert', '/admin/user_insert', 'GET|POST|PUT', 0000000002, NULL, 0000000009, NULL, NULL, 0000000001, 0),
(0000000016, 'userUpdate', '/admin/user_update/[i:uid]/[v:mode]/[i:did]?', 'GET|POST|PATCH', 0000000002, NULL, 0000000009, NULL, NULL, 0000000001, 0),
(0000000017, 'userDelete', '/admin/user_delete/[i:uid]', 'GET|POST|DELETE', 0000000002, NULL, 0000000009, NULL, NULL, 0000000001, 0),
(0000000018, 'groupSelect', '/admin/group/[i:gid]?', 'GET', 0000000002, NULL, 0000000009, 30, NULL, 0000000001, 0),
(0000000019, 'groupInsert', '/admin/group_insert', 'GET|POST|PUT', 0000000002, NULL, 0000000009, NULL, NULL, 0000000001, 0),
(0000000020, 'groupUpdate', '/admin/group_update/[i:gid]', 'GET|POST|PATCH', 0000000002, NULL, 0000000009, NULL, NULL, 0000000001, 0),
(0000000021, 'groupDelete', '/admin/group_delete/[i:gid]', 'GET|POST|DELETE', 0000000002, NULL, 0000000009, NULL, NULL, 0000000001, 0),
(0000000022, 'export', '/admin/export', 'GET', 0000000002, NULL, 0000000009, 40, NULL, 0000000001, 0),
(0000000023, 'exportData', '/admin/export/[user_input|user_activity:selector]', 'GET', 0000000001, NULL, 0000000009, NULL, NULL, 0000000001, 0),
(0000000024, 'assetSelect', '/admin/asset', 'GET', 0000000002, NULL, 0000000009, 15, NULL, 0000000001, 0),
(0000000025, 'assetInsert', '/admin/asset_insert', 'GET|POST|PUT', 0000000002, NULL, 0000000009, NULL, NULL, 0000000001, 0),
(0000000026, 'assetUpdate', '/admin/asset_update/[v:file]', 'GET|POST|PATCH', 0000000002, NULL, 0000000009, NULL, NULL, 0000000001, 0),
(0000000027, 'assetDelete', '/admin/asset_delete/[v:file]', 'GET|POST|DELETE', 0000000002, NULL, 0000000009, NULL, NULL, 0000000001, 0),
(0000000028, 'request', '/request/[a:request]', 'POST', 0000000001, NULL, NULL, NULL, NULL, 0000000001, 0),
(0000000030, 'agb', '/agb', 'GET', 0000000003, NULL, NULL, NULL, 300, 0000000002, 0),
(0000000031, 'impressum', '/impressum', 'GET', 0000000003, NULL, NULL, NULL, 100, 0000000002, 0),
(0000000032, 'disclaimer', '/disclaimer', 'GET', 0000000003, NULL, NULL, NULL, 200, 0000000002, 0),
(0000000033, 'validate', '/validate/[i:uid]/[a:token]', 'GET|POST', 0000000003, NULL, NULL, NULL, NULL, 0000000002, 0),
(0000000034, 'user_input_success', NULL, NULL, 0000000003, NULL, NULL, NULL, NULL, 0000000002, 0),
(0000000036, 'style', '/style/[i:nav]', 'GET', 0000000003, 0000000029, 0000000037, NULL, NULL, 0000000003, 0),
(0000000037, 'styles', '/styles', 'GET', 0000000003, NULL, NULL, 0, NULL, 0000000003, 0),
(0000000039, 'extend', '/extend', 'GET', 0000000003, NULL, NULL, 50, NULL, 0000000003, 0),
(0000000040, 'config', '/config/[config-apache|config-db|config-mail|new-experiment|users:target]', 'GET', 0000000002, NULL, 0000000041, NULL, NULL, 0000000001, 0),
(0000000041, 'configs', '/configs', 'GET', 0000000003, NULL, NULL, 30, NULL, 0000000003, 0),
(0000000042, 'reset_password', '/reset', 'GET|POST', 0000000003, NULL, NULL, NULL, NULL, 0000000002, 0),
(0000000043, 'extend_item', '/extend/[i:nav]', 'GET', 0000000003, 0000000415, 0000000039, NULL, NULL, 0000000003, 0);

-- --------------------------------------------------------

--
-- Table structure for table `pages_fields_translation`
--

CREATE TABLE `pages_fields_translation` (
  `id_pages` int(10) UNSIGNED ZEROFILL NOT NULL,
  `id_fields` int(10) UNSIGNED ZEROFILL NOT NULL,
  `id_languages` int(10) UNSIGNED ZEROFILL NOT NULL DEFAULT '0000000001',
  `content` longtext NOT NULL
) ENGINE=InnoDB DEFAULT CHARSET=utf8;

--
-- Dumping data for table `pages_fields_translation`
--

INSERT INTO `pages_fields_translation` (`id_pages`, `id_fields`, `id_languages`, `content`) VALUES
(0000000001, 0000000008, 0000000002, 'Login'),
(0000000001, 0000000008, 0000000003, 'Login'),
(0000000002, 0000000008, 0000000002, 'Demo'),
(0000000002, 0000000008, 0000000003, 'Demo'),
(0000000003, 0000000008, 0000000002, 'Profil'),
(0000000003, 0000000008, 0000000003, 'Profile'),
(0000000004, 0000000008, 0000000002, 'Einstellungen'),
(0000000004, 0000000008, 0000000003, 'Settings'),
(0000000005, 0000000008, 0000000002, 'Logout'),
(0000000005, 0000000008, 0000000003, 'Logout'),
(0000000006, 0000000008, 0000000002, 'Seite nicht gefunden'),
(0000000006, 0000000008, 0000000003, 'Missing'),
(0000000007, 0000000008, 0000000002, 'Kein Zugriff'),
(0000000007, 0000000008, 0000000003, 'No Access'),
(0000000008, 0000000008, 0000000002, 'Kein Zugriff'),
(0000000008, 0000000008, 0000000003, 'No Access'),
(0000000009, 0000000008, 0000000001, 'Admin'),
(0000000010, 0000000008, 0000000001, 'CMS'),
(0000000011, 0000000008, 0000000001, 'Create Page'),
(0000000012, 0000000008, 0000000001, 'Update Content'),
(0000000013, 0000000008, 0000000001, 'Delete Page'),
(0000000014, 0000000008, 0000000001, 'Users'),
(0000000015, 0000000008, 0000000001, 'Create User'),
(0000000016, 0000000008, 0000000001, 'Modify User'),
(0000000017, 0000000008, 0000000001, 'Delete User'),
(0000000018, 0000000008, 0000000001, 'Groups'),
(0000000019, 0000000008, 0000000001, 'Create Group'),
(0000000020, 0000000008, 0000000001, 'Modify Group'),
(0000000021, 0000000008, 0000000001, 'Delete Group'),
(0000000022, 0000000008, 0000000001, 'Export'),
(0000000023, 0000000008, 0000000001, 'Export'),
(0000000024, 0000000008, 0000000001, 'Assets'),
(0000000025, 0000000008, 0000000001, 'Upload Asset'),
(0000000026, 0000000008, 0000000001, 'Rename Asset'),
(0000000027, 0000000008, 0000000001, 'Delete Asset'),
(0000000030, 0000000008, 0000000002, 'AGB'),
(0000000030, 0000000008, 0000000003, 'GTC'),
(0000000031, 0000000008, 0000000002, 'Impressum'),
(0000000031, 0000000008, 0000000003, 'Impressum'),
(0000000032, 0000000008, 0000000002, 'Disclaimer'),
(0000000032, 0000000008, 0000000003, 'Disclaimer'),
(0000000033, 0000000008, 0000000002, 'Benutzer Validierung'),
(0000000033, 0000000008, 0000000003, 'User Validation'),
(0000000034, 0000000008, 0000000002, 'Benutzer Daten'),
(0000000034, 0000000008, 0000000003, 'User Data'),
(0000000036, 0000000008, 0000000002, 'Style'),
(0000000036, 0000000008, 0000000003, 'Style'),
(0000000037, 0000000008, 0000000002, 'Styles'),
(0000000037, 0000000008, 0000000003, 'Styles'),
(0000000039, 0000000008, 0000000002, 'Erweiterungen'),
(0000000039, 0000000008, 0000000003, 'Extensions'),
(0000000040, 0000000008, 0000000003, 'Config'),
(0000000041, 0000000008, 0000000002, 'Server'),
(0000000041, 0000000008, 0000000003, 'Server'),
(0000000043, 0000000008, 0000000003, 'Server');

-- --------------------------------------------------------

--
-- Table structure for table `pages_sections`
--

CREATE TABLE `pages_sections` (
  `id_pages` int(10) UNSIGNED ZEROFILL NOT NULL,
  `id_sections` int(10) UNSIGNED ZEROFILL NOT NULL,
  `position` int(11) DEFAULT NULL
) ENGINE=InnoDB DEFAULT CHARSET=utf8;

--
-- Dumping data for table `pages_sections`
--

INSERT INTO `pages_sections` (`id_pages`, `id_sections`, `position`) VALUES
(0000000001, 0000000001, NULL),
(0000000002, 0000000019, 0),
(0000000004, 0000000002, NULL),
(0000000006, 0000000003, NULL),
(0000000007, 0000000009, 0),
(0000000008, 0000000012, 0),
(0000000030, 0000000016, 0),
(0000000031, 0000000020, 0),
(0000000032, 0000000018, 0),
(0000000033, 0000000026, NULL),
(0000000034, 0000000021, 0),
(0000000037, 0000000335, 0),
(0000000039, 0000000392, 0),
(0000000041, 0000000389, 0),
(0000000042, 0000000412, NULL);

-- --------------------------------------------------------

--
-- Table structure for table `pageType`
--

CREATE TABLE `pageType` (
  `id` int(10) UNSIGNED ZEROFILL NOT NULL,
  `name` varchar(100) NOT NULL
) ENGINE=InnoDB DEFAULT CHARSET=utf8;

--
-- Dumping data for table `pageType`
--

INSERT INTO `pageType` (`id`, `name`) VALUES
(0000000001, 'intern'),
(0000000002, 'core'),
(0000000003, 'experiment');

-- --------------------------------------------------------

--
-- Table structure for table `sections`
--

CREATE TABLE `sections` (
  `id` int(10) UNSIGNED ZEROFILL NOT NULL,
  `id_styles` int(10) UNSIGNED ZEROFILL NOT NULL,
  `name` varchar(100) NOT NULL,
  `owner` int(10) UNSIGNED ZEROFILL DEFAULT NULL
) ENGINE=InnoDB DEFAULT CHARSET=utf8;

--
-- Dumping data for table `sections`
--

INSERT INTO `sections` (`id`, `id_styles`, `name`, `owner`) VALUES
(0000000001, 0000000001, 'login-login', NULL),
(0000000002, 0000000002, 'profile-profile', NULL),
(0000000003, 0000000003, 'missing-container', NULL),
(0000000004, 0000000004, 'missing-jumbotron', NULL),
(0000000005, 0000000005, 'missing-heading', NULL),
(0000000006, 0000000006, 'missing-markdown', NULL),
(0000000007, 0000000008, 'goBack-button', NULL),
(0000000008, 0000000008, 'goHome-button', NULL),
(0000000009, 0000000003, 'no_access-container', NULL),
(0000000010, 0000000004, 'no_access-jumbotron', NULL),
(0000000011, 0000000005, 'no_access-heading', NULL),
(0000000012, 0000000003, 'no_access_guest-container', NULL),
(0000000013, 0000000004, 'no_access_guest-jumbotron', NULL),
(0000000014, 0000000006, 'no_access_guest-markdown', NULL),
(0000000015, 0000000006, 'no_access-markdown', NULL),
(0000000016, 0000000003, 'agb-container', NULL),
(0000000017, 0000000003, 'contact-container', NULL),
(0000000018, 0000000003, 'disclaimer-container', NULL),
(0000000019, 0000000003, 'home-container', NULL),
(0000000020, 0000000003, 'impressum-container', NULL),
(0000000021, 0000000003, 'user_input_success-container', NULL),
(0000000022, 0000000004, 'user_input_success-jumbotron', NULL),
(0000000023, 0000000005, 'user_input_success-heading', NULL),
(0000000024, 0000000006, 'user_input_success-markdown', NULL),
(0000000025, 0000000010, 'contact-chat', NULL),
(0000000026, 0000000009, 'validate-validate', NULL),
(0000000027, 0000000032, 'styles-nestedList', NULL),
(0000000029, 0000000033, 'style-navigation', NULL),
(0000000179, 0000000030, 'alert-navigationContainer', NULL),
(0000000180, 0000000011, 'primary-alert', NULL),
(0000000181, 0000000011, 'secondary-alert', NULL),
(0000000182, 0000000011, 'success-alert', NULL),
(0000000183, 0000000011, 'danger-alert', NULL),
(0000000184, 0000000011, 'warning-alert', NULL),
(0000000185, 0000000011, 'info-alert', NULL),
(0000000186, 0000000011, 'light-alert', NULL),
(0000000187, 0000000011, 'dark-alert', NULL),
(0000000188, 0000000017, 'simple-plaintext', NULL),
(0000000189, 0000000012, 'alert-card', NULL),
(0000000190, 0000000012, 'alert-dismiss-card', NULL),
(0000000191, 0000000011, 'dismiss-alert-alert', NULL),
(0000000192, 0000000017, 'dismiss-alert-plaintext', NULL),
(0000000194, 0000000030, 'button-navigationContainer', NULL),
(0000000195, 0000000012, 'button-card', NULL),
(0000000196, 0000000008, 'primary-button', NULL),
(0000000197, 0000000008, 'secundary-button', NULL),
(0000000198, 0000000008, 'success-button', NULL),
(0000000199, 0000000008, 'danger-button', NULL),
(0000000200, 0000000008, 'warning-button', NULL),
(0000000201, 0000000008, 'info-button', NULL),
(0000000202, 0000000008, 'light-button', NULL),
(0000000203, 0000000008, 'dark-button', NULL),
(0000000204, 0000000006, 'button-markdown', NULL),
(0000000205, 0000000030, 'card-navigationContainer', NULL),
(0000000206, 0000000012, 'card-card', NULL),
(0000000207, 0000000012, 'primary-card', NULL),
(0000000208, 0000000012, 'secondary-card', NULL),
(0000000209, 0000000012, 'success-card', NULL),
(0000000210, 0000000012, 'danger-card', NULL),
(0000000211, 0000000012, 'warning-card', NULL),
(0000000212, 0000000012, 'info-card', NULL),
(0000000213, 0000000012, 'light-card', NULL),
(0000000214, 0000000012, 'dark-card', NULL),
(0000000215, 0000000012, 'card-headless-card', NULL),
(0000000216, 0000000012, 'primary-headless-card', NULL),
(0000000219, 0000000012, 'card-collapsible-card', NULL),
(0000000220, 0000000012, 'card-collapsible-primary-card', NULL),
(0000000222, 0000000006, 'card-collapsible-text-markdown', NULL),
(0000000223, 0000000006, 'card-headless-markdown', NULL),
(0000000224, 0000000006, 'card-card-markdown', NULL),
(0000000225, 0000000006, 'alert-markdown', NULL),
(0000000226, 0000000006, 'alert-markdown', NULL),
(0000000227, 0000000006, 'alert-dismiss-markdown', NULL),
(0000000230, 0000000030, 'tabs-navigationContainer', NULL),
(0000000231, 0000000012, 'tabs-card', NULL),
(0000000232, 0000000025, 'tabs-tabs', NULL),
(0000000233, 0000000024, 'primary-tab', NULL),
(0000000234, 0000000024, 'secondary-tab', NULL),
(0000000235, 0000000024, 'success-tab', NULL),
(0000000236, 0000000024, 'danger-tab', NULL),
(0000000237, 0000000024, 'warn-tab', NULL),
(0000000238, 0000000024, 'info-tab', NULL),
(0000000239, 0000000024, 'light-tab', NULL),
(0000000240, 0000000024, 'dark-tab', NULL),
(0000000241, 0000000006, 'tab-primary-markdown', NULL),
(0000000242, 0000000012, 'quiz-card', NULL),
(0000000243, 0000000020, 'quiz-quiz', NULL),
(0000000244, 0000000006, 'tabs-markdown', NULL),
(0000000245, 0000000006, 'tabs-intro-markdown', NULL),
(0000000246, 0000000006, 'quiz-markdown', NULL),
(0000000247, 0000000030, 'typography-navigationContainer', NULL),
(0000000250, 0000000006, 'md-intro-markdown', NULL),
(0000000251, 0000000012, 'markdown-card', NULL),
(0000000252, 0000000006, 'typography-markdown', NULL),
(0000000253, 0000000012, 'title-card', NULL),
(0000000254, 0000000006, 'heading-markdown', NULL),
(0000000255, 0000000012, 'text-card', NULL),
(0000000256, 0000000006, 'text-markdown', NULL),
(0000000257, 0000000030, 'container-navigationContainer', NULL),
(0000000258, 0000000003, 'fluid-container', NULL),
(0000000259, 0000000011, 'fluid-alert', NULL),
(0000000260, 0000000003, 'non-fluid-container', NULL),
(0000000261, 0000000011, 'non-fluid-alert', NULL),
(0000000262, 0000000030, 'jumbotron-navigationContainer', NULL),
(0000000263, 0000000004, 'jumbotron-jumbotron', NULL),
(0000000264, 0000000012, 'fluid-card', NULL),
(0000000265, 0000000012, 'non-fluid-card', NULL),
(0000000266, 0000000006, 'container-markdown', NULL),
(0000000267, 0000000006, 'fluid-markdown', NULL),
(0000000268, 0000000006, 'non-fluid-markdown', NULL),
(0000000269, 0000000006, 'jumbotron-markdown', NULL),
(0000000270, 0000000012, 'navigation-card', NULL),
(0000000271, 0000000006, 'navigation-markdown', NULL),
(0000000272, 0000000030, 'media-navigationContainer', NULL),
(0000000273, 0000000012, 'figure-card', NULL),
(0000000274, 0000000012, 'video-card', NULL),
(0000000275, 0000000013, 'figure-figure', NULL),
(0000000276, 0000000006, 'figure-markdown', NULL),
(0000000277, 0000000027, 'video-video', NULL),
(0000000278, 0000000006, 'video-markdown', NULL),
(0000000279, 0000000006, 'media-markdown', NULL),
(0000000280, 0000000012, 'image-card', NULL),
(0000000281, 0000000006, 'image-markdown', NULL),
(0000000282, 0000000015, 'media-image', NULL),
(0000000283, 0000000030, 'form-navigationContainer', NULL),
(0000000285, 0000000012, 'input-card', NULL),
(0000000286, 0000000016, 'text-input', NULL),
(0000000287, 0000000016, 'number-input', NULL),
(0000000288, 0000000016, 'color-input', NULL),
(0000000289, 0000000006, 'input-markdown', NULL),
(0000000290, 0000000016, 'time-input', NULL),
(0000000291, 0000000016, 'date-input', NULL),
(0000000292, 0000000016, 'date-local-input', NULL),
(0000000293, 0000000016, 'email-input', NULL),
(0000000294, 0000000016, 'month-input', NULL),
(0000000295, 0000000016, 'range-input', NULL),
(0000000296, 0000000016, 'search-input', NULL),
(0000000297, 0000000016, 'tel-input', NULL),
(0000000298, 0000000016, 'url-input', NULL),
(0000000299, 0000000016, 'week-input', NULL),
(0000000300, 0000000016, 'checkbox-input', NULL),
(0000000302, 0000000026, 'textarea-textarea', NULL),
(0000000303, 0000000006, 'textarea-markdown', NULL),
(0000000305, 0000000012, 'select-card', NULL),
(0000000306, 0000000006, 'select-markdown', NULL),
(0000000307, 0000000006, 'formfield-markdown', NULL),
(0000000308, 0000000022, 'select-select', NULL),
(0000000309, 0000000022, 'select-default-select', NULL),
(0000000310, 0000000022, 'select-multiple-select', NULL),
(0000000311, 0000000022, 'select-default-select', NULL),
(0000000313, 0000000006, 'slider-markdown', NULL),
(0000000314, 0000000023, 'slider-slider', NULL),
(0000000315, 0000000012, 'form-card', NULL),
(0000000316, 0000000014, 'form-form', NULL),
(0000000317, 0000000014, 'secondary-form', NULL),
(0000000318, 0000000014, 'success-form', NULL),
(0000000319, 0000000014, 'danger-form', NULL),
(0000000320, 0000000014, 'warning-form', NULL),
(0000000321, 0000000014, 'info-form', NULL),
(0000000322, 0000000014, 'light-form', NULL),
(0000000323, 0000000014, 'dark-form', NULL),
(0000000324, 0000000006, 'form-markdown', NULL),
(0000000325, 0000000030, 'input-navigationContainer', NULL),
(0000000326, 0000000006, 'input-intro-markdown', NULL),
(0000000327, 0000000030, 'textarea-navigationContainer', NULL),
(0000000328, 0000000030, 'select-navigationContainer', NULL),
(0000000329, 0000000006, 'select-intro-markdown', NULL),
(0000000330, 0000000012, 'select-multiple-card', NULL),
(0000000331, 0000000012, 'select-default-card', NULL),
(0000000332, 0000000006, 'select-multiple-markdown', NULL),
(0000000333, 0000000006, 'select-default-markdown', NULL),
(0000000334, 0000000030, 'slider-navigationContainer', NULL),
(0000000335, 0000000003, 'styles-container', NULL),
(0000000336, 0000000004, 'styles-jumbotron', NULL),
(0000000337, 0000000006, 'styles-markdown', NULL),
(0000000338, 0000000006, 'card-markdown', NULL),
(0000000339, 0000000012, 'card-edit-card', NULL),
(0000000340, 0000000006, 'card-edit-markdown', NULL),
(0000000341, 0000000012, 'card-edit-demo-card', NULL),
(0000000342, 0000000012, 'form-cancel-card', NULL),
(0000000343, 0000000006, 'form-cancel-markdown', NULL),
(0000000344, 0000000014, 'form-cancel-form', NULL),
(0000000346, 0000000030, 'list-navigationContainer', NULL),
(0000000347, 0000000006, 'lists-markdown', NULL),
(0000000348, 0000000006, 'login-markdown', NULL),
(0000000349, 0000000012, 'accordion-card', NULL),
(0000000350, 0000000006, 'accordion-intro-markdown', NULL),
(0000000351, 0000000028, 'accordion-accordionList', NULL),
(0000000352, 0000000030, 'accordion-navigationContainer', NULL),
(0000000354, 0000000006, 'accordion-markdown', NULL),
(0000000355, 0000000012, 'accordion-link-card', NULL),
(0000000356, 0000000006, 'accordion-link-markdown', NULL),
(0000000357, 0000000028, 'accordion-link-accordionList', NULL),
(0000000358, 0000000012, 'accordion-root-card', NULL),
(0000000359, 0000000006, 'accordion-root-markdown', NULL),
(0000000360, 0000000028, 'accordion-root-accordionList', NULL),
(0000000362, 0000000030, 'nested-navigationContainer', NULL),
(0000000363, 0000000030, 'sortable-navigationContainer', NULL),
(0000000364, 0000000006, 'nested-intro-markdown', NULL),
(0000000365, 0000000012, 'nested-card', NULL),
(0000000366, 0000000012, 'nested-search-card', NULL),
(0000000367, 0000000012, 'nested-static-card', NULL),
(0000000368, 0000000006, 'nested-markdown', NULL),
(0000000369, 0000000032, 'nested-search-nestedList', NULL),
(0000000370, 0000000006, 'nested-search-markdown', NULL),
(0000000371, 0000000032, 'nested-nestedList', NULL),
(0000000372, 0000000006, 'nested-static-markdown', NULL),
(0000000373, 0000000032, 'nested-static-nestedList', NULL),
(0000000374, 0000000006, 'sortable-intro-markdown', NULL),
(0000000375, 0000000012, 'sortable-card', NULL),
(0000000376, 0000000012, 'sortable-add-card', NULL),
(0000000377, 0000000012, 'sortable-del-card', NULL),
(0000000378, 0000000006, 'sortable-markdown', NULL),
(0000000379, 0000000034, 'sortable-sortableList', NULL),
(0000000380, 0000000006, 'sortable-link-markdown', NULL),
(0000000381, 0000000034, 'sortable-link-sortableList', NULL),
(0000000382, 0000000006, 'sortable-add-markdown', NULL),
(0000000383, 0000000034, 'sortable-add-sortableList', NULL),
(0000000384, 0000000006, 'sortable-del-markdown', NULL),
(0000000385, 0000000034, 'sortable-del-sortableList', NULL),
(0000000386, 0000000008, 'toLogin-button', NULL),
(0000000387, 0000000006, 'home-markdown', NULL),
(0000000388, 0000000004, 'home-jumbotron', NULL),
(0000000389, 0000000003, 'server-container', NULL),
(0000000390, 0000000004, 'server-jumbotron', NULL),
(0000000391, 0000000006, 'server-markdown', NULL),
(0000000392, 0000000003, 'extend-container', NULL),
(0000000393, 0000000004, 'extend-jumbotron', NULL),
(0000000394, 0000000006, 'extend-markdown', NULL),
(0000000396, 0000000006, 'extend-style-markdown', NULL),
(0000000398, 0000000006, 'extend-concept-markdown', NULL),
(0000000400, 0000000006, 'extend-curomize-markdown', NULL),
(0000000402, 0000000006, 'extend-component-markdown', NULL),
(0000000404, 0000000006, 'extend-page-markdown', NULL),
(0000000405, 0000000006, 'impressum-markdown', NULL),
(0000000406, 0000000004, 'impressum-jumbotron', NULL),
(0000000407, 0000000005, 'impressum-heading', NULL),
(0000000408, 0000000012, 'impressum-card', NULL),
(0000000409, 0000000012, 'styles-card', NULL),
(0000000411, 0000000006, 'extend-input-markdown', NULL),
(0000000412, 0000000035, 'resetPassword-resetPassword', NULL),
(0000000413, 0000000012, 'impressum-ext-card', NULL),
(0000000414, 0000000006, 'impressum-ext-markdown', NULL),
(0000000415, 0000000033, 'extend_item-navigation', NULL),
(0000000416, 0000000030, 'concept-navigationContainer', NULL),
(0000000417, 0000000030, 'user_input-navigationContainer', NULL),
(0000000418, 0000000030, 'style-navigationContainer', NULL),
(0000000419, 0000000030, 'customize-navigationContainer', NULL),
(0000000420, 0000000030, 'component-navigationContainer', NULL),
(0000000421, 0000000030, 'page-navigationContainer', NULL),
(0000000422, 0000000032, 'extend-nestedList', NULL),
(0000000423, 0000000012, 'extend-card', NULL),
(0000000424, 0000000012, 'server-card', NULL),
(0000000425, 0000000006, 'server-list-markdown', NULL),
(0000000426, 0000000032, 'server-nestedList', NULL),
(0000000427, 0000000012, 'nav_list-card', NULL),
(0000000428, 0000000006, 'nav_list-markdown', NULL),
(0000000429, 0000000012, 'nested-responsive-card', NULL),
(0000000430, 0000000006, 'nested-responsive-markdown', NULL),
(0000000431, 0000000032, 'nested-responsive-nestedList', NULL);

-- --------------------------------------------------------

--
-- Table structure for table `sections_fields_translation`
--

CREATE TABLE `sections_fields_translation` (
  `id_sections` int(10) UNSIGNED ZEROFILL NOT NULL,
  `id_fields` int(10) UNSIGNED ZEROFILL NOT NULL,
  `id_languages` int(10) UNSIGNED ZEROFILL NOT NULL DEFAULT '0000000001',
  `id_genders` int(10) UNSIGNED ZEROFILL NOT NULL DEFAULT '0000000001',
  `content` longtext NOT NULL
) ENGINE=InnoDB DEFAULT CHARSET=utf8;

--
-- Dumping data for table `sections_fields_translation`
--

INSERT INTO `sections_fields_translation` (`id_sections`, `id_fields`, `id_languages`, `id_genders`, `content`) VALUES
(0000000001, 0000000001, 0000000002, 0000000001, 'Benutzername'),
(0000000001, 0000000001, 0000000002, 0000000002, ''),
(0000000001, 0000000001, 0000000003, 0000000001, 'Username'),
(0000000001, 0000000001, 0000000003, 0000000002, ''),
(0000000001, 0000000002, 0000000002, 0000000001, 'Passwort'),
(0000000001, 0000000002, 0000000002, 0000000002, ''),
(0000000001, 0000000002, 0000000003, 0000000001, 'Password'),
(0000000001, 0000000002, 0000000003, 0000000002, ''),
(0000000001, 0000000003, 0000000002, 0000000001, 'Anmelden'),
(0000000001, 0000000003, 0000000002, 0000000002, ''),
(0000000001, 0000000003, 0000000003, 0000000001, 'Login'),
(0000000001, 0000000003, 0000000003, 0000000002, ''),
(0000000001, 0000000004, 0000000002, 0000000001, 'Passwort vergessen?'),
(0000000001, 0000000004, 0000000002, 0000000002, ''),
(0000000001, 0000000004, 0000000003, 0000000001, 'Forgotten the Password?'),
(0000000001, 0000000004, 0000000003, 0000000002, ''),
(0000000001, 0000000005, 0000000002, 0000000001, 'Der Benutzername oder das Passwort ist nicht korrekt.'),
(0000000001, 0000000005, 0000000002, 0000000002, ''),
(0000000001, 0000000005, 0000000003, 0000000001, 'The username or the password is not correct.'),
(0000000001, 0000000005, 0000000003, 0000000002, ''),
(0000000001, 0000000007, 0000000002, 0000000001, 'Bitte einloggen'),
(0000000001, 0000000007, 0000000002, 0000000002, ''),
(0000000001, 0000000007, 0000000003, 0000000001, 'Please Login'),
(0000000001, 0000000007, 0000000003, 0000000002, ''),
(0000000001, 0000000023, 0000000001, 0000000001, ''),
(0000000002, 0000000001, 0000000002, 0000000001, 'Email Adresse'),
(0000000002, 0000000001, 0000000003, 0000000001, 'Email Address'),
(0000000002, 0000000002, 0000000002, 0000000001, 'Neues Passwort'),
(0000000002, 0000000002, 0000000003, 0000000001, 'New Password'),
(0000000002, 0000000009, 0000000002, 0000000001, 'Neues Passwort wiederholen'),
(0000000002, 0000000009, 0000000003, 0000000001, 'Repeat New Password'),
(0000000002, 0000000010, 0000000002, 0000000001, 'Ändern'),
(0000000002, 0000000010, 0000000003, 0000000001, 'Submit Change'),
(0000000002, 0000000011, 0000000002, 0000000001, 'Passwort ändern'),
(0000000002, 0000000011, 0000000003, 0000000001, 'Change the Password'),
(0000000002, 0000000012, 0000000002, 0000000001, 'Account löschen'),
(0000000002, 0000000012, 0000000003, 0000000001, 'Delete Account'),
(0000000002, 0000000013, 0000000002, 0000000001, 'Löschen'),
(0000000002, 0000000013, 0000000003, 0000000001, 'Delete'),
(0000000002, 0000000014, 0000000002, 0000000001, 'Alle Benutzerdaten werden gelöscht. Das Löschen des Accounts ist permanent und kann nicht rückganging gemacht werden!'),
(0000000002, 0000000014, 0000000003, 0000000001, 'All user data will be deleted. The deletion of the account is permanent and cannot be undone!'),
(0000000002, 0000000015, 0000000002, 0000000001, 'Löschen bestätigen'),
(0000000002, 0000000015, 0000000003, 0000000001, 'Confirm Deletion'),
(0000000002, 0000000016, 0000000002, 0000000001, 'Wollen sie ihren Account wirklich löschen? Bestätigen Sie dies indem Sie ihre email Adresse eingeben.'),
(0000000002, 0000000016, 0000000003, 0000000001, 'Are you sure you want to delete the account? Please confirm by entering your email address.'),
(0000000002, 0000000017, 0000000002, 0000000001, 'Das Passwort konnte nicht geändert werden.'),
(0000000002, 0000000017, 0000000003, 0000000001, 'Unable to change the password.'),
(0000000002, 0000000018, 0000000002, 0000000001, 'Das Passwort wurde erfolgreich geändert.'),
(0000000002, 0000000018, 0000000003, 0000000001, 'The password was successfully changed.'),
(0000000002, 0000000019, 0000000002, 0000000001, 'Die Benutzerdaten konnten nicht gelöscht werden.'),
(0000000002, 0000000019, 0000000003, 0000000001, 'Unable to delete the account.'),
(0000000002, 0000000020, 0000000002, 0000000001, 'Die Benutzerdaten wurden erfolgreich gelöscht.'),
(0000000002, 0000000020, 0000000003, 0000000001, 'Successfully deleted the account.'),
(0000000003, 0000000023, 0000000001, 0000000001, ''),
(0000000003, 0000000029, 0000000001, 0000000001, '0'),
(0000000004, 0000000023, 0000000001, 0000000001, 'my-3'),
(0000000005, 0000000021, 0000000001, 0000000001, '1'),
(0000000005, 0000000022, 0000000002, 0000000001, 'Seite nicht gefunden'),
(0000000005, 0000000022, 0000000003, 0000000001, 'Page not Found'),
(0000000006, 0000000025, 0000000002, 0000000001, 'Diese Seite konnte leider nicht gefunden werden.'),
(0000000006, 0000000025, 0000000003, 0000000001, 'This page could not be found.'),
(0000000007, 0000000008, 0000000002, 0000000001, 'Zurück'),
(0000000007, 0000000008, 0000000003, 0000000001, 'Back'),
(0000000007, 0000000027, 0000000001, 0000000001, '#back'),
(0000000007, 0000000028, 0000000001, 0000000001, 'primary'),
(0000000008, 0000000008, 0000000002, 0000000001, 'Zur Startseite'),
(0000000008, 0000000008, 0000000003, 0000000001, 'Home'),
(0000000008, 0000000027, 0000000001, 0000000001, '#home'),
(0000000008, 0000000028, 0000000001, 0000000001, 'primary'),
(0000000009, 0000000023, 0000000001, 0000000001, ''),
(0000000009, 0000000029, 0000000001, 0000000001, '0'),
(0000000010, 0000000023, 0000000001, 0000000001, 'my-3'),
(0000000011, 0000000021, 0000000001, 0000000001, '1'),
(0000000011, 0000000022, 0000000002, 0000000001, 'Kein Zugriff'),
(0000000011, 0000000022, 0000000003, 0000000001, 'No Access'),
(0000000012, 0000000023, 0000000001, 0000000001, ''),
(0000000012, 0000000029, 0000000001, 0000000001, '0'),
(0000000013, 0000000023, 0000000001, 0000000001, 'my-3'),
(0000000014, 0000000025, 0000000002, 0000000001, 'Um diese Seite zu erreichen müssen Sie eingeloggt sein.'),
(0000000014, 0000000025, 0000000003, 0000000001, 'To reach this page you must be logged in.'),
(0000000015, 0000000025, 0000000002, 0000000001, 'Sie haben keine Zugriffsrechte für diese Seite.'),
(0000000015, 0000000025, 0000000003, 0000000001, 'You do not have access to this page.'),
(0000000016, 0000000023, 0000000001, 0000000001, 'my-3'),
(0000000016, 0000000029, 0000000001, 0000000001, '0'),
(0000000017, 0000000029, 0000000001, 0000000001, '0'),
(0000000018, 0000000023, 0000000001, 0000000001, 'my-3'),
(0000000018, 0000000029, 0000000001, 0000000001, '0'),
(0000000019, 0000000023, 0000000001, 0000000001, ''),
(0000000019, 0000000029, 0000000001, 0000000001, '0'),
(0000000020, 0000000023, 0000000001, 0000000001, 'my-3'),
(0000000020, 0000000029, 0000000001, 0000000001, '0'),
(0000000021, 0000000023, 0000000001, 0000000001, ''),
(0000000021, 0000000029, 0000000001, 0000000001, '0'),
(0000000022, 0000000023, 0000000001, 0000000001, 'my-3'),
(0000000023, 0000000021, 0000000001, 0000000001, '1'),
(0000000023, 0000000022, 0000000002, 0000000001, 'Die Daten wurden erfolgreich erfasst'),
(0000000023, 0000000022, 0000000003, 0000000001, 'The Data was Successfully Saved'),
(0000000024, 0000000025, 0000000002, 0000000001, 'Die Daten wurden erfolgreich in der Datenbank gespeichert.\r\nBesten Dank!'),
(0000000024, 0000000025, 0000000003, 0000000001, 'The data was successfully saved to the databases. Thanks a lot!'),
(0000000025, 0000000005, 0000000002, 0000000001, 'Es ist ein Fehler aufgetreten. Die Nachricht konnte nicht gesendet werden.'),
(0000000025, 0000000005, 0000000003, 0000000001, 'An error occurred. The message could not be sent.'),
(0000000025, 0000000008, 0000000002, 0000000001, 'Senden'),
(0000000025, 0000000008, 0000000003, 0000000001, 'Send'),
(0000000025, 0000000030, 0000000002, 0000000001, 'Bitte wählen Sie einen Probanden aus.'),
(0000000025, 0000000030, 0000000003, 0000000001, 'Please select a subject'),
(0000000025, 0000000031, 0000000002, 0000000001, 'Kommunikation mit'),
(0000000025, 0000000031, 0000000003, 0000000001, 'Communication with'),
(0000000025, 0000000032, 0000000002, 0000000001, 'ihrer Psychologin/ihrem Psychologe'),
(0000000025, 0000000032, 0000000003, 0000000001, 'your psychologist'),
(0000000025, 0000000033, 0000000002, 0000000001, 'Probanden'),
(0000000025, 0000000033, 0000000003, 0000000001, 'Subjects'),
(0000000026, 0000000002, 0000000002, 0000000001, 'Passwort'),
(0000000026, 0000000002, 0000000003, 0000000001, 'Password'),
(0000000026, 0000000003, 0000000002, 0000000001, 'Zum Login'),
(0000000026, 0000000003, 0000000003, 0000000001, 'To Login'),
(0000000026, 0000000005, 0000000002, 0000000001, 'Das Aktivieren des Benutzers ist fehlgeschlagen.'),
(0000000026, 0000000005, 0000000003, 0000000001, 'The activation of the user has failed.'),
(0000000026, 0000000009, 0000000002, 0000000001, 'Bitte das Passwort bestätigen'),
(0000000026, 0000000009, 0000000003, 0000000001, 'Please confirm the password'),
(0000000026, 0000000022, 0000000002, 0000000001, 'Benutzer aktivieren'),
(0000000026, 0000000022, 0000000003, 0000000001, 'Activate User'),
(0000000026, 0000000034, 0000000002, 0000000001, 'Erforderliche Daten für die Aktivierung'),
(0000000026, 0000000034, 0000000003, 0000000001, 'Required Data to Activate the User'),
(0000000026, 0000000035, 0000000002, 0000000001, 'Sie können sich nun mit dem von Ihnen gewählten Passwort und Email einloggen und die Seite benutzen.'),
(0000000026, 0000000035, 0000000003, 0000000001, 'You are now able to login in to the web page with the chosen password and email.'),
(0000000026, 0000000036, 0000000002, 0000000001, 'Benuzername'),
(0000000026, 0000000036, 0000000003, 0000000001, 'Username'),
(0000000026, 0000000037, 0000000002, 0000000001, 'Bitte den Benutzernamen eingeben'),
(0000000026, 0000000037, 0000000003, 0000000001, 'Please enter a username'),
(0000000026, 0000000038, 0000000002, 0000000001, 'Ein Name mit dem Sie angesprochen werden wollen. Aus Gründen der Annonymisierung verwenden Sie bitte **nicht** ihren richtigen Namen.'),
(0000000026, 0000000038, 0000000003, 0000000001, 'The name with which you would like to be addressed. For reasons of anonymity pleas do **not** use your real name.'),
(0000000026, 0000000039, 0000000002, 0000000001, 'Geschlecht'),
(0000000026, 0000000039, 0000000003, 0000000001, 'Gender'),
(0000000026, 0000000040, 0000000002, 0000000001, 'männlich'),
(0000000026, 0000000040, 0000000003, 0000000001, 'male'),
(0000000026, 0000000041, 0000000002, 0000000001, 'weiblich'),
(0000000026, 0000000041, 0000000003, 0000000001, 'female'),
(0000000026, 0000000042, 0000000002, 0000000001, 'Benutzer aktivieren'),
(0000000026, 0000000042, 0000000003, 0000000001, 'Activate User'),
(0000000026, 0000000043, 0000000002, 0000000001, 'Bitte das Passwort eingeben'),
(0000000026, 0000000043, 0000000003, 0000000001, 'Please enter a password'),
(0000000026, 0000000044, 0000000002, 0000000001, 'Benutzer erforlgreich aktiviert'),
(0000000026, 0000000044, 0000000003, 0000000001, 'User was successfully Activated'),
(0000000027, 0000000023, 0000000001, 0000000001, ''),
(0000000027, 0000000046, 0000000001, 0000000001, '0'),
(0000000027, 0000000066, 0000000002, 0000000001, '{\"nav_page\": \"style\"}'),
(0000000027, 0000000066, 0000000002, 0000000002, ''),
(0000000027, 0000000066, 0000000003, 0000000001, '{\"nav_page\": \"style\"}'),
(0000000027, 0000000066, 0000000003, 0000000002, ''),
(0000000027, 0000000077, 0000000002, 0000000001, ''),
(0000000027, 0000000077, 0000000002, 0000000002, ''),
(0000000027, 0000000077, 0000000003, 0000000001, ''),
(0000000027, 0000000077, 0000000003, 0000000002, ''),
(0000000029, 0000000031, 0000000002, 0000000001, 'Style'),
(0000000029, 0000000031, 0000000002, 0000000002, ''),
(0000000029, 0000000031, 0000000003, 0000000001, 'Style'),
(0000000029, 0000000031, 0000000003, 0000000002, ''),
(0000000029, 0000000046, 0000000001, 0000000001, '1'),
(0000000029, 0000000047, 0000000001, 0000000001, '0'),
(0000000029, 0000000073, 0000000002, 0000000001, 'Zurück'),
(0000000029, 0000000073, 0000000002, 0000000002, ''),
(0000000029, 0000000073, 0000000003, 0000000001, 'Back'),
(0000000029, 0000000073, 0000000003, 0000000002, ''),
(0000000029, 0000000074, 0000000002, 0000000001, 'Weiter'),
(0000000029, 0000000074, 0000000002, 0000000002, ''),
(0000000029, 0000000074, 0000000003, 0000000001, 'Next'),
(0000000029, 0000000074, 0000000003, 0000000002, ''),
(0000000029, 0000000075, 0000000001, 0000000001, '0'),
(0000000029, 0000000077, 0000000002, 0000000001, ''),
(0000000029, 0000000077, 0000000002, 0000000002, ''),
(0000000029, 0000000077, 0000000003, 0000000001, ''),
(0000000029, 0000000077, 0000000003, 0000000002, ''),
(0000000179, 0000000022, 0000000002, 0000000001, 'Alert'),
(0000000179, 0000000022, 0000000002, 0000000002, ''),
(0000000179, 0000000022, 0000000003, 0000000001, 'Alert'),
(0000000179, 0000000022, 0000000003, 0000000002, ''),
(0000000179, 0000000023, 0000000001, 0000000001, ''),
(0000000179, 0000000025, 0000000003, 0000000001, '# @title'),
(0000000180, 0000000023, 0000000001, 0000000001, ''),
(0000000180, 0000000028, 0000000001, 0000000001, 'primary'),
(0000000180, 0000000045, 0000000001, 0000000001, '0'),
(0000000181, 0000000023, 0000000001, 0000000001, ''),
(0000000181, 0000000028, 0000000001, 0000000001, 'secondary'),
(0000000181, 0000000045, 0000000001, 0000000001, '0'),
(0000000182, 0000000023, 0000000001, 0000000001, ''),
(0000000182, 0000000028, 0000000001, 0000000001, 'success'),
(0000000182, 0000000045, 0000000001, 0000000001, '0'),
(0000000183, 0000000023, 0000000001, 0000000001, ''),
(0000000183, 0000000028, 0000000001, 0000000001, 'danger'),
(0000000183, 0000000045, 0000000001, 0000000001, '0'),
(0000000184, 0000000023, 0000000001, 0000000001, ''),
(0000000184, 0000000028, 0000000001, 0000000001, 'warning'),
(0000000184, 0000000045, 0000000001, 0000000001, '0'),
(0000000185, 0000000023, 0000000001, 0000000001, ''),
(0000000185, 0000000028, 0000000001, 0000000001, 'info'),
(0000000185, 0000000045, 0000000001, 0000000001, '0'),
(0000000186, 0000000023, 0000000001, 0000000001, ''),
(0000000186, 0000000028, 0000000001, 0000000001, 'light'),
(0000000186, 0000000045, 0000000001, 0000000001, '0'),
(0000000187, 0000000023, 0000000001, 0000000001, ''),
(0000000187, 0000000028, 0000000001, 0000000001, 'dark'),
(0000000187, 0000000045, 0000000001, 0000000001, '0'),
(0000000188, 0000000023, 0000000001, 0000000001, ''),
(0000000188, 0000000024, 0000000002, 0000000001, ''),
(0000000188, 0000000024, 0000000002, 0000000002, ''),
(0000000188, 0000000024, 0000000003, 0000000001, 'I am a simple plaintext.'),
(0000000188, 0000000024, 0000000003, 0000000002, ''),
(0000000188, 0000000025, 0000000002, 0000000001, ''),
(0000000188, 0000000025, 0000000002, 0000000002, ''),
(0000000188, 0000000025, 0000000003, 0000000002, ''),
(0000000188, 0000000053, 0000000001, 0000000001, '0'),
(0000000189, 0000000022, 0000000002, 0000000001, ''),
(0000000189, 0000000022, 0000000002, 0000000002, ''),
(0000000189, 0000000022, 0000000003, 0000000001, 'All Bootstrap alert colors are supported'),
(0000000189, 0000000022, 0000000003, 0000000002, ''),
(0000000189, 0000000023, 0000000001, 0000000001, 'mb-3'),
(0000000189, 0000000028, 0000000001, 0000000001, 'light'),
(0000000189, 0000000046, 0000000001, 0000000001, '0'),
(0000000189, 0000000047, 0000000001, 0000000001, '0'),
(0000000189, 0000000048, 0000000001, 0000000001, ''),
(0000000190, 0000000022, 0000000002, 0000000001, ''),
(0000000190, 0000000022, 0000000002, 0000000002, ''),
(0000000190, 0000000022, 0000000003, 0000000001, 'Alerts can be made dismissable'),
(0000000190, 0000000022, 0000000003, 0000000002, ''),
(0000000190, 0000000023, 0000000001, 0000000001, ''),
(0000000190, 0000000028, 0000000001, 0000000001, 'light'),
(0000000190, 0000000046, 0000000001, 0000000001, '0'),
(0000000190, 0000000047, 0000000001, 0000000001, '0'),
(0000000191, 0000000023, 0000000001, 0000000001, ''),
(0000000191, 0000000028, 0000000001, 0000000001, 'primary'),
(0000000191, 0000000045, 0000000001, 0000000001, '1'),
(0000000192, 0000000023, 0000000001, 0000000001, ''),
(0000000192, 0000000024, 0000000002, 0000000001, ''),
(0000000192, 0000000024, 0000000002, 0000000002, ''),
(0000000192, 0000000024, 0000000003, 0000000001, 'An alert can be dismissed by clicking on the close symbol to the right.'),
(0000000192, 0000000024, 0000000003, 0000000002, ''),
(0000000192, 0000000053, 0000000001, 0000000001, '0'),
(0000000194, 0000000022, 0000000002, 0000000001, ''),
(0000000194, 0000000022, 0000000002, 0000000002, ''),
(0000000194, 0000000022, 0000000003, 0000000001, 'Button'),
(0000000194, 0000000022, 0000000003, 0000000002, ''),
(0000000194, 0000000023, 0000000001, 0000000001, ''),
(0000000194, 0000000025, 0000000003, 0000000001, '# @title'),
(0000000195, 0000000022, 0000000002, 0000000001, ''),
(0000000195, 0000000022, 0000000002, 0000000002, ''),
(0000000195, 0000000022, 0000000003, 0000000001, 'Some Bootstrap button colors are supported'),
(0000000195, 0000000022, 0000000003, 0000000002, ''),
(0000000195, 0000000023, 0000000001, 0000000001, ''),
(0000000195, 0000000028, 0000000001, 0000000001, 'light'),
(0000000195, 0000000046, 0000000001, 0000000001, '0'),
(0000000195, 0000000047, 0000000001, 0000000001, '0'),
(0000000196, 0000000008, 0000000002, 0000000001, ''),
(0000000196, 0000000008, 0000000002, 0000000002, ''),
(0000000196, 0000000008, 0000000003, 0000000001, 'Primary'),
(0000000196, 0000000008, 0000000003, 0000000002, ''),
(0000000196, 0000000023, 0000000001, 0000000001, ''),
(0000000196, 0000000027, 0000000001, 0000000001, '#'),
(0000000196, 0000000028, 0000000001, 0000000001, 'primary'),
(0000000197, 0000000008, 0000000002, 0000000001, ''),
(0000000197, 0000000008, 0000000002, 0000000002, ''),
(0000000197, 0000000008, 0000000003, 0000000001, 'Secondary'),
(0000000197, 0000000008, 0000000003, 0000000002, ''),
(0000000197, 0000000023, 0000000001, 0000000001, ''),
(0000000197, 0000000027, 0000000001, 0000000001, '#'),
(0000000197, 0000000028, 0000000001, 0000000001, 'secondary'),
(0000000198, 0000000008, 0000000002, 0000000001, ''),
(0000000198, 0000000008, 0000000002, 0000000002, ''),
(0000000198, 0000000008, 0000000003, 0000000001, 'Success'),
(0000000198, 0000000008, 0000000003, 0000000002, ''),
(0000000198, 0000000023, 0000000001, 0000000001, ''),
(0000000198, 0000000027, 0000000001, 0000000001, '#'),
(0000000198, 0000000028, 0000000001, 0000000001, 'success'),
(0000000199, 0000000008, 0000000002, 0000000001, ''),
(0000000199, 0000000008, 0000000002, 0000000002, ''),
(0000000199, 0000000008, 0000000003, 0000000001, 'danger'),
(0000000199, 0000000008, 0000000003, 0000000002, ''),
(0000000199, 0000000023, 0000000001, 0000000001, ''),
(0000000199, 0000000027, 0000000001, 0000000001, '#'),
(0000000199, 0000000028, 0000000001, 0000000001, 'danger'),
(0000000200, 0000000008, 0000000002, 0000000001, ''),
(0000000200, 0000000008, 0000000002, 0000000002, ''),
(0000000200, 0000000008, 0000000003, 0000000001, 'warning'),
(0000000200, 0000000008, 0000000003, 0000000002, ''),
(0000000200, 0000000023, 0000000001, 0000000001, ''),
(0000000200, 0000000027, 0000000001, 0000000001, '#'),
(0000000200, 0000000028, 0000000001, 0000000001, 'warning'),
(0000000201, 0000000008, 0000000002, 0000000001, ''),
(0000000201, 0000000008, 0000000002, 0000000002, ''),
(0000000201, 0000000008, 0000000003, 0000000001, 'Info'),
(0000000201, 0000000008, 0000000003, 0000000002, ''),
(0000000201, 0000000023, 0000000001, 0000000001, ''),
(0000000201, 0000000027, 0000000001, 0000000001, '#'),
(0000000201, 0000000028, 0000000001, 0000000001, 'info'),
(0000000202, 0000000008, 0000000002, 0000000001, ''),
(0000000202, 0000000008, 0000000002, 0000000002, ''),
(0000000202, 0000000008, 0000000003, 0000000001, 'Light'),
(0000000202, 0000000008, 0000000003, 0000000002, ''),
(0000000202, 0000000023, 0000000001, 0000000001, ''),
(0000000202, 0000000027, 0000000001, 0000000001, '#'),
(0000000202, 0000000028, 0000000001, 0000000001, 'light'),
(0000000203, 0000000008, 0000000002, 0000000001, ''),
(0000000203, 0000000008, 0000000002, 0000000002, ''),
(0000000203, 0000000008, 0000000003, 0000000001, 'Dark'),
(0000000203, 0000000008, 0000000003, 0000000002, ''),
(0000000203, 0000000023, 0000000001, 0000000001, ''),
(0000000203, 0000000027, 0000000001, 0000000001, '#'),
(0000000203, 0000000028, 0000000001, 0000000001, 'dark'),
(0000000204, 0000000023, 0000000001, 0000000001, ''),
(0000000204, 0000000024, 0000000002, 0000000001, ''),
(0000000204, 0000000024, 0000000002, 0000000002, ''),
(0000000204, 0000000024, 0000000003, 0000000002, ''),
(0000000204, 0000000025, 0000000002, 0000000001, ''),
(0000000204, 0000000025, 0000000002, 0000000002, ''),
(0000000204, 0000000025, 0000000003, 0000000001, 'The color of the button can be chosen with the field `type`. Note that both the fields `label` and `url` must be specified for the button to be rendered.'),
(0000000204, 0000000025, 0000000003, 0000000002, ''),
(0000000204, 0000000053, 0000000001, 0000000001, '0'),
(0000000205, 0000000022, 0000000002, 0000000001, ''),
(0000000205, 0000000022, 0000000002, 0000000002, ''),
(0000000205, 0000000022, 0000000003, 0000000001, 'Card'),
(0000000205, 0000000022, 0000000003, 0000000002, ''),
(0000000205, 0000000023, 0000000001, 0000000001, ''),
(0000000205, 0000000025, 0000000003, 0000000001, '# @title'),
(0000000206, 0000000022, 0000000002, 0000000001, ''),
(0000000206, 0000000022, 0000000002, 0000000002, ''),
(0000000206, 0000000022, 0000000003, 0000000001, 'Custom card styles are provided that are inspired by the Bootstrap styles'),
(0000000206, 0000000022, 0000000003, 0000000002, ''),
(0000000206, 0000000023, 0000000001, 0000000001, 'mb-3'),
(0000000206, 0000000028, 0000000001, 0000000001, 'light'),
(0000000206, 0000000046, 0000000001, 0000000001, '0'),
(0000000206, 0000000047, 0000000001, 0000000001, '0'),
(0000000206, 0000000048, 0000000001, 0000000001, ''),
(0000000207, 0000000022, 0000000002, 0000000001, ''),
(0000000207, 0000000022, 0000000002, 0000000002, ''),
(0000000207, 0000000022, 0000000003, 0000000001, 'Primary'),
(0000000207, 0000000022, 0000000003, 0000000002, ''),
(0000000207, 0000000023, 0000000001, 0000000001, 'mb-3'),
(0000000207, 0000000028, 0000000001, 0000000001, 'primary'),
(0000000207, 0000000046, 0000000001, 0000000001, '0'),
(0000000207, 0000000047, 0000000001, 0000000001, '0'),
(0000000207, 0000000048, 0000000001, 0000000001, ''),
(0000000208, 0000000022, 0000000002, 0000000001, ''),
(0000000208, 0000000022, 0000000002, 0000000002, ''),
(0000000208, 0000000022, 0000000003, 0000000001, 'Secondary'),
(0000000208, 0000000022, 0000000003, 0000000002, ''),
(0000000208, 0000000023, 0000000001, 0000000001, 'mb-3'),
(0000000208, 0000000028, 0000000001, 0000000001, 'secondary'),
(0000000208, 0000000046, 0000000001, 0000000001, '0'),
(0000000208, 0000000047, 0000000001, 0000000001, '0'),
(0000000208, 0000000048, 0000000001, 0000000001, ''),
(0000000209, 0000000022, 0000000002, 0000000001, ''),
(0000000209, 0000000022, 0000000002, 0000000002, ''),
(0000000209, 0000000022, 0000000003, 0000000001, 'Success'),
(0000000209, 0000000022, 0000000003, 0000000002, ''),
(0000000209, 0000000023, 0000000001, 0000000001, 'mb-3'),
(0000000209, 0000000028, 0000000001, 0000000001, 'success'),
(0000000209, 0000000046, 0000000001, 0000000001, '0'),
(0000000209, 0000000047, 0000000001, 0000000001, '0'),
(0000000209, 0000000048, 0000000001, 0000000001, ''),
(0000000210, 0000000022, 0000000002, 0000000001, ''),
(0000000210, 0000000022, 0000000002, 0000000002, ''),
(0000000210, 0000000022, 0000000003, 0000000001, 'Danger'),
(0000000210, 0000000022, 0000000003, 0000000002, ''),
(0000000210, 0000000023, 0000000001, 0000000001, 'mb-3'),
(0000000210, 0000000028, 0000000001, 0000000001, 'danger'),
(0000000210, 0000000046, 0000000001, 0000000001, '0'),
(0000000210, 0000000047, 0000000001, 0000000001, '0'),
(0000000210, 0000000048, 0000000001, 0000000001, ''),
(0000000211, 0000000022, 0000000002, 0000000001, ''),
(0000000211, 0000000022, 0000000002, 0000000002, ''),
(0000000211, 0000000022, 0000000003, 0000000001, 'Warning'),
(0000000211, 0000000022, 0000000003, 0000000002, ''),
(0000000211, 0000000023, 0000000001, 0000000001, 'mb-3'),
(0000000211, 0000000028, 0000000001, 0000000001, 'warning'),
(0000000211, 0000000046, 0000000001, 0000000001, '0'),
(0000000211, 0000000047, 0000000001, 0000000001, '0'),
(0000000211, 0000000048, 0000000001, 0000000001, ''),
(0000000212, 0000000022, 0000000002, 0000000001, ''),
(0000000212, 0000000022, 0000000002, 0000000002, ''),
(0000000212, 0000000022, 0000000003, 0000000001, 'Info'),
(0000000212, 0000000022, 0000000003, 0000000002, ''),
(0000000212, 0000000023, 0000000001, 0000000001, 'mb-3'),
(0000000212, 0000000028, 0000000001, 0000000001, 'info'),
(0000000212, 0000000046, 0000000001, 0000000001, '0'),
(0000000212, 0000000047, 0000000001, 0000000001, '0'),
(0000000212, 0000000048, 0000000001, 0000000001, ''),
(0000000213, 0000000022, 0000000002, 0000000001, ''),
(0000000213, 0000000022, 0000000002, 0000000002, ''),
(0000000213, 0000000022, 0000000003, 0000000001, 'Light'),
(0000000213, 0000000022, 0000000003, 0000000002, ''),
(0000000213, 0000000023, 0000000001, 0000000001, 'mb-3'),
(0000000213, 0000000028, 0000000001, 0000000001, 'light'),
(0000000213, 0000000046, 0000000001, 0000000001, '0'),
(0000000213, 0000000047, 0000000001, 0000000001, '0'),
(0000000213, 0000000048, 0000000001, 0000000001, ''),
(0000000214, 0000000022, 0000000002, 0000000001, ''),
(0000000214, 0000000022, 0000000002, 0000000002, ''),
(0000000214, 0000000022, 0000000003, 0000000001, 'Dark'),
(0000000214, 0000000022, 0000000003, 0000000002, ''),
(0000000214, 0000000023, 0000000001, 0000000001, ''),
(0000000214, 0000000028, 0000000001, 0000000001, 'dark'),
(0000000214, 0000000046, 0000000001, 0000000001, '0'),
(0000000214, 0000000047, 0000000001, 0000000001, '0'),
(0000000215, 0000000022, 0000000002, 0000000001, ''),
(0000000215, 0000000022, 0000000002, 0000000002, ''),
(0000000215, 0000000022, 0000000003, 0000000001, 'A card title is not mandatory'),
(0000000215, 0000000022, 0000000003, 0000000002, ''),
(0000000215, 0000000023, 0000000001, 0000000001, 'mb-3'),
(0000000215, 0000000028, 0000000001, 0000000001, 'light'),
(0000000215, 0000000046, 0000000001, 0000000001, '0'),
(0000000215, 0000000047, 0000000001, 0000000001, '0'),
(0000000215, 0000000048, 0000000001, 0000000001, ''),
(0000000216, 0000000022, 0000000002, 0000000001, ''),
(0000000216, 0000000022, 0000000002, 0000000002, ''),
(0000000216, 0000000022, 0000000003, 0000000001, ''),
(0000000216, 0000000022, 0000000003, 0000000002, ''),
(0000000216, 0000000023, 0000000001, 0000000001, ''),
(0000000216, 0000000028, 0000000001, 0000000001, 'primary'),
(0000000216, 0000000046, 0000000001, 0000000001, '0'),
(0000000216, 0000000047, 0000000001, 0000000001, '0'),
(0000000219, 0000000022, 0000000002, 0000000001, ''),
(0000000219, 0000000022, 0000000002, 0000000002, ''),
(0000000219, 0000000022, 0000000003, 0000000001, 'Cards can be made collapsible'),
(0000000219, 0000000022, 0000000003, 0000000002, ''),
(0000000219, 0000000023, 0000000001, 0000000001, 'mb-3'),
(0000000219, 0000000028, 0000000001, 0000000001, 'light'),
(0000000219, 0000000046, 0000000001, 0000000001, '0'),
(0000000219, 0000000047, 0000000001, 0000000001, '0'),
(0000000219, 0000000048, 0000000001, 0000000001, ''),
(0000000220, 0000000022, 0000000002, 0000000001, ''),
(0000000220, 0000000022, 0000000002, 0000000002, ''),
(0000000220, 0000000022, 0000000003, 0000000001, 'Click me to collapse and expand'),
(0000000220, 0000000022, 0000000003, 0000000002, ''),
(0000000220, 0000000023, 0000000001, 0000000001, ''),
(0000000220, 0000000028, 0000000001, 0000000001, 'primary'),
(0000000220, 0000000046, 0000000001, 0000000001, '1'),
(0000000220, 0000000047, 0000000001, 0000000001, '1'),
(0000000222, 0000000023, 0000000001, 0000000001, ''),
(0000000222, 0000000025, 0000000002, 0000000001, ''),
(0000000222, 0000000025, 0000000002, 0000000002, ''),
(0000000222, 0000000025, 0000000003, 0000000001, 'By enabling the field `is_collapsible` the card body can be opened and collapsed by clicking on the card header. The field `is_expanded` defines whether the card is expanded by default.'),
(0000000222, 0000000025, 0000000003, 0000000002, ''),
(0000000222, 0000000053, 0000000001, 0000000001, '0'),
(0000000223, 0000000023, 0000000001, 0000000001, ''),
(0000000223, 0000000025, 0000000002, 0000000001, ''),
(0000000223, 0000000025, 0000000002, 0000000002, ''),
(0000000223, 0000000025, 0000000003, 0000000001, 'If the field `title` is left blank only the body of a card is rendered. A headless card is also available in all colors.'),
(0000000223, 0000000025, 0000000003, 0000000002, ''),
(0000000223, 0000000053, 0000000001, 0000000001, '0'),
(0000000224, 0000000023, 0000000001, 0000000001, ''),
(0000000224, 0000000025, 0000000002, 0000000001, ''),
(0000000224, 0000000025, 0000000002, 0000000002, ''),
(0000000224, 0000000025, 0000000003, 0000000001, 'The field `type` allows to change the color of the card.\r\nThe header text (field `title`) is changed according to the chosen card type, however, the content of the card body is not affected by the type.'),
(0000000224, 0000000025, 0000000003, 0000000002, ''),
(0000000224, 0000000053, 0000000001, 0000000001, '0'),
(0000000225, 0000000023, 0000000001, 0000000001, ''),
(0000000225, 0000000025, 0000000002, 0000000001, ''),
(0000000225, 0000000025, 0000000002, 0000000002, ''),
(0000000225, 0000000025, 0000000003, 0000000001, 'The color of the alert can be chosen with the field `type`.\r\nThe content of the alert is changed according to the chosen type.'),
(0000000225, 0000000025, 0000000003, 0000000002, ''),
(0000000225, 0000000053, 0000000001, 0000000001, '0'),
(0000000226, 0000000023, 0000000001, 0000000001, ''),
(0000000226, 0000000025, 0000000002, 0000000001, ''),
(0000000226, 0000000025, 0000000002, 0000000002, ''),
(0000000226, 0000000025, 0000000003, 0000000001, 'An alert can contain any other style.'),
(0000000226, 0000000025, 0000000003, 0000000002, ''),
(0000000226, 0000000053, 0000000001, 0000000001, '0'),
(0000000227, 0000000023, 0000000001, 0000000001, ''),
(0000000227, 0000000025, 0000000002, 0000000001, ''),
(0000000227, 0000000025, 0000000002, 0000000002, ''),
(0000000227, 0000000025, 0000000003, 0000000001, 'An alert can be dismissed if the field `is_dismissable` is selected.'),
(0000000227, 0000000025, 0000000003, 0000000002, ''),
(0000000227, 0000000053, 0000000001, 0000000001, '0'),
(0000000230, 0000000022, 0000000002, 0000000001, ''),
(0000000230, 0000000022, 0000000002, 0000000002, ''),
(0000000230, 0000000022, 0000000003, 0000000001, 'Tabs'),
(0000000230, 0000000022, 0000000003, 0000000002, ''),
(0000000230, 0000000023, 0000000001, 0000000001, ''),
(0000000230, 0000000025, 0000000003, 0000000001, '# @title'),
(0000000231, 0000000022, 0000000002, 0000000001, ''),
(0000000231, 0000000022, 0000000002, 0000000002, ''),
(0000000231, 0000000022, 0000000003, 0000000001, 'Tabs support a set of standard Bootstrap colors'),
(0000000231, 0000000022, 0000000003, 0000000002, ''),
(0000000231, 0000000023, 0000000001, 0000000001, 'mb-3'),
(0000000231, 0000000028, 0000000001, 0000000001, 'light'),
(0000000231, 0000000046, 0000000001, 0000000001, '0'),
(0000000231, 0000000047, 0000000001, 0000000001, '0'),
(0000000231, 0000000048, 0000000001, 0000000001, ''),
(0000000232, 0000000023, 0000000001, 0000000001, ''),
(0000000233, 0000000008, 0000000002, 0000000001, ''),
(0000000233, 0000000008, 0000000002, 0000000002, ''),
(0000000233, 0000000008, 0000000003, 0000000001, 'Primary'),
(0000000233, 0000000008, 0000000003, 0000000002, ''),
(0000000233, 0000000023, 0000000001, 0000000001, ''),
(0000000233, 0000000028, 0000000001, 0000000001, 'primary'),
(0000000234, 0000000008, 0000000002, 0000000001, ''),
(0000000234, 0000000008, 0000000002, 0000000002, ''),
(0000000234, 0000000008, 0000000003, 0000000001, 'Seconadry'),
(0000000234, 0000000008, 0000000003, 0000000002, ''),
(0000000234, 0000000023, 0000000001, 0000000001, ''),
(0000000234, 0000000028, 0000000001, 0000000001, 'secondary'),
(0000000235, 0000000008, 0000000002, 0000000001, ''),
(0000000235, 0000000008, 0000000002, 0000000002, ''),
(0000000235, 0000000008, 0000000003, 0000000001, 'Success'),
(0000000235, 0000000008, 0000000003, 0000000002, ''),
(0000000235, 0000000023, 0000000001, 0000000001, ''),
(0000000235, 0000000028, 0000000001, 0000000001, 'success'),
(0000000236, 0000000008, 0000000002, 0000000001, ''),
(0000000236, 0000000008, 0000000002, 0000000002, ''),
(0000000236, 0000000008, 0000000003, 0000000001, 'Danger'),
(0000000236, 0000000008, 0000000003, 0000000002, ''),
(0000000236, 0000000023, 0000000001, 0000000001, ''),
(0000000236, 0000000028, 0000000001, 0000000001, 'danger'),
(0000000237, 0000000008, 0000000002, 0000000001, ''),
(0000000237, 0000000008, 0000000002, 0000000002, ''),
(0000000237, 0000000008, 0000000003, 0000000001, 'Warning'),
(0000000237, 0000000008, 0000000003, 0000000002, ''),
(0000000237, 0000000023, 0000000001, 0000000001, ''),
(0000000237, 0000000028, 0000000001, 0000000001, 'warning'),
(0000000238, 0000000008, 0000000002, 0000000001, ''),
(0000000238, 0000000008, 0000000002, 0000000002, ''),
(0000000238, 0000000008, 0000000003, 0000000001, 'Info'),
(0000000238, 0000000008, 0000000003, 0000000002, ''),
(0000000238, 0000000023, 0000000001, 0000000001, ''),
(0000000238, 0000000028, 0000000001, 0000000001, 'info'),
(0000000239, 0000000008, 0000000002, 0000000001, ''),
(0000000239, 0000000008, 0000000002, 0000000002, ''),
(0000000239, 0000000008, 0000000003, 0000000001, 'Light'),
(0000000239, 0000000008, 0000000003, 0000000002, ''),
(0000000239, 0000000023, 0000000001, 0000000001, ''),
(0000000239, 0000000028, 0000000001, 0000000001, 'light'),
(0000000240, 0000000008, 0000000002, 0000000001, ''),
(0000000240, 0000000008, 0000000002, 0000000002, ''),
(0000000240, 0000000008, 0000000003, 0000000001, 'Dark'),
(0000000240, 0000000008, 0000000003, 0000000002, ''),
(0000000240, 0000000023, 0000000001, 0000000001, ''),
(0000000240, 0000000028, 0000000001, 0000000001, 'dark'),
(0000000241, 0000000023, 0000000001, 0000000001, ''),
(0000000241, 0000000025, 0000000002, 0000000001, ''),
(0000000241, 0000000025, 0000000002, 0000000002, ''),
(0000000241, 0000000025, 0000000003, 0000000001, 'I am a markdown text for the primary tab. I can do things that only markdown can do. For example I can render lists:\r\n\r\n- I am a **root** list item\r\n  - I am not\r\n  - Me neither but I am still awesome\r\n- I am also a root item but what is the big deal?'),
(0000000241, 0000000025, 0000000003, 0000000002, ''),
(0000000241, 0000000053, 0000000001, 0000000001, '0'),
(0000000242, 0000000022, 0000000002, 0000000001, ''),
(0000000242, 0000000022, 0000000002, 0000000002, ''),
(0000000242, 0000000022, 0000000003, 0000000001, 'Quiz: A predefined assembly of tabs'),
(0000000242, 0000000022, 0000000003, 0000000002, ''),
(0000000242, 0000000023, 0000000001, 0000000001, ''),
(0000000242, 0000000028, 0000000001, 0000000001, 'light'),
(0000000242, 0000000046, 0000000001, 0000000001, '0'),
(0000000242, 0000000047, 0000000001, 0000000001, '0'),
(0000000243, 0000000023, 0000000001, 0000000001, ''),
(0000000243, 0000000028, 0000000001, 0000000001, 'primary'),
(0000000243, 0000000050, 0000000002, 0000000001, ''),
(0000000243, 0000000050, 0000000002, 0000000002, ''),
(0000000243, 0000000050, 0000000003, 0000000001, '**Title:** I am a markdown text asking a question'),
(0000000243, 0000000050, 0000000003, 0000000002, ''),
(0000000243, 0000000062, 0000000002, 0000000001, ''),
(0000000243, 0000000062, 0000000002, 0000000002, ''),
(0000000243, 0000000062, 0000000003, 0000000001, 'Right'),
(0000000243, 0000000062, 0000000003, 0000000002, ''),
(0000000243, 0000000063, 0000000002, 0000000001, ''),
(0000000243, 0000000063, 0000000002, 0000000002, ''),
(0000000243, 0000000063, 0000000003, 0000000001, 'Wrong'),
(0000000243, 0000000063, 0000000003, 0000000002, ''),
(0000000243, 0000000064, 0000000002, 0000000001, ''),
(0000000243, 0000000064, 0000000002, 0000000002, ''),
(0000000243, 0000000064, 0000000003, 0000000001, 'I am a markdown text that shows when clicking on the button `right`.'),
(0000000243, 0000000064, 0000000003, 0000000002, ''),
(0000000243, 0000000065, 0000000002, 0000000001, ''),
(0000000243, 0000000065, 0000000002, 0000000002, ''),
(0000000243, 0000000065, 0000000003, 0000000001, 'I am a markdown text that shows when clicking on the button `wrong`.'),
(0000000243, 0000000065, 0000000003, 0000000002, ''),
(0000000244, 0000000023, 0000000001, 0000000001, ''),
(0000000244, 0000000025, 0000000002, 0000000001, ''),
(0000000244, 0000000025, 0000000002, 0000000002, ''),
(0000000244, 0000000025, 0000000003, 0000000001, 'The color of each individual tab can be chosen with the field `type`. A tab is only rendered if the field `label` is set.'),
(0000000244, 0000000025, 0000000003, 0000000002, ''),
(0000000244, 0000000053, 0000000001, 0000000001, '0'),
(0000000245, 0000000023, 0000000001, 0000000001, ''),
(0000000245, 0000000025, 0000000002, 0000000001, ''),
(0000000245, 0000000025, 0000000002, 0000000002, ''),
(0000000245, 0000000025, 0000000003, 0000000001, 'To render a set of tabs, a parent section of style `tabs` is required which holds multiple sections of style `tab`.\r\nThe body of a tab can hold any other style.'),
(0000000245, 0000000025, 0000000003, 0000000002, ''),
(0000000245, 0000000053, 0000000001, 0000000001, '0'),
(0000000246, 0000000023, 0000000001, 0000000001, ''),
(0000000246, 0000000025, 0000000002, 0000000001, ''),
(0000000246, 0000000025, 0000000002, 0000000002, ''),
(0000000246, 0000000025, 0000000003, 0000000001, 'A quiz can be used to ask a question with the field `caption`. A quiz has two tabs **Right** and **Wrong** where the content is defined by field `right_content` and `wrong_content`, respectively and the label of the tab is defined by the fields `label_right` and `label_wrong`, respectively.\r\nThe field `type` specifies the color of all tabs.'),
(0000000246, 0000000025, 0000000003, 0000000002, ''),
(0000000246, 0000000053, 0000000001, 0000000001, '0'),
(0000000247, 0000000022, 0000000002, 0000000001, ''),
(0000000247, 0000000022, 0000000002, 0000000002, ''),
(0000000247, 0000000022, 0000000003, 0000000001, 'Typography'),
(0000000247, 0000000022, 0000000003, 0000000002, ''),
(0000000247, 0000000023, 0000000001, 0000000001, ''),
(0000000247, 0000000025, 0000000003, 0000000001, '# @title'),
(0000000250, 0000000023, 0000000001, 0000000001, ''),
(0000000250, 0000000025, 0000000002, 0000000001, ''),
(0000000250, 0000000025, 0000000002, 0000000002, ''),
(0000000250, 0000000025, 0000000003, 0000000001, 'The SelfHelp app provides two styles to create markdown content:\r\n- `markdown` renders a complete markdown block, including headings, paragraphs, images, lists, tables, etc.\r\n- `markdownInline` renders one line of markdown text and can be used to put emphasis to text elements or add inline links.\r\n\r\nBoth styles use the markdown parser [Parsedown](http://parsedown.org/).\r\n\r\nThis [Markdown Guide](https://www.markdownguide.org/basic-syntax) provides an overview of the commonly available markdown syntax.\r\nThe specifix syntax that is supported by the SelfHelp app can be found on the [Parsedown](http://parsedown.org/) Webpage.\r\n\r\nA custom extension of the functionality of [Parsedown](http://parsedown.org/) allows to specify the size and style of images with a custom syntax:\r\n\r\n```\r\n![__alt__](__path__:__width__x__height__:__css__ \"__title__\")\r\n```\r\nwhere\r\n- `__alt__` is the text that is displayed if the image cannot be loaded.\r\n- `__path__` is the file name of the image.\r\n- `__width__` is the with of the image.\r\n- `__height__` is the height of the image.\r\n- `__css__` is a comma-seperated list of css classes (no spaces).\r\n- `__title__` is the text that is displayed when hovering over the image.'),
(0000000250, 0000000025, 0000000003, 0000000002, ''),
(0000000251, 0000000022, 0000000002, 0000000001, ''),
(0000000251, 0000000022, 0000000002, 0000000002, ''),
(0000000251, 0000000022, 0000000003, 0000000001, 'Markdown'),
(0000000251, 0000000022, 0000000003, 0000000002, ''),
(0000000251, 0000000023, 0000000001, 0000000001, ''),
(0000000251, 0000000028, 0000000001, 0000000001, 'light'),
(0000000251, 0000000046, 0000000001, 0000000001, '0'),
(0000000251, 0000000047, 0000000001, 0000000001, '0'),
(0000000252, 0000000023, 0000000001, 0000000001, ''),
(0000000252, 0000000025, 0000000002, 0000000001, ''),
(0000000252, 0000000025, 0000000002, 0000000002, ''),
(0000000252, 0000000025, 0000000003, 0000000001, 'To change the appearance of text multiple styles are provided:\r\n- `heading`\r\n- `plaintext`\r\n- `rawText`\r\n- `markdown`\r\n- `markdownInline`'),
(0000000252, 0000000025, 0000000003, 0000000002, ''),
(0000000253, 0000000022, 0000000002, 0000000001, ''),
(0000000253, 0000000022, 0000000002, 0000000002, ''),
(0000000253, 0000000022, 0000000003, 0000000001, 'Heading'),
(0000000253, 0000000022, 0000000003, 0000000002, ''),
(0000000253, 0000000023, 0000000001, 0000000001, 'mb-3'),
(0000000253, 0000000028, 0000000001, 0000000001, 'light'),
(0000000253, 0000000046, 0000000001, 0000000001, '0'),
(0000000253, 0000000047, 0000000001, 0000000001, '0'),
(0000000253, 0000000048, 0000000001, 0000000001, ''),
(0000000254, 0000000023, 0000000001, 0000000001, ''),
(0000000254, 0000000025, 0000000002, 0000000001, ''),
(0000000254, 0000000025, 0000000002, 0000000002, ''),
(0000000254, 0000000025, 0000000003, 0000000001, 'The field `level` is used to specify the size of the heading. The values 1 to 6 are possible. The content of the heading is defined in the field `title`.\r\n\r\nNote that the same heading sizes can be created with the corresponding markdown syntax in a section unsing the `markdown` or `markdownInline` style.'),
(0000000254, 0000000025, 0000000003, 0000000002, ''),
(0000000255, 0000000022, 0000000002, 0000000001, ''),
(0000000255, 0000000022, 0000000002, 0000000002, ''),
(0000000255, 0000000022, 0000000003, 0000000001, 'Text'),
(0000000255, 0000000022, 0000000003, 0000000002, ''),
(0000000255, 0000000023, 0000000001, 0000000001, 'mb-3'),
(0000000255, 0000000028, 0000000001, 0000000001, 'light'),
(0000000255, 0000000046, 0000000001, 0000000001, '0'),
(0000000255, 0000000047, 0000000001, 0000000001, '0'),
(0000000255, 0000000048, 0000000001, 0000000001, ''),
(0000000256, 0000000023, 0000000001, 0000000001, ''),
(0000000256, 0000000025, 0000000002, 0000000001, ''),
(0000000256, 0000000025, 0000000002, 0000000002, ''),
(0000000256, 0000000025, 0000000003, 0000000001, 'The styles `plaintext` and `rawText` are used to render text without formatting. The style `plaintext` can be used as a paragraph or as a simple text, depending on the field `is_paragraph`. The style `rawText` uses a mono-spaced font which is useful to display code.'),
(0000000256, 0000000025, 0000000003, 0000000002, ''),
(0000000257, 0000000022, 0000000002, 0000000001, ''),
(0000000257, 0000000022, 0000000002, 0000000002, ''),
(0000000257, 0000000022, 0000000003, 0000000001, 'Container'),
(0000000257, 0000000022, 0000000003, 0000000002, ''),
(0000000257, 0000000023, 0000000001, 0000000001, ''),
(0000000257, 0000000025, 0000000003, 0000000001, '# @title'),
(0000000258, 0000000023, 0000000001, 0000000001, ''),
(0000000258, 0000000029, 0000000001, 0000000001, '1'),
(0000000260, 0000000023, 0000000001, 0000000001, ''),
(0000000260, 0000000029, 0000000001, 0000000001, '0'),
(0000000262, 0000000022, 0000000002, 0000000001, ''),
(0000000262, 0000000022, 0000000002, 0000000002, ''),
(0000000262, 0000000022, 0000000003, 0000000001, 'Jumbotron'),
(0000000262, 0000000022, 0000000003, 0000000002, ''),
(0000000262, 0000000023, 0000000001, 0000000001, ''),
(0000000262, 0000000025, 0000000003, 0000000001, '# @title'),
(0000000263, 0000000023, 0000000001, 0000000001, ''),
(0000000264, 0000000022, 0000000002, 0000000001, ''),
(0000000264, 0000000022, 0000000002, 0000000002, ''),
(0000000264, 0000000022, 0000000003, 0000000001, 'Fluid Container'),
(0000000264, 0000000022, 0000000003, 0000000002, ''),
(0000000264, 0000000023, 0000000001, 0000000001, 'mb-3'),
(0000000264, 0000000028, 0000000001, 0000000001, 'light'),
(0000000264, 0000000046, 0000000001, 0000000001, '0'),
(0000000264, 0000000047, 0000000001, 0000000001, '0'),
(0000000264, 0000000048, 0000000001, 0000000001, ''),
(0000000265, 0000000022, 0000000002, 0000000001, ''),
(0000000265, 0000000022, 0000000002, 0000000002, ''),
(0000000265, 0000000022, 0000000003, 0000000001, 'Non-fluid Container'),
(0000000265, 0000000022, 0000000003, 0000000002, ''),
(0000000265, 0000000023, 0000000001, 0000000001, 'mb-3'),
(0000000265, 0000000028, 0000000001, 0000000001, 'light'),
(0000000265, 0000000046, 0000000001, 0000000001, '0'),
(0000000265, 0000000047, 0000000001, 0000000001, '0'),
(0000000265, 0000000048, 0000000001, 0000000001, ''),
(0000000266, 0000000023, 0000000001, 0000000001, ''),
(0000000266, 0000000025, 0000000002, 0000000001, ''),
(0000000266, 0000000025, 0000000002, 0000000002, ''),
(0000000266, 0000000025, 0000000003, 0000000001, 'A section with the style `container` allows to wrap a set of child sections. In the following the style `alert` is used as a child section to illustrate the usage of containers. A container can contain one or more sections with any style.'),
(0000000266, 0000000025, 0000000003, 0000000002, ''),
(0000000267, 0000000023, 0000000001, 0000000001, ''),
(0000000267, 0000000025, 0000000002, 0000000001, ''),
(0000000267, 0000000025, 0000000002, 0000000002, ''),
(0000000267, 0000000025, 0000000003, 0000000001, 'If the field `is_fluid` is checked, the container is stretched to the whole of the available space on a page. '),
(0000000267, 0000000025, 0000000003, 0000000002, ''),
(0000000268, 0000000023, 0000000001, 0000000001, ''),
(0000000268, 0000000025, 0000000002, 0000000001, ''),
(0000000268, 0000000025, 0000000002, 0000000002, ''),
(0000000268, 0000000025, 0000000003, 0000000001, 'If the field `is_fluid` is unchecked, the container is stretched to a predefined maximum width on a page.'),
(0000000268, 0000000025, 0000000003, 0000000002, ''),
(0000000269, 0000000023, 0000000001, 0000000001, ''),
(0000000269, 0000000025, 0000000002, 0000000001, ''),
(0000000269, 0000000025, 0000000002, 0000000002, ''),
(0000000269, 0000000025, 0000000003, 0000000001, 'The style `jumbotron` is a predefined well that allows to group sections together (similar to a container). However, in contrast to a container a jumbotron renders into a grey surface and introduces significant paddings and margins. A jumbotron can contain any number of sections with any style.'),
(0000000269, 0000000025, 0000000003, 0000000002, ''),
(0000000270, 0000000022, 0000000002, 0000000001, ''),
(0000000270, 0000000022, 0000000002, 0000000002, ''),
(0000000270, 0000000022, 0000000003, 0000000001, 'Navigation Container'),
(0000000270, 0000000022, 0000000003, 0000000002, ''),
(0000000270, 0000000023, 0000000001, 0000000001, ''),
(0000000270, 0000000028, 0000000001, 0000000001, 'light'),
(0000000270, 0000000046, 0000000001, 0000000001, '0'),
(0000000270, 0000000047, 0000000001, 0000000001, '0'),
(0000000271, 0000000023, 0000000001, 0000000001, ''),
(0000000271, 0000000025, 0000000002, 0000000001, ''),
(0000000271, 0000000025, 0000000002, 0000000002, ''),
(0000000271, 0000000025, 0000000003, 0000000001, 'The style `navigationContainer` is used to wrap the content of a navigation page. The field `title` serves as title for the navigation list item representing the navigation section wrapped by this container. The field `text_md` is rendered at the top of the container. Note that the special string `@title` can be used to render the field `title` within the field `text_md`.'),
(0000000271, 0000000025, 0000000003, 0000000002, ''),
(0000000272, 0000000022, 0000000002, 0000000001, ''),
(0000000272, 0000000022, 0000000002, 0000000002, ''),
(0000000272, 0000000022, 0000000003, 0000000001, 'Media'),
(0000000272, 0000000022, 0000000003, 0000000002, ''),
(0000000272, 0000000023, 0000000001, 0000000001, ''),
(0000000272, 0000000025, 0000000003, 0000000001, '# @title'),
(0000000273, 0000000022, 0000000002, 0000000001, ''),
(0000000273, 0000000022, 0000000002, 0000000002, ''),
(0000000273, 0000000022, 0000000003, 0000000001, 'Figure'),
(0000000273, 0000000022, 0000000003, 0000000002, ''),
(0000000273, 0000000023, 0000000001, 0000000001, ''),
(0000000273, 0000000028, 0000000001, 0000000001, 'light'),
(0000000273, 0000000046, 0000000001, 0000000001, '0'),
(0000000273, 0000000047, 0000000001, 0000000001, '0'),
(0000000274, 0000000022, 0000000002, 0000000001, ''),
(0000000274, 0000000022, 0000000002, 0000000002, ''),
(0000000274, 0000000022, 0000000003, 0000000001, 'Video'),
(0000000274, 0000000022, 0000000003, 0000000002, ''),
(0000000274, 0000000023, 0000000001, 0000000001, 'mb-3'),
(0000000274, 0000000028, 0000000001, 0000000001, 'light'),
(0000000274, 0000000046, 0000000001, 0000000001, '0'),
(0000000274, 0000000047, 0000000001, 0000000001, '0'),
(0000000274, 0000000048, 0000000001, 0000000001, ''),
(0000000275, 0000000022, 0000000002, 0000000001, ''),
(0000000275, 0000000022, 0000000002, 0000000002, ''),
(0000000275, 0000000022, 0000000003, 0000000001, 'Hover text of the image'),
(0000000275, 0000000022, 0000000003, 0000000002, ''),
(0000000275, 0000000023, 0000000001, 0000000001, ''),
(0000000275, 0000000030, 0000000002, 0000000001, ''),
(0000000275, 0000000030, 0000000002, 0000000002, ''),
(0000000275, 0000000030, 0000000003, 0000000001, 'Description of the image'),
(0000000275, 0000000030, 0000000003, 0000000002, ''),
(0000000275, 0000000049, 0000000002, 0000000001, ''),
(0000000275, 0000000049, 0000000002, 0000000002, ''),
(0000000275, 0000000049, 0000000003, 0000000001, 'Figure'),
(0000000275, 0000000049, 0000000003, 0000000002, ''),
(0000000275, 0000000050, 0000000002, 0000000001, ''),
(0000000275, 0000000050, 0000000002, 0000000002, ''),
(0000000275, 0000000050, 0000000003, 0000000001, 'This image is linked from https://placeholder.com/'),
(0000000275, 0000000050, 0000000003, 0000000002, ''),
(0000000275, 0000000053, 0000000001, 0000000001, 'https://via.placeholder.com/500x300'),
(0000000276, 0000000023, 0000000001, 0000000001, ''),
(0000000276, 0000000025, 0000000002, 0000000001, ''),
(0000000276, 0000000025, 0000000002, 0000000002, ''),
(0000000276, 0000000025, 0000000003, 0000000001, 'The style `figure` allows to render either an image or a video with a caption. The caption is defined by the field `caption`. If this field is left empty no caption is rendered. A caption is prepended by the text defined in the field `caption_title`. If this is left empty, the text **Figure** is used by default.'),
(0000000276, 0000000025, 0000000003, 0000000002, ''),
(0000000277, 0000000023, 0000000001, 0000000001, ''),
(0000000277, 0000000029, 0000000001, 0000000001, '1'),
(0000000277, 0000000030, 0000000003, 0000000001, ''),
(0000000277, 0000000071, 0000000001, 0000000001, '[{\r\n\"source\": \"Indian_Tea_Plantations.mp4\",\r\n\"type\": \"video/mp4\"\r\n}]'),
(0000000278, 0000000023, 0000000001, 0000000001, ''),
(0000000278, 0000000025, 0000000002, 0000000001, ''),
(0000000278, 0000000025, 0000000002, 0000000002, '');
INSERT INTO `sections_fields_translation` (`id_sections`, `id_fields`, `id_languages`, `id_genders`, `content`) VALUES
(0000000278, 0000000025, 0000000003, 0000000001, 'The style `video` allows to render a video. The field `sources` defines the different video sources. Multiple sources can be provided to cope with browser incompatibilities.\r\n\r\nNote that the field `sources` is of type `json` and requires\r\n1. valid json syntax (see https://www.json.org/)\r\n2. a json field `source` and `type` for each video source\r\n\r\nIt is best to copy the example below and adapt the video names and types according to your requirements.\r\n\r\n```\r\n[{\r\n  \"source\": \"video_name.mp4\",\r\n  \"type\": \"video/mp4\"\r\n},\r\n{\r\n  \"source\":\"video_name.ogg\",\r\n  \"type\": \"video/ogg\"\r\n},\r\n{\r\n  \"source\":\"video_name.webm\",\r\n  \"type\": \"video/webm\"\r\n}]\r\n```\r\n\r\nThe field `alt` allows to define the text that will be displayed if no video file can be laoded.'),
(0000000278, 0000000025, 0000000003, 0000000002, ''),
(0000000279, 0000000023, 0000000001, 0000000001, ''),
(0000000279, 0000000025, 0000000002, 0000000001, ''),
(0000000279, 0000000025, 0000000002, 0000000002, ''),
(0000000279, 0000000025, 0000000003, 0000000001, 'The SelfHelp app provides a style `image` to render images and a style `video` to embed videos into a page. Both styles can be wrapped by the style `figure` which allows to add a caption to the medium.\r\n\r\nThe styles `image` and `video` can be made responsive by enabling the field `is_fluid`.'),
(0000000279, 0000000025, 0000000003, 0000000002, ''),
(0000000280, 0000000022, 0000000002, 0000000001, ''),
(0000000280, 0000000022, 0000000002, 0000000002, ''),
(0000000280, 0000000022, 0000000003, 0000000001, 'Image'),
(0000000280, 0000000022, 0000000003, 0000000002, ''),
(0000000280, 0000000023, 0000000001, 0000000001, 'mb-3'),
(0000000280, 0000000028, 0000000001, 0000000001, 'light'),
(0000000280, 0000000046, 0000000001, 0000000001, '0'),
(0000000280, 0000000047, 0000000001, 0000000001, '0'),
(0000000280, 0000000048, 0000000001, 0000000001, ''),
(0000000281, 0000000023, 0000000001, 0000000001, ''),
(0000000281, 0000000025, 0000000002, 0000000001, ''),
(0000000281, 0000000025, 0000000002, 0000000002, ''),
(0000000281, 0000000025, 0000000003, 0000000001, 'The style `image` allows to render an image on the page. The field `source` defines the location of the image to be displayed and the field `alt` defines the text that will be displayed if the image cannot be found. The figure will not be rendered if the field `source` is left empty. Either a valid URL of the image or the name of the image as it is stored in the asset path on the server is accepted.\r\n\r\nThe field `title` defines the text that will be displayed when hovering with the mouse over the image.'),
(0000000281, 0000000025, 0000000003, 0000000002, ''),
(0000000282, 0000000022, 0000000002, 0000000001, ''),
(0000000282, 0000000022, 0000000002, 0000000002, ''),
(0000000282, 0000000022, 0000000003, 0000000001, 'Hover text of the image'),
(0000000282, 0000000022, 0000000003, 0000000002, ''),
(0000000282, 0000000023, 0000000001, 0000000001, ''),
(0000000282, 0000000029, 0000000001, 0000000001, '1'),
(0000000282, 0000000030, 0000000002, 0000000001, ''),
(0000000282, 0000000030, 0000000002, 0000000002, ''),
(0000000282, 0000000030, 0000000003, 0000000001, 'Description of the image'),
(0000000282, 0000000030, 0000000003, 0000000002, ''),
(0000000282, 0000000053, 0000000001, 0000000001, 'placeholder.svg'),
(0000000283, 0000000022, 0000000002, 0000000001, ''),
(0000000283, 0000000022, 0000000002, 0000000002, ''),
(0000000283, 0000000022, 0000000003, 0000000001, 'Forms'),
(0000000283, 0000000022, 0000000003, 0000000002, ''),
(0000000283, 0000000023, 0000000001, 0000000001, ''),
(0000000283, 0000000025, 0000000003, 0000000001, '# @title'),
(0000000285, 0000000022, 0000000002, 0000000001, ''),
(0000000285, 0000000022, 0000000002, 0000000002, ''),
(0000000285, 0000000022, 0000000003, 0000000001, 'Input types'),
(0000000285, 0000000022, 0000000003, 0000000002, ''),
(0000000285, 0000000023, 0000000001, 0000000001, ''),
(0000000285, 0000000028, 0000000001, 0000000001, 'light'),
(0000000285, 0000000046, 0000000001, 0000000001, '0'),
(0000000285, 0000000047, 0000000001, 0000000001, '0'),
(0000000286, 0000000008, 0000000002, 0000000001, ''),
(0000000286, 0000000008, 0000000002, 0000000002, ''),
(0000000286, 0000000008, 0000000003, 0000000001, 'text'),
(0000000286, 0000000008, 0000000003, 0000000002, ''),
(0000000286, 0000000023, 0000000001, 0000000001, ''),
(0000000286, 0000000054, 0000000001, 0000000001, 'text'),
(0000000286, 0000000055, 0000000002, 0000000001, ''),
(0000000286, 0000000055, 0000000002, 0000000002, ''),
(0000000286, 0000000055, 0000000003, 0000000001, 'Enter a text'),
(0000000286, 0000000055, 0000000003, 0000000002, ''),
(0000000286, 0000000056, 0000000001, 0000000001, '0'),
(0000000286, 0000000057, 0000000001, 0000000001, 'text'),
(0000000286, 0000000058, 0000000001, 0000000001, ''),
(0000000287, 0000000008, 0000000002, 0000000001, ''),
(0000000287, 0000000008, 0000000002, 0000000002, ''),
(0000000287, 0000000008, 0000000003, 0000000001, 'number'),
(0000000287, 0000000008, 0000000003, 0000000002, ''),
(0000000287, 0000000023, 0000000001, 0000000001, ''),
(0000000287, 0000000054, 0000000001, 0000000001, 'number'),
(0000000287, 0000000055, 0000000002, 0000000001, ''),
(0000000287, 0000000055, 0000000002, 0000000002, ''),
(0000000287, 0000000055, 0000000003, 0000000001, 'Enter a number'),
(0000000287, 0000000055, 0000000003, 0000000002, ''),
(0000000287, 0000000056, 0000000001, 0000000001, '0'),
(0000000287, 0000000057, 0000000001, 0000000001, 'number'),
(0000000287, 0000000058, 0000000001, 0000000001, ''),
(0000000288, 0000000008, 0000000002, 0000000001, ''),
(0000000288, 0000000008, 0000000002, 0000000002, ''),
(0000000288, 0000000008, 0000000003, 0000000001, 'color'),
(0000000288, 0000000008, 0000000003, 0000000002, ''),
(0000000288, 0000000023, 0000000001, 0000000001, ''),
(0000000288, 0000000054, 0000000001, 0000000001, 'color'),
(0000000288, 0000000055, 0000000002, 0000000001, ''),
(0000000288, 0000000055, 0000000002, 0000000002, ''),
(0000000288, 0000000055, 0000000003, 0000000001, 'Choose a color'),
(0000000288, 0000000055, 0000000003, 0000000002, ''),
(0000000288, 0000000056, 0000000001, 0000000001, '0'),
(0000000288, 0000000057, 0000000001, 0000000001, 'color'),
(0000000288, 0000000058, 0000000001, 0000000001, ''),
(0000000289, 0000000023, 0000000001, 0000000001, ''),
(0000000289, 0000000025, 0000000002, 0000000001, ''),
(0000000289, 0000000025, 0000000002, 0000000002, ''),
(0000000289, 0000000025, 0000000003, 0000000001, 'The type is defined by the field `type_input`. How the different types are rendered depends on the browser. A good source for browser compatibility is the page [Can I Use](https://caniuse.com/).'),
(0000000289, 0000000025, 0000000003, 0000000002, ''),
(0000000290, 0000000008, 0000000002, 0000000001, ''),
(0000000290, 0000000008, 0000000002, 0000000002, ''),
(0000000290, 0000000008, 0000000003, 0000000001, 'time'),
(0000000290, 0000000008, 0000000003, 0000000002, ''),
(0000000290, 0000000023, 0000000001, 0000000001, ''),
(0000000290, 0000000054, 0000000001, 0000000001, 'time'),
(0000000290, 0000000055, 0000000002, 0000000001, 'Enter a time'),
(0000000290, 0000000055, 0000000002, 0000000002, ''),
(0000000290, 0000000055, 0000000003, 0000000001, ''),
(0000000290, 0000000055, 0000000003, 0000000002, ''),
(0000000290, 0000000056, 0000000001, 0000000001, '0'),
(0000000290, 0000000057, 0000000001, 0000000001, 'time'),
(0000000290, 0000000058, 0000000001, 0000000001, ''),
(0000000291, 0000000008, 0000000002, 0000000001, ''),
(0000000291, 0000000008, 0000000002, 0000000002, ''),
(0000000291, 0000000008, 0000000003, 0000000001, 'date'),
(0000000291, 0000000008, 0000000003, 0000000002, ''),
(0000000291, 0000000023, 0000000001, 0000000001, ''),
(0000000291, 0000000054, 0000000001, 0000000001, 'date'),
(0000000291, 0000000055, 0000000002, 0000000001, ''),
(0000000291, 0000000055, 0000000002, 0000000002, ''),
(0000000291, 0000000055, 0000000003, 0000000001, 'Choose a date'),
(0000000291, 0000000055, 0000000003, 0000000002, ''),
(0000000291, 0000000056, 0000000001, 0000000001, '0'),
(0000000291, 0000000057, 0000000001, 0000000001, 'date'),
(0000000291, 0000000058, 0000000001, 0000000001, ''),
(0000000292, 0000000008, 0000000002, 0000000001, ''),
(0000000292, 0000000008, 0000000002, 0000000002, ''),
(0000000292, 0000000008, 0000000003, 0000000001, 'datetime-local'),
(0000000292, 0000000008, 0000000003, 0000000002, ''),
(0000000292, 0000000023, 0000000001, 0000000001, ''),
(0000000292, 0000000054, 0000000001, 0000000001, 'datetime-local'),
(0000000292, 0000000055, 0000000002, 0000000001, ''),
(0000000292, 0000000055, 0000000002, 0000000002, ''),
(0000000292, 0000000055, 0000000003, 0000000001, 'Enter a date'),
(0000000292, 0000000055, 0000000003, 0000000002, ''),
(0000000292, 0000000056, 0000000001, 0000000001, '0'),
(0000000292, 0000000057, 0000000001, 0000000001, 'datelocal'),
(0000000292, 0000000058, 0000000001, 0000000001, ''),
(0000000293, 0000000008, 0000000002, 0000000001, ''),
(0000000293, 0000000008, 0000000002, 0000000002, ''),
(0000000293, 0000000008, 0000000003, 0000000001, 'email'),
(0000000293, 0000000008, 0000000003, 0000000002, ''),
(0000000293, 0000000023, 0000000001, 0000000001, ''),
(0000000293, 0000000054, 0000000001, 0000000001, 'email'),
(0000000293, 0000000055, 0000000002, 0000000001, ''),
(0000000293, 0000000055, 0000000002, 0000000002, ''),
(0000000293, 0000000055, 0000000003, 0000000001, 'Enter an email'),
(0000000293, 0000000055, 0000000003, 0000000002, ''),
(0000000293, 0000000056, 0000000001, 0000000001, '0'),
(0000000293, 0000000057, 0000000001, 0000000001, 'email'),
(0000000293, 0000000058, 0000000001, 0000000001, ''),
(0000000294, 0000000008, 0000000002, 0000000001, ''),
(0000000294, 0000000008, 0000000002, 0000000002, ''),
(0000000294, 0000000008, 0000000003, 0000000001, 'month'),
(0000000294, 0000000008, 0000000003, 0000000002, ''),
(0000000294, 0000000023, 0000000001, 0000000001, ''),
(0000000294, 0000000054, 0000000001, 0000000001, 'month'),
(0000000294, 0000000055, 0000000002, 0000000001, ''),
(0000000294, 0000000055, 0000000002, 0000000002, ''),
(0000000294, 0000000055, 0000000003, 0000000001, 'Enter a month'),
(0000000294, 0000000055, 0000000003, 0000000002, ''),
(0000000294, 0000000056, 0000000001, 0000000001, '0'),
(0000000294, 0000000057, 0000000001, 0000000001, 'month'),
(0000000294, 0000000058, 0000000001, 0000000001, ''),
(0000000295, 0000000008, 0000000002, 0000000001, ''),
(0000000295, 0000000008, 0000000002, 0000000002, ''),
(0000000295, 0000000008, 0000000003, 0000000001, 'range'),
(0000000295, 0000000008, 0000000003, 0000000002, ''),
(0000000295, 0000000023, 0000000001, 0000000001, ''),
(0000000295, 0000000054, 0000000001, 0000000001, 'range'),
(0000000295, 0000000055, 0000000002, 0000000001, ''),
(0000000295, 0000000055, 0000000002, 0000000002, ''),
(0000000295, 0000000055, 0000000003, 0000000001, 'Choose a value'),
(0000000295, 0000000055, 0000000003, 0000000002, ''),
(0000000295, 0000000056, 0000000001, 0000000001, '0'),
(0000000295, 0000000057, 0000000001, 0000000001, 'range'),
(0000000295, 0000000058, 0000000001, 0000000001, ''),
(0000000296, 0000000008, 0000000002, 0000000001, ''),
(0000000296, 0000000008, 0000000002, 0000000002, ''),
(0000000296, 0000000008, 0000000003, 0000000001, 'search'),
(0000000296, 0000000008, 0000000003, 0000000002, ''),
(0000000296, 0000000023, 0000000001, 0000000001, ''),
(0000000296, 0000000054, 0000000001, 0000000001, 'search'),
(0000000296, 0000000055, 0000000002, 0000000001, ''),
(0000000296, 0000000055, 0000000002, 0000000002, ''),
(0000000296, 0000000055, 0000000003, 0000000001, 'Search for something'),
(0000000296, 0000000055, 0000000003, 0000000002, ''),
(0000000296, 0000000056, 0000000001, 0000000001, '0'),
(0000000296, 0000000057, 0000000001, 0000000001, 'search'),
(0000000296, 0000000058, 0000000001, 0000000001, ''),
(0000000297, 0000000008, 0000000002, 0000000001, ''),
(0000000297, 0000000008, 0000000002, 0000000002, ''),
(0000000297, 0000000008, 0000000003, 0000000001, 'tel'),
(0000000297, 0000000008, 0000000003, 0000000002, ''),
(0000000297, 0000000023, 0000000001, 0000000001, ''),
(0000000297, 0000000054, 0000000001, 0000000001, 'tel'),
(0000000297, 0000000055, 0000000002, 0000000001, ''),
(0000000297, 0000000055, 0000000002, 0000000002, ''),
(0000000297, 0000000055, 0000000003, 0000000001, 'Enter a phone number'),
(0000000297, 0000000055, 0000000003, 0000000002, ''),
(0000000297, 0000000056, 0000000001, 0000000001, '0'),
(0000000297, 0000000057, 0000000001, 0000000001, 'tel'),
(0000000297, 0000000058, 0000000001, 0000000001, ''),
(0000000298, 0000000008, 0000000002, 0000000001, ''),
(0000000298, 0000000008, 0000000002, 0000000002, ''),
(0000000298, 0000000008, 0000000003, 0000000001, 'url'),
(0000000298, 0000000008, 0000000003, 0000000002, ''),
(0000000298, 0000000023, 0000000001, 0000000001, ''),
(0000000298, 0000000054, 0000000001, 0000000001, 'url'),
(0000000298, 0000000055, 0000000002, 0000000001, ''),
(0000000298, 0000000055, 0000000002, 0000000002, ''),
(0000000298, 0000000055, 0000000003, 0000000001, 'Enter an URL'),
(0000000298, 0000000055, 0000000003, 0000000002, ''),
(0000000298, 0000000056, 0000000001, 0000000001, '0'),
(0000000298, 0000000057, 0000000001, 0000000001, 'url'),
(0000000298, 0000000058, 0000000001, 0000000001, ''),
(0000000299, 0000000008, 0000000002, 0000000001, ''),
(0000000299, 0000000008, 0000000002, 0000000002, ''),
(0000000299, 0000000008, 0000000003, 0000000001, 'week'),
(0000000299, 0000000008, 0000000003, 0000000002, ''),
(0000000299, 0000000023, 0000000001, 0000000001, ''),
(0000000299, 0000000054, 0000000001, 0000000001, 'week'),
(0000000299, 0000000055, 0000000002, 0000000001, ''),
(0000000299, 0000000055, 0000000002, 0000000002, ''),
(0000000299, 0000000055, 0000000003, 0000000001, 'Enter a week'),
(0000000299, 0000000055, 0000000003, 0000000002, ''),
(0000000299, 0000000056, 0000000001, 0000000001, '0'),
(0000000299, 0000000057, 0000000001, 0000000001, 'week'),
(0000000299, 0000000058, 0000000001, 0000000001, ''),
(0000000300, 0000000008, 0000000002, 0000000001, ''),
(0000000300, 0000000008, 0000000002, 0000000002, ''),
(0000000300, 0000000008, 0000000003, 0000000001, 'checkbox'),
(0000000300, 0000000008, 0000000003, 0000000002, ''),
(0000000300, 0000000023, 0000000001, 0000000001, ''),
(0000000300, 0000000054, 0000000001, 0000000001, 'checkbox'),
(0000000300, 0000000055, 0000000002, 0000000001, ''),
(0000000300, 0000000055, 0000000002, 0000000002, ''),
(0000000300, 0000000055, 0000000003, 0000000001, 'Set or unset the checckbox'),
(0000000300, 0000000055, 0000000003, 0000000002, ''),
(0000000300, 0000000056, 0000000001, 0000000001, '0'),
(0000000300, 0000000057, 0000000001, 0000000001, 'checkbox'),
(0000000300, 0000000058, 0000000001, 0000000001, ''),
(0000000302, 0000000008, 0000000002, 0000000001, ''),
(0000000302, 0000000008, 0000000002, 0000000002, ''),
(0000000302, 0000000008, 0000000003, 0000000001, 'textarea'),
(0000000302, 0000000008, 0000000003, 0000000002, ''),
(0000000302, 0000000023, 0000000001, 0000000001, ''),
(0000000302, 0000000056, 0000000001, 0000000001, '0'),
(0000000302, 0000000057, 0000000001, 0000000001, 'text'),
(0000000302, 0000000058, 0000000001, 0000000001, ''),
(0000000303, 0000000023, 0000000001, 0000000001, ''),
(0000000303, 0000000025, 0000000002, 0000000001, ''),
(0000000303, 0000000025, 0000000002, 0000000002, ''),
(0000000303, 0000000025, 0000000003, 0000000001, 'The style `textarea` is, in contrast to the style `input`, a text field that accepts multiple lines.'),
(0000000303, 0000000025, 0000000003, 0000000002, ''),
(0000000305, 0000000022, 0000000002, 0000000001, ''),
(0000000305, 0000000022, 0000000002, 0000000002, ''),
(0000000305, 0000000022, 0000000003, 0000000001, 'Select Dropdown'),
(0000000305, 0000000022, 0000000003, 0000000002, ''),
(0000000305, 0000000023, 0000000001, 0000000001, 'mb-3'),
(0000000305, 0000000028, 0000000001, 0000000001, 'light'),
(0000000305, 0000000046, 0000000001, 0000000001, '0'),
(0000000305, 0000000047, 0000000001, 0000000001, '0'),
(0000000305, 0000000048, 0000000001, 0000000001, ''),
(0000000306, 0000000023, 0000000001, 0000000001, ''),
(0000000306, 0000000025, 0000000002, 0000000001, ''),
(0000000306, 0000000025, 0000000002, 0000000002, ''),
(0000000306, 0000000025, 0000000003, 0000000001, 'If the field `is_multiple` is unchecked the selection list is rendered as a dropdown menu where only one option can be selected.'),
(0000000306, 0000000025, 0000000003, 0000000002, ''),
(0000000307, 0000000023, 0000000001, 0000000001, ''),
(0000000307, 0000000025, 0000000002, 0000000001, ''),
(0000000307, 0000000025, 0000000002, 0000000002, ''),
(0000000307, 0000000025, 0000000003, 0000000001, 'A form consist of a parent section of style `form` which must contain at least one form-field and may contain sections of any other style. The following form-field styles are supported.\r\n- `input` several types of one-line form-fields\r\n- `textarea` a area for multiline text\r\n- `select` a list or dropdown with predefined items to select\r\n- `slider` a range input field that is extended with labels for slider positions\r\n\r\nAll form fields require a field `name` which defines the name of the form-field and is used to identify the value corresponding to the form-field, once the value is transmitted. If the field name is left empty the form-field will not be rendered.\r\n\r\nFurther, all form-fields support the field `value` which defines the default value of the form-field and the field `label` which defines the text that is rendered above the form-field. If label is left empty the form-field is rendered without any margins.\r\n\r\nFinally, all form-fields support the field `is_required`. If it is set, the form-field is marked as required and will, depending on the browser support, be highlighted as faulty on submit if left empty.'),
(0000000307, 0000000025, 0000000003, 0000000002, ''),
(0000000308, 0000000008, 0000000002, 0000000001, ''),
(0000000308, 0000000008, 0000000002, 0000000002, ''),
(0000000308, 0000000008, 0000000003, 0000000001, 'Select with no default'),
(0000000308, 0000000008, 0000000003, 0000000002, ''),
(0000000308, 0000000023, 0000000001, 0000000001, ''),
(0000000308, 0000000030, 0000000002, 0000000001, ''),
(0000000308, 0000000030, 0000000002, 0000000002, ''),
(0000000308, 0000000030, 0000000003, 0000000001, 'select a value'),
(0000000308, 0000000030, 0000000003, 0000000002, ''),
(0000000308, 0000000056, 0000000001, 0000000001, '0'),
(0000000308, 0000000057, 0000000001, 0000000001, 'select'),
(0000000308, 0000000058, 0000000001, 0000000001, ''),
(0000000308, 0000000066, 0000000002, 0000000001, ''),
(0000000308, 0000000066, 0000000002, 0000000002, ''),
(0000000308, 0000000066, 0000000003, 0000000001, '[{\r\n  \"value\":\"1\",\r\n  \"text\": \"Item1\"\r\n},\r\n{\r\n  \"value\":\"2\",\r\n  \"text\":\"Item2\"\r\n},\r\n{\r\n  \"value\":\"3\",\r\n  \"text\": \"Item3\"\r\n}]'),
(0000000308, 0000000066, 0000000003, 0000000002, ''),
(0000000308, 0000000067, 0000000001, 0000000001, '0'),
(0000000309, 0000000008, 0000000002, 0000000001, ''),
(0000000309, 0000000008, 0000000002, 0000000002, ''),
(0000000309, 0000000008, 0000000003, 0000000001, 'Select with default'),
(0000000309, 0000000008, 0000000003, 0000000002, ''),
(0000000309, 0000000023, 0000000001, 0000000001, ''),
(0000000309, 0000000056, 0000000001, 0000000001, '0'),
(0000000309, 0000000057, 0000000001, 0000000001, 'sdefault'),
(0000000309, 0000000058, 0000000001, 0000000001, '2'),
(0000000309, 0000000066, 0000000002, 0000000001, ''),
(0000000309, 0000000066, 0000000002, 0000000002, ''),
(0000000309, 0000000066, 0000000003, 0000000001, '[{\r\n  \"value\":\"1\",\r\n  \"text\": \"Item1\"\r\n},\r\n{\r\n  \"value\":\"2\",\r\n  \"text\":\"Item2\"\r\n},\r\n{\r\n  \"value\":\"3\",\r\n  \"text\": \"Item3\"\r\n}]'),
(0000000309, 0000000066, 0000000003, 0000000002, ''),
(0000000309, 0000000067, 0000000001, 0000000001, '0'),
(0000000310, 0000000008, 0000000002, 0000000001, ''),
(0000000310, 0000000008, 0000000002, 0000000002, ''),
(0000000310, 0000000008, 0000000003, 0000000001, 'Select multiple with no default'),
(0000000310, 0000000008, 0000000003, 0000000002, ''),
(0000000310, 0000000023, 0000000001, 0000000001, ''),
(0000000310, 0000000030, 0000000002, 0000000001, ''),
(0000000310, 0000000030, 0000000002, 0000000002, ''),
(0000000310, 0000000030, 0000000003, 0000000001, 'choose a value'),
(0000000310, 0000000030, 0000000003, 0000000002, ''),
(0000000310, 0000000056, 0000000001, 0000000001, '0'),
(0000000310, 0000000057, 0000000001, 0000000001, 'smultiple'),
(0000000310, 0000000058, 0000000001, 0000000001, ''),
(0000000310, 0000000066, 0000000002, 0000000001, ''),
(0000000310, 0000000066, 0000000002, 0000000002, ''),
(0000000310, 0000000066, 0000000003, 0000000001, '[{\r\n  \"value\":\"1\",\r\n  \"text\": \"Item1\"\r\n},\r\n{\r\n  \"value\":\"2\",\r\n  \"text\":\"Item2\"\r\n},\r\n{\r\n  \"value\":\"3\",\r\n  \"text\": \"Item3\"\r\n}]'),
(0000000310, 0000000066, 0000000003, 0000000002, ''),
(0000000310, 0000000067, 0000000001, 0000000001, '1'),
(0000000311, 0000000008, 0000000002, 0000000001, ''),
(0000000311, 0000000008, 0000000002, 0000000002, ''),
(0000000311, 0000000008, 0000000003, 0000000001, 'Select multiple with default'),
(0000000311, 0000000008, 0000000003, 0000000002, ''),
(0000000311, 0000000023, 0000000001, 0000000001, ''),
(0000000311, 0000000056, 0000000001, 0000000001, '0'),
(0000000311, 0000000057, 0000000001, 0000000001, 'smdefault'),
(0000000311, 0000000058, 0000000001, 0000000001, '2'),
(0000000311, 0000000066, 0000000002, 0000000001, ''),
(0000000311, 0000000066, 0000000002, 0000000002, ''),
(0000000311, 0000000066, 0000000003, 0000000001, '[{\r\n  \"value\":\"1\",\r\n  \"text\": \"Item1\"\r\n},\r\n{\r\n  \"value\":\"2\",\r\n  \"text\":\"Item2\"\r\n},\r\n{\r\n  \"value\":\"3\",\r\n  \"text\": \"Item3\"\r\n}]'),
(0000000311, 0000000066, 0000000003, 0000000002, ''),
(0000000311, 0000000067, 0000000001, 0000000001, '1'),
(0000000313, 0000000023, 0000000001, 0000000001, ''),
(0000000313, 0000000025, 0000000002, 0000000001, ''),
(0000000313, 0000000025, 0000000002, 0000000002, ''),
(0000000313, 0000000025, 0000000003, 0000000001, 'The style `slider` is an extension of the style `input` of type `range`. It allows to specify the minimum and maximum value of the range with the fields `min` and `max` respectively.\r\n\r\nFurthermore, the field `labels` allows to provide a label for each position of the slider. Note that the field `labels` is of type `json` and requires\r\n1. valid json syntax (see https://www.json.org/)\r\n2. a simple json array of values for each label\r\n\r\nIt is best to copy the example below and adapt the labels to your requirements.\r\n\r\n```\r\n[\"very bad\", \"mostly bad\", \"average\", \"mostly good\", \"very good\"]\r\n```'),
(0000000313, 0000000025, 0000000003, 0000000002, ''),
(0000000314, 0000000008, 0000000002, 0000000001, ''),
(0000000314, 0000000008, 0000000002, 0000000002, ''),
(0000000314, 0000000008, 0000000003, 0000000001, ''),
(0000000314, 0000000008, 0000000003, 0000000002, ''),
(0000000314, 0000000023, 0000000001, 0000000001, ''),
(0000000314, 0000000057, 0000000001, 0000000001, 'slider'),
(0000000314, 0000000058, 0000000001, 0000000001, ''),
(0000000314, 0000000068, 0000000002, 0000000001, ''),
(0000000314, 0000000068, 0000000002, 0000000002, ''),
(0000000314, 0000000068, 0000000003, 0000000001, '[\"very bad\", \"mostly bad\", \"average\", \"mostly good\", \"very good\"]'),
(0000000314, 0000000068, 0000000003, 0000000002, ''),
(0000000314, 0000000069, 0000000001, 0000000001, '1'),
(0000000314, 0000000070, 0000000001, 0000000001, '5'),
(0000000315, 0000000022, 0000000002, 0000000001, ''),
(0000000315, 0000000022, 0000000002, 0000000002, ''),
(0000000315, 0000000022, 0000000003, 0000000001, 'Form'),
(0000000315, 0000000022, 0000000003, 0000000002, ''),
(0000000315, 0000000023, 0000000001, 0000000001, 'mb-3'),
(0000000315, 0000000028, 0000000001, 0000000001, 'light'),
(0000000315, 0000000046, 0000000001, 0000000001, '0'),
(0000000315, 0000000047, 0000000001, 0000000001, '0'),
(0000000315, 0000000048, 0000000001, 0000000001, ''),
(0000000316, 0000000008, 0000000002, 0000000001, ''),
(0000000316, 0000000008, 0000000002, 0000000002, ''),
(0000000316, 0000000008, 0000000003, 0000000001, 'Primary'),
(0000000316, 0000000008, 0000000003, 0000000002, ''),
(0000000316, 0000000023, 0000000001, 0000000001, ''),
(0000000316, 0000000027, 0000000001, 0000000001, '#'),
(0000000316, 0000000028, 0000000001, 0000000001, 'primary'),
(0000000317, 0000000008, 0000000002, 0000000001, ''),
(0000000317, 0000000008, 0000000002, 0000000002, ''),
(0000000317, 0000000008, 0000000003, 0000000001, 'Secondary'),
(0000000317, 0000000008, 0000000003, 0000000002, ''),
(0000000317, 0000000023, 0000000001, 0000000001, 'mt-3'),
(0000000317, 0000000027, 0000000001, 0000000001, '#'),
(0000000317, 0000000028, 0000000001, 0000000001, 'secondary'),
(0000000318, 0000000008, 0000000002, 0000000001, ''),
(0000000318, 0000000008, 0000000002, 0000000002, ''),
(0000000318, 0000000008, 0000000003, 0000000001, 'Success'),
(0000000318, 0000000008, 0000000003, 0000000002, ''),
(0000000318, 0000000023, 0000000001, 0000000001, 'mt-3'),
(0000000318, 0000000027, 0000000001, 0000000001, '#'),
(0000000318, 0000000028, 0000000001, 0000000001, 'success'),
(0000000319, 0000000008, 0000000002, 0000000001, ''),
(0000000319, 0000000008, 0000000002, 0000000002, ''),
(0000000319, 0000000008, 0000000003, 0000000001, 'Danger'),
(0000000319, 0000000008, 0000000003, 0000000002, ''),
(0000000319, 0000000023, 0000000001, 0000000001, 'mt-3'),
(0000000319, 0000000027, 0000000001, 0000000001, '#'),
(0000000319, 0000000028, 0000000001, 0000000001, 'danger'),
(0000000320, 0000000008, 0000000002, 0000000001, ''),
(0000000320, 0000000008, 0000000002, 0000000002, ''),
(0000000320, 0000000008, 0000000003, 0000000001, 'Warning'),
(0000000320, 0000000008, 0000000003, 0000000002, ''),
(0000000320, 0000000023, 0000000001, 0000000001, 'mt-3'),
(0000000320, 0000000027, 0000000001, 0000000001, '#'),
(0000000320, 0000000028, 0000000001, 0000000001, 'warning'),
(0000000321, 0000000008, 0000000002, 0000000001, ''),
(0000000321, 0000000008, 0000000002, 0000000002, ''),
(0000000321, 0000000008, 0000000003, 0000000001, 'Info'),
(0000000321, 0000000008, 0000000003, 0000000002, ''),
(0000000321, 0000000023, 0000000001, 0000000001, 'mt-3'),
(0000000321, 0000000027, 0000000001, 0000000001, '#'),
(0000000321, 0000000028, 0000000001, 0000000001, 'info'),
(0000000322, 0000000008, 0000000002, 0000000001, ''),
(0000000322, 0000000008, 0000000002, 0000000002, ''),
(0000000322, 0000000008, 0000000003, 0000000001, 'Light'),
(0000000322, 0000000008, 0000000003, 0000000002, ''),
(0000000322, 0000000023, 0000000001, 0000000001, 'mt-3'),
(0000000322, 0000000027, 0000000001, 0000000001, '#'),
(0000000322, 0000000028, 0000000001, 0000000001, 'light'),
(0000000323, 0000000008, 0000000002, 0000000001, ''),
(0000000323, 0000000008, 0000000002, 0000000002, ''),
(0000000323, 0000000008, 0000000003, 0000000001, 'Dark'),
(0000000323, 0000000008, 0000000003, 0000000002, ''),
(0000000323, 0000000023, 0000000001, 0000000001, 'mt-3'),
(0000000323, 0000000027, 0000000001, 0000000001, '#'),
(0000000323, 0000000028, 0000000001, 0000000001, 'dark'),
(0000000324, 0000000023, 0000000001, 0000000001, ''),
(0000000324, 0000000025, 0000000002, 0000000001, ''),
(0000000324, 0000000025, 0000000002, 0000000002, ''),
(0000000324, 0000000025, 0000000003, 0000000001, 'The style `form` supports some Bootstrap color schemes for the submit button. This is specified with the field `type`. The field `url` specifies the submit location. If left empty, the form is not rendered. The field `label` defines the text that appears on the submit button.'),
(0000000324, 0000000025, 0000000003, 0000000002, ''),
(0000000325, 0000000022, 0000000002, 0000000001, ''),
(0000000325, 0000000022, 0000000002, 0000000002, ''),
(0000000325, 0000000022, 0000000003, 0000000001, 'Input'),
(0000000325, 0000000022, 0000000003, 0000000002, ''),
(0000000325, 0000000023, 0000000001, 0000000001, ''),
(0000000325, 0000000025, 0000000003, 0000000001, '# @title'),
(0000000326, 0000000023, 0000000001, 0000000001, ''),
(0000000326, 0000000025, 0000000002, 0000000001, ''),
(0000000326, 0000000025, 0000000002, 0000000002, ''),
(0000000326, 0000000025, 0000000003, 0000000001, 'The style `input` support several different types. In addition to the standard fields any form-field has (`value`, `label`, `name`), the style `input` supports the field `placeholder`. It defines the greyed-out text that appears inside a form-field as long as no value is entered. Some input types do not use this field.'),
(0000000326, 0000000025, 0000000003, 0000000002, ''),
(0000000327, 0000000022, 0000000002, 0000000001, ''),
(0000000327, 0000000022, 0000000002, 0000000002, ''),
(0000000327, 0000000022, 0000000003, 0000000001, 'Textarea'),
(0000000327, 0000000022, 0000000003, 0000000002, ''),
(0000000327, 0000000023, 0000000001, 0000000001, ''),
(0000000327, 0000000025, 0000000003, 0000000001, '# @title'),
(0000000328, 0000000022, 0000000002, 0000000001, ''),
(0000000328, 0000000022, 0000000002, 0000000002, ''),
(0000000328, 0000000022, 0000000003, 0000000001, 'Select'),
(0000000328, 0000000022, 0000000003, 0000000002, ''),
(0000000328, 0000000023, 0000000001, 0000000001, ''),
(0000000328, 0000000025, 0000000003, 0000000001, '# @title'),
(0000000329, 0000000023, 0000000001, 0000000001, ''),
(0000000329, 0000000025, 0000000002, 0000000001, ''),
(0000000329, 0000000025, 0000000002, 0000000002, ''),
(0000000329, 0000000025, 0000000003, 0000000001, 'The style `select` is rendered as a selection list or a dropdown where one or more options can be selected. The field `items` allows to specify the options in the selection list. Note that the field `items` is of type `json` and requires\r\n1. valid json syntax (see https://www.json.org/)\r\n2. a json field `value` and `text` for each select option\r\n\r\nIt is best to copy the example below and adapt the option names and values according to your requirements.\r\n\r\n```\r\n[{\r\n  \"value\":\"1\",\r\n  \"text\": \"Item1\"\r\n},\r\n{\r\n  \"value\":\"2\",\r\n  \"text\":\"Item2\"\r\n},\r\n{\r\n  \"value\":\"3\",\r\n  \"text\": \"Item3\"\r\n}]\r\n```\r\n\r\nThe field `alt` specifies the text that is displayed on the disabled option when no default value is defined.'),
(0000000329, 0000000025, 0000000003, 0000000002, ''),
(0000000330, 0000000022, 0000000002, 0000000001, ''),
(0000000330, 0000000022, 0000000002, 0000000002, ''),
(0000000330, 0000000022, 0000000003, 0000000001, 'Select Multiple'),
(0000000330, 0000000022, 0000000003, 0000000002, ''),
(0000000330, 0000000023, 0000000001, 0000000001, 'mb-3'),
(0000000330, 0000000028, 0000000001, 0000000001, 'light'),
(0000000330, 0000000046, 0000000001, 0000000001, '0'),
(0000000330, 0000000047, 0000000001, 0000000001, '0'),
(0000000330, 0000000048, 0000000001, 0000000001, ''),
(0000000331, 0000000022, 0000000002, 0000000001, ''),
(0000000331, 0000000022, 0000000002, 0000000002, ''),
(0000000331, 0000000022, 0000000003, 0000000001, 'Select Default Values'),
(0000000331, 0000000022, 0000000003, 0000000002, ''),
(0000000331, 0000000023, 0000000001, 0000000001, ''),
(0000000331, 0000000028, 0000000001, 0000000001, 'light'),
(0000000331, 0000000046, 0000000001, 0000000001, '0'),
(0000000331, 0000000047, 0000000001, 0000000001, '0'),
(0000000332, 0000000023, 0000000001, 0000000001, ''),
(0000000332, 0000000025, 0000000002, 0000000001, ''),
(0000000332, 0000000025, 0000000002, 0000000002, ''),
(0000000332, 0000000025, 0000000003, 0000000001, 'If the field `is_multiple` is checked the selection list is rendered as a list where multiple options can be selected.'),
(0000000332, 0000000025, 0000000003, 0000000002, ''),
(0000000333, 0000000023, 0000000001, 0000000001, ''),
(0000000333, 0000000025, 0000000002, 0000000001, ''),
(0000000333, 0000000025, 0000000002, 0000000002, ''),
(0000000333, 0000000025, 0000000003, 0000000001, 'If the field `value` is left empty, a disabled option is rendered and selected which asks the user to choose a value. Otherwise the specified value is selected by default (if it exists) and the disabled option is omitted.'),
(0000000333, 0000000025, 0000000003, 0000000002, ''),
(0000000334, 0000000022, 0000000002, 0000000001, ''),
(0000000334, 0000000022, 0000000002, 0000000002, ''),
(0000000334, 0000000022, 0000000003, 0000000001, 'Slider'),
(0000000334, 0000000022, 0000000003, 0000000002, ''),
(0000000334, 0000000023, 0000000001, 0000000001, ''),
(0000000334, 0000000025, 0000000003, 0000000001, '# @title'),
(0000000335, 0000000023, 0000000001, 0000000001, 'my-3'),
(0000000335, 0000000029, 0000000001, 0000000001, '0'),
(0000000336, 0000000023, 0000000001, 0000000001, ''),
(0000000337, 0000000023, 0000000001, 0000000001, ''),
(0000000337, 0000000025, 0000000002, 0000000001, ''),
(0000000337, 0000000025, 0000000002, 0000000002, ''),
(0000000337, 0000000025, 0000000003, 0000000001, '# Styles\r\n\r\nPages are organised as a collection of sections that are rendered on the page, one below the other. Sections have different `styles` wich define the apperance of the sections. Depending on the style of a section, the section has different `fields` which define the content of the section. The value of a field can be a simple plaintext or a collection of child sections which have their own styles and children.\r\n\r\nFor a more in-depth description of each style refer to the [documentation of the source code](https://selfhelp.psy.unibe.ch/demo/doc/doxygen/html/index.html).'),
(0000000337, 0000000025, 0000000003, 0000000002, ''),
(0000000338, 0000000023, 0000000001, 0000000001, ''),
(0000000338, 0000000025, 0000000002, 0000000001, ''),
(0000000338, 0000000025, 0000000002, 0000000002, ''),
(0000000338, 0000000025, 0000000003, 0000000001, 'The body of a card can contain any number of any other styles. Use the field `children` to add, remove and sort elements in the card body. '),
(0000000338, 0000000025, 0000000003, 0000000002, ''),
(0000000339, 0000000022, 0000000002, 0000000001, ''),
(0000000339, 0000000022, 0000000002, 0000000002, ''),
(0000000339, 0000000022, 0000000003, 0000000001, 'Card with an edit button'),
(0000000339, 0000000022, 0000000003, 0000000002, ''),
(0000000339, 0000000023, 0000000001, 0000000001, ''),
(0000000339, 0000000028, 0000000001, 0000000001, 'light'),
(0000000339, 0000000046, 0000000001, 0000000001, '0'),
(0000000339, 0000000047, 0000000001, 0000000001, '0'),
(0000000339, 0000000048, 0000000001, 0000000001, ''),
(0000000340, 0000000023, 0000000001, 0000000001, ''),
(0000000340, 0000000025, 0000000002, 0000000001, ''),
(0000000340, 0000000025, 0000000002, 0000000002, ''),
(0000000340, 0000000025, 0000000003, 0000000001, 'If the field `url_edit` is set (not an empty string) an edit button appears in the right corner of the card header.'),
(0000000340, 0000000025, 0000000003, 0000000002, ''),
(0000000341, 0000000022, 0000000002, 0000000001, ''),
(0000000341, 0000000022, 0000000002, 0000000002, ''),
(0000000341, 0000000022, 0000000003, 0000000001, 'I have an edit button'),
(0000000341, 0000000022, 0000000003, 0000000002, ''),
(0000000341, 0000000023, 0000000001, 0000000001, ''),
(0000000341, 0000000028, 0000000001, 0000000001, 'primary'),
(0000000341, 0000000046, 0000000001, 0000000001, '0'),
(0000000341, 0000000047, 0000000001, 0000000001, '0'),
(0000000341, 0000000048, 0000000001, 0000000001, '#'),
(0000000342, 0000000022, 0000000002, 0000000001, ''),
(0000000342, 0000000022, 0000000002, 0000000002, ''),
(0000000342, 0000000022, 0000000003, 0000000001, 'Form with a cancel button'),
(0000000342, 0000000022, 0000000003, 0000000002, ''),
(0000000342, 0000000023, 0000000001, 0000000001, ''),
(0000000342, 0000000028, 0000000001, 0000000001, 'light'),
(0000000342, 0000000046, 0000000001, 0000000001, '0'),
(0000000342, 0000000047, 0000000001, 0000000001, '0'),
(0000000342, 0000000048, 0000000001, 0000000001, ''),
(0000000343, 0000000023, 0000000001, 0000000001, ''),
(0000000343, 0000000025, 0000000002, 0000000001, ''),
(0000000343, 0000000025, 0000000002, 0000000002, ''),
(0000000343, 0000000025, 0000000003, 0000000001, 'The form style offers the fiels `url_cancel` and `label_cancel` to define a cancel button. If the field `url_cancel` is not set the cancel button is not rendered. If `label_cancel` is not set while `url_cancel` is set the label **Cancel** is used by default.'),
(0000000343, 0000000025, 0000000003, 0000000002, ''),
(0000000344, 0000000008, 0000000002, 0000000001, ''),
(0000000344, 0000000008, 0000000002, 0000000002, ''),
(0000000344, 0000000008, 0000000003, 0000000001, 'Submit'),
(0000000344, 0000000008, 0000000003, 0000000002, ''),
(0000000344, 0000000023, 0000000001, 0000000001, ''),
(0000000344, 0000000027, 0000000001, 0000000001, '#'),
(0000000344, 0000000028, 0000000001, 0000000001, 'primary'),
(0000000344, 0000000051, 0000000002, 0000000001, ''),
(0000000344, 0000000051, 0000000002, 0000000002, ''),
(0000000344, 0000000051, 0000000003, 0000000001, ''),
(0000000344, 0000000051, 0000000003, 0000000002, ''),
(0000000344, 0000000052, 0000000001, 0000000001, '#'),
(0000000346, 0000000022, 0000000002, 0000000001, ''),
(0000000346, 0000000022, 0000000002, 0000000002, ''),
(0000000346, 0000000022, 0000000003, 0000000001, 'Lists'),
(0000000346, 0000000022, 0000000003, 0000000002, ''),
(0000000346, 0000000023, 0000000001, 0000000001, ''),
(0000000346, 0000000025, 0000000003, 0000000001, '# @title'),
(0000000347, 0000000023, 0000000001, 0000000001, ''),
(0000000347, 0000000025, 0000000002, 0000000001, ''),
(0000000347, 0000000025, 0000000002, 0000000002, ''),
(0000000347, 0000000025, 0000000003, 0000000001, 'The selfhelp app provides several styles to render lists\r\n\r\n- `accordionList`\r\n- `nestedList`\r\n- `sortableList`\r\n\r\nAll list styles have the field `id_prefix` which is required to prevent interference if multiple lists of the same type are used on the same page. Further, each list style has the field `items` which allows to specify the items to be rendered in the list. Note that the field `items` is of type `json` and requires\r\n1. valid json syntax (see https://www.json.org/)\r\n2. a json field `id` and `title` for each item where\r\n  - `id` is a unique number identifying the item\r\n  - `title` is the name of the item to be rendered\r\n\r\nOptionally, all lists support the field `url` in each item which allows to specify the target link of an item.\r\n\r\nThe style `accordionList` and `nestedList` are nested lists. Hence, each item can have the field `children` which can hold multiple items. Further, both these lists support the field `id_active` which allows to specify which item is set as active.\r\n\r\nAn example of a nested json object is given in the following. Use this example and modify it according to your needs:\r\n\r\n```\r\n[{\r\n  \"id\": 1,\r\n  \"title\": \"Item1\",\r\n  \"children\": [\r\n     {\r\n       \"id\": 2,\r\n       \"title\": \"Item1.1\"\r\n     },\r\n     {\r\n       \"id\": 3,\r\n       \"title\": \"Item1.2\"\r\n     },\r\n  ]\r\n},\r\n{\r\n  \"id\": 4,\r\n  \"title\": \"Item2\"\r\n},\r\n{\r\n  \"id\": 5,\r\n  \"title\": \"Item3\"\r\n}]\r\n```'),
(0000000347, 0000000025, 0000000003, 0000000002, ''),
(0000000348, 0000000023, 0000000001, 0000000001, ''),
(0000000348, 0000000025, 0000000002, 0000000001, ''),
(0000000348, 0000000025, 0000000002, 0000000002, ''),
(0000000348, 0000000025, 0000000003, 0000000001, '# SelfHelp Demo\r\n\r\nThis web page serves as a documentation of the available styles that can be used to render content.'),
(0000000348, 0000000025, 0000000003, 0000000002, ''),
(0000000349, 0000000022, 0000000002, 0000000001, ''),
(0000000349, 0000000022, 0000000002, 0000000002, ''),
(0000000349, 0000000022, 0000000003, 0000000001, 'Accordion List'),
(0000000349, 0000000022, 0000000003, 0000000002, ''),
(0000000349, 0000000023, 0000000001, 0000000001, 'mb-3'),
(0000000349, 0000000028, 0000000001, 0000000001, 'light'),
(0000000349, 0000000046, 0000000001, 0000000001, '0'),
(0000000349, 0000000047, 0000000001, 0000000001, '0'),
(0000000349, 0000000048, 0000000001, 0000000001, ''),
(0000000350, 0000000023, 0000000001, 0000000001, ''),
(0000000350, 0000000025, 0000000002, 0000000001, ''),
(0000000350, 0000000025, 0000000002, 0000000002, ''),
(0000000350, 0000000025, 0000000003, 0000000001, 'An accordion list is a hierarchical list where the root level is rendered as an accordion whith only one root item expanded at a time.\r\n\r\nEach root item can be prefixed with a label which can be defined by the field `title_prefix`.'),
(0000000350, 0000000025, 0000000003, 0000000002, ''),
(0000000351, 0000000023, 0000000001, 0000000001, ''),
(0000000351, 0000000031, 0000000002, 0000000001, ''),
(0000000351, 0000000031, 0000000002, 0000000002, ''),
(0000000351, 0000000031, 0000000003, 0000000001, 'TitlePrefix'),
(0000000351, 0000000031, 0000000003, 0000000002, ''),
(0000000351, 0000000066, 0000000002, 0000000001, ''),
(0000000351, 0000000066, 0000000002, 0000000002, ''),
(0000000351, 0000000066, 0000000003, 0000000001, '[{\r\n  \"id\": 1,\r\n  \"title\": \"Item1\",\r\n  \"children\": [{\r\n     \"id\": 2,\r\n     \"title\": \"Item1.1\"\r\n  },\r\n  {\r\n    \"id\": 3,\r\n    \"title\": \"Item1.2\",\r\n    \"children\": [{\r\n      \"id\": 4,\r\n      \"title\": \"Item1.2.1\"\r\n    }]\r\n  }]\r\n},\r\n{\r\n  \"id\": 5,\r\n  \"title\": \"Item2\",\r\n  \"children\": [{\r\n     \"id\": 5,\r\n     \"title\": \"Item2.1\"\r\n  }]\r\n},\r\n{\r\n  \"id\": 6,\r\n  \"title\": \"Item3\",\r\n  \"children\": [{\r\n     \"id\": 7,\r\n     \"title\": \"Item3.1\"\r\n  }]\r\n}]'),
(0000000351, 0000000066, 0000000003, 0000000002, ''),
(0000000351, 0000000072, 0000000002, 0000000001, ''),
(0000000351, 0000000072, 0000000002, 0000000002, ''),
(0000000351, 0000000072, 0000000003, 0000000001, ''),
(0000000351, 0000000072, 0000000003, 0000000002, ''),
(0000000351, 0000000083, 0000000001, 0000000001, ''),
(0000000351, 0000000084, 0000000001, 0000000001, '4'),
(0000000352, 0000000022, 0000000002, 0000000001, ''),
(0000000352, 0000000022, 0000000002, 0000000002, ''),
(0000000352, 0000000022, 0000000003, 0000000001, 'Accordion List'),
(0000000352, 0000000022, 0000000003, 0000000002, ''),
(0000000352, 0000000023, 0000000001, 0000000001, ''),
(0000000352, 0000000025, 0000000003, 0000000001, '# @title'),
(0000000354, 0000000023, 0000000001, 0000000001, ''),
(0000000354, 0000000025, 0000000002, 0000000001, ''),
(0000000354, 0000000025, 0000000002, 0000000002, ''),
(0000000354, 0000000025, 0000000003, 0000000001, 'The following example of an accordionList can be created with the json string:\r\n\r\n```\r\n[{\r\n  \"id\": 1,\r\n  \"title\": \"Item1\",\r\n  \"children\": [{\r\n     \"id\": 2,\r\n     \"title\": \"Item1.1\"\r\n  },\r\n  {\r\n    \"id\": 3,\r\n    \"title\": \"Item1.2\",\r\n    \"children\": [{\r\n      \"id\": 4,\r\n      \"title\": \"Item1.2.1\"\r\n    }]\r\n  }]\r\n},\r\n{\r\n  \"id\": 5,\r\n  \"title\": \"Item2\",\r\n  \"children\": [{\r\n     \"id\": 5,\r\n     \"title\": \"Item2.1\"\r\n  }]\r\n},\r\n{\r\n  \"id\": 6,\r\n  \"title\": \"Item3\",\r\n  \"children\": [{\r\n     \"id\": 7,\r\n     \"title\": \"Item3.1\"\r\n  }]\r\n}]\r\n```'),
(0000000354, 0000000025, 0000000003, 0000000002, ''),
(0000000355, 0000000022, 0000000002, 0000000001, ''),
(0000000355, 0000000022, 0000000002, 0000000002, ''),
(0000000355, 0000000022, 0000000003, 0000000001, 'Accrodion List with Links'),
(0000000355, 0000000022, 0000000003, 0000000002, ''),
(0000000355, 0000000023, 0000000001, 0000000001, 'mb-3'),
(0000000355, 0000000028, 0000000001, 0000000001, 'light'),
(0000000355, 0000000046, 0000000001, 0000000001, '0'),
(0000000355, 0000000047, 0000000001, 0000000001, '0'),
(0000000355, 0000000048, 0000000001, 0000000001, ''),
(0000000356, 0000000023, 0000000001, 0000000001, ''),
(0000000356, 0000000025, 0000000002, 0000000001, ''),
(0000000356, 0000000025, 0000000002, 0000000002, ''),
(0000000356, 0000000025, 0000000003, 0000000001, 'If list items have the field `url` defined the items become links. As the root items are rendered as headings a link symbol is appened instead.\r\n\r\n```\r\n[{\r\n  \"id\": 1,\r\n  \"title\": \"Item1\",\r\n  \"url\": \"#\",\r\n  \"children\": [{\r\n      \"id\": 2,\r\n      \"title\": \"Item1.1\"\r\n    },\r\n    {\r\n      \"id\": 3,\r\n      \"title\": \"Item1.2\",\r\n      \"children\": [{\r\n          \"id\": 4,\r\n          \"title\": \"Item1.2.1\",\r\n          \"url\": \"#\"\r\n        }]\r\n    }]\r\n},\r\n{\r\n  \"id\": 5,\r\n  \"title\": \"Item2\",\r\n  \"url\": \"#\",\r\n  \"children\": [{\r\n       \"id\": 5,\r\n       \"title\": \"Item2.1\"\r\n    }]\r\n},\r\n{\r\n  \"id\": 6,\r\n  \"title\": \"Item3\",\r\n  \"children\": [{\r\n       \"id\": 7,\r\n       \"title\": \"Item3.1\",\r\n       \"url\": \"#\"\r\n    }]\r\n}]\r\n```'),
(0000000356, 0000000025, 0000000003, 0000000002, ''),
(0000000357, 0000000023, 0000000001, 0000000001, ''),
(0000000357, 0000000031, 0000000002, 0000000001, ''),
(0000000357, 0000000031, 0000000002, 0000000002, ''),
(0000000357, 0000000031, 0000000003, 0000000001, ''),
(0000000357, 0000000031, 0000000003, 0000000002, ''),
(0000000357, 0000000066, 0000000002, 0000000001, ''),
(0000000357, 0000000066, 0000000002, 0000000002, ''),
(0000000357, 0000000066, 0000000003, 0000000001, '[{\r\n  \"id\": 1,\r\n  \"title\": \"Item1\",\r\n  \"url\": \"#\",\r\n  \"children\": [{\r\n      \"id\": 2,\r\n      \"title\": \"Item1.1\"\r\n    },\r\n    {\r\n      \"id\": 3,\r\n      \"title\": \"Item1.2\",\r\n      \"children\": [{\r\n          \"id\": 4,\r\n          \"title\": \"Item1.2.1\",\r\n          \"url\": \"#\"\r\n        }]\r\n    }]\r\n},\r\n{\r\n  \"id\": 5,\r\n  \"title\": \"Item2\",\r\n  \"url\": \"#\",\r\n  \"children\": [{\r\n       \"id\": 5,\r\n       \"title\": \"Item2.1\"\r\n    }]\r\n},\r\n{\r\n  \"id\": 6,\r\n  \"title\": \"Item3\",\r\n  \"children\": [{\r\n       \"id\": 7,\r\n       \"title\": \"Item3.1\",\r\n       \"url\": \"#\"\r\n    }]\r\n}]'),
(0000000357, 0000000066, 0000000003, 0000000002, ''),
(0000000357, 0000000072, 0000000002, 0000000001, ''),
(0000000357, 0000000072, 0000000002, 0000000002, ''),
(0000000357, 0000000072, 0000000003, 0000000001, ''),
(0000000357, 0000000072, 0000000003, 0000000002, ''),
(0000000357, 0000000083, 0000000001, 0000000001, 'accordion-link'),
(0000000357, 0000000084, 0000000001, 0000000001, '4'),
(0000000358, 0000000022, 0000000002, 0000000001, ''),
(0000000358, 0000000022, 0000000002, 0000000002, ''),
(0000000358, 0000000022, 0000000003, 0000000001, 'Accordion List without Link Symbol'),
(0000000358, 0000000022, 0000000003, 0000000002, ''),
(0000000358, 0000000023, 0000000001, 0000000001, ''),
(0000000358, 0000000028, 0000000001, 0000000001, 'light'),
(0000000358, 0000000046, 0000000001, 0000000001, '0'),
(0000000358, 0000000047, 0000000001, 0000000001, '0'),
(0000000358, 0000000048, 0000000001, 0000000001, ''),
(0000000359, 0000000023, 0000000001, 0000000001, ''),
(0000000359, 0000000025, 0000000002, 0000000001, ''),
(0000000359, 0000000025, 0000000002, 0000000002, ''),
(0000000359, 0000000025, 0000000003, 0000000001, 'As the root item is expandable, if it is a link it cannot be clicked itself. Therefore, by default a link symbol is appended. Alternatively, a new item can be introduced which links to the root item. The name of this new item is defined by the field `label_root`. Note that such an item is only rendered if the field `url` for the item is set.\r\n\r\nThe same example as above is used.'),
(0000000359, 0000000025, 0000000003, 0000000002, ''),
(0000000360, 0000000023, 0000000001, 0000000001, ''),
(0000000360, 0000000031, 0000000002, 0000000001, ''),
(0000000360, 0000000031, 0000000002, 0000000002, ''),
(0000000360, 0000000031, 0000000003, 0000000001, ''),
(0000000360, 0000000031, 0000000003, 0000000002, ''),
(0000000360, 0000000066, 0000000002, 0000000001, ''),
(0000000360, 0000000066, 0000000002, 0000000002, ''),
(0000000360, 0000000066, 0000000003, 0000000001, '[{\r\n  \"id\": 1,\r\n  \"title\": \"Item1\",\r\n  \"url\": \"#\",\r\n  \"children\": [{\r\n      \"id\": 2,\r\n      \"title\": \"Item1.1\"\r\n    },\r\n    {\r\n      \"id\": 3,\r\n      \"title\": \"Item1.2\",\r\n      \"children\": [{\r\n          \"id\": 4,\r\n          \"title\": \"Item1.2.1\",\r\n          \"url\": \"#\"\r\n        }]\r\n    }]\r\n},\r\n{\r\n  \"id\": 5,\r\n  \"title\": \"Item2\",\r\n  \"url\": \"#\",\r\n  \"children\": [{\r\n       \"id\": 5,\r\n       \"title\": \"Item2.1\"\r\n    }]\r\n},\r\n{\r\n  \"id\": 6,\r\n  \"title\": \"Item3\",\r\n  \"children\": [{\r\n       \"id\": 7,\r\n       \"title\": \"Item3.1\",\r\n       \"url\": \"#\"\r\n    }]\r\n}]'),
(0000000360, 0000000066, 0000000003, 0000000002, ''),
(0000000360, 0000000072, 0000000002, 0000000001, ''),
(0000000360, 0000000072, 0000000002, 0000000002, ''),
(0000000360, 0000000072, 0000000003, 0000000001, 'LabelRoot'),
(0000000360, 0000000072, 0000000003, 0000000002, ''),
(0000000360, 0000000083, 0000000001, 0000000001, 'accordion-root'),
(0000000362, 0000000022, 0000000002, 0000000001, ''),
(0000000362, 0000000022, 0000000002, 0000000002, ''),
(0000000362, 0000000022, 0000000003, 0000000001, 'Nested List'),
(0000000362, 0000000022, 0000000003, 0000000002, ''),
(0000000362, 0000000023, 0000000001, 0000000001, ''),
(0000000362, 0000000025, 0000000003, 0000000001, '# @title'),
(0000000363, 0000000022, 0000000002, 0000000001, ''),
(0000000363, 0000000022, 0000000002, 0000000002, ''),
(0000000363, 0000000022, 0000000003, 0000000001, 'Sortable List'),
(0000000363, 0000000022, 0000000003, 0000000002, ''),
(0000000363, 0000000023, 0000000001, 0000000001, ''),
(0000000363, 0000000025, 0000000003, 0000000001, '# @title'),
(0000000364, 0000000023, 0000000001, 0000000001, ''),
(0000000364, 0000000025, 0000000002, 0000000001, ''),
(0000000364, 0000000025, 0000000002, 0000000002, '');
INSERT INTO `sections_fields_translation` (`id_sections`, `id_fields`, `id_languages`, `id_genders`, `content`) VALUES
(0000000364, 0000000025, 0000000003, 0000000001, 'A nested list is a hierarchical list where each root item item can be collapsed and expanded by clicking on a chevron. The following examples all use the same json configuration (field `items`):\r\n\r\n```\r\n[{\r\n  \"id\": 1,\r\n  \"title\": \"Item1\",\r\n  \"url\": \"#\",\r\n  \"children\": [{\r\n      \"id\": 2,\r\n      \"title\": \"Item1.1\"\r\n    },\r\n    {\r\n      \"id\": 3,\r\n      \"title\": \"Item1.2\",\r\n      \"children\": [{\r\n          \"id\": 4,\r\n          \"title\": \"Item1.2.1\",\r\n          \"url\": \"#\"\r\n        }]\r\n    }]\r\n},\r\n{\r\n  \"id\": 5,\r\n  \"title\": \"Item2\",\r\n  \"url\": \"#\",\r\n  \"children\": [{\r\n       \"id\": 5,\r\n       \"title\": \"Item2.1\"\r\n    }]\r\n},\r\n{\r\n  \"id\": 6,\r\n  \"title\": \"Item3\",\r\n  \"children\": [{\r\n       \"id\": 7,\r\n       \"title\": \"Item3.1\",\r\n       \"url\": \"#\"\r\n    }]\r\n}]\r\n```\r\n\r\nTo make this style responsive the field `title_prefix` can be used.\r\nIf this is set to something else than the empty string the list will be collapsed on smaller screens and this string will be prefixed to the selected item.'),
(0000000364, 0000000025, 0000000003, 0000000002, ''),
(0000000365, 0000000022, 0000000002, 0000000001, ''),
(0000000365, 0000000022, 0000000002, 0000000002, ''),
(0000000365, 0000000022, 0000000003, 0000000001, 'Nested List'),
(0000000365, 0000000022, 0000000003, 0000000002, ''),
(0000000365, 0000000023, 0000000001, 0000000001, 'mb-3'),
(0000000365, 0000000028, 0000000001, 0000000001, 'light'),
(0000000365, 0000000046, 0000000001, 0000000001, '0'),
(0000000365, 0000000047, 0000000001, 0000000001, '0'),
(0000000365, 0000000048, 0000000001, 0000000001, ''),
(0000000366, 0000000022, 0000000002, 0000000001, ''),
(0000000366, 0000000022, 0000000002, 0000000002, ''),
(0000000366, 0000000022, 0000000003, 0000000001, 'Nested List with Search Field'),
(0000000366, 0000000022, 0000000003, 0000000002, ''),
(0000000366, 0000000023, 0000000001, 0000000001, 'mb-3'),
(0000000366, 0000000028, 0000000001, 0000000001, 'light'),
(0000000366, 0000000046, 0000000001, 0000000001, '0'),
(0000000366, 0000000047, 0000000001, 0000000001, '0'),
(0000000366, 0000000048, 0000000001, 0000000001, ''),
(0000000367, 0000000022, 0000000002, 0000000001, ''),
(0000000367, 0000000022, 0000000002, 0000000002, ''),
(0000000367, 0000000022, 0000000003, 0000000001, 'Static Nested List'),
(0000000367, 0000000022, 0000000003, 0000000002, ''),
(0000000367, 0000000023, 0000000001, 0000000001, 'mb-3'),
(0000000367, 0000000028, 0000000001, 0000000001, 'light'),
(0000000367, 0000000046, 0000000001, 0000000001, '0'),
(0000000367, 0000000047, 0000000001, 0000000001, '0'),
(0000000367, 0000000048, 0000000001, 0000000001, ''),
(0000000368, 0000000023, 0000000001, 0000000001, ''),
(0000000368, 0000000025, 0000000002, 0000000001, ''),
(0000000368, 0000000025, 0000000002, 0000000002, ''),
(0000000368, 0000000025, 0000000003, 0000000001, 'By default every root item is collapsed such that the chevron next to it must be clicked to expand. The field `is_expanded` changes this default behaviour such that every item is expanded.'),
(0000000368, 0000000025, 0000000003, 0000000002, ''),
(0000000369, 0000000023, 0000000001, 0000000001, ''),
(0000000369, 0000000046, 0000000001, 0000000001, '0'),
(0000000369, 0000000047, 0000000001, 0000000001, '1'),
(0000000369, 0000000066, 0000000002, 0000000001, ''),
(0000000369, 0000000066, 0000000002, 0000000002, ''),
(0000000369, 0000000066, 0000000003, 0000000001, '[{\r\n  \"id\": 1,\r\n  \"title\": \"Item1\",\r\n  \"url\": \"#\",\r\n  \"children\": [{\r\n      \"id\": 2,\r\n      \"title\": \"Item1.1\"\r\n    },\r\n    {\r\n      \"id\": 3,\r\n      \"title\": \"Item1.2\",\r\n      \"children\": [{\r\n          \"id\": 4,\r\n          \"title\": \"Item1.2.1\",\r\n          \"url\": \"#\"\r\n        }]\r\n    }]\r\n},\r\n{\r\n  \"id\": 5,\r\n  \"title\": \"Item2\",\r\n  \"url\": \"#\",\r\n  \"children\": [{\r\n       \"id\": 5,\r\n       \"title\": \"Item2.1\"\r\n    }]\r\n},\r\n{\r\n  \"id\": 6,\r\n  \"title\": \"Item3\",\r\n  \"children\": [{\r\n       \"id\": 7,\r\n       \"title\": \"Item3.1\",\r\n       \"url\": \"#\"\r\n    }]\r\n}]'),
(0000000369, 0000000066, 0000000003, 0000000002, ''),
(0000000369, 0000000077, 0000000002, 0000000001, ''),
(0000000369, 0000000077, 0000000002, 0000000002, ''),
(0000000369, 0000000077, 0000000003, 0000000001, 'Search'),
(0000000369, 0000000077, 0000000003, 0000000002, ''),
(0000000369, 0000000083, 0000000001, 0000000001, 'search-nested'),
(0000000369, 0000000084, 0000000001, 0000000001, '4'),
(0000000370, 0000000023, 0000000001, 0000000001, ''),
(0000000370, 0000000025, 0000000002, 0000000001, ''),
(0000000370, 0000000025, 0000000002, 0000000002, ''),
(0000000370, 0000000025, 0000000003, 0000000001, 'If the field `search_text` is set a search bar appears on top of the list which allows to search for a specific item. The text of the field `search_text` is used as a placeholder in the search input field.'),
(0000000370, 0000000025, 0000000003, 0000000002, ''),
(0000000371, 0000000023, 0000000001, 0000000001, ''),
(0000000371, 0000000046, 0000000001, 0000000001, '1'),
(0000000371, 0000000047, 0000000001, 0000000001, '1'),
(0000000371, 0000000066, 0000000002, 0000000001, ''),
(0000000371, 0000000066, 0000000002, 0000000002, ''),
(0000000371, 0000000066, 0000000003, 0000000001, '[{\r\n  \"id\": 1,\r\n  \"title\": \"Item1\",\r\n  \"url\": \"#\",\r\n  \"children\": [{\r\n      \"id\": 2,\r\n      \"title\": \"Item1.1\"\r\n    },\r\n    {\r\n      \"id\": 3,\r\n      \"title\": \"Item1.2\",\r\n      \"children\": [{\r\n          \"id\": 4,\r\n          \"title\": \"Item1.2.1\",\r\n          \"url\": \"#\"\r\n        }]\r\n    }]\r\n},\r\n{\r\n  \"id\": 5,\r\n  \"title\": \"Item2\",\r\n  \"url\": \"#\",\r\n  \"children\": [{\r\n       \"id\": 5,\r\n       \"title\": \"Item2.1\"\r\n    }]\r\n},\r\n{\r\n  \"id\": 6,\r\n  \"title\": \"Item3\",\r\n  \"children\": [{\r\n       \"id\": 7,\r\n       \"title\": \"Item3.1\",\r\n       \"url\": \"#\"\r\n    }]\r\n}]'),
(0000000371, 0000000066, 0000000003, 0000000002, ''),
(0000000371, 0000000077, 0000000002, 0000000001, ''),
(0000000371, 0000000077, 0000000002, 0000000002, ''),
(0000000371, 0000000077, 0000000003, 0000000001, ''),
(0000000371, 0000000077, 0000000003, 0000000002, ''),
(0000000371, 0000000083, 0000000001, 0000000001, 'nested'),
(0000000371, 0000000084, 0000000001, 0000000001, '3'),
(0000000372, 0000000023, 0000000001, 0000000001, ''),
(0000000372, 0000000025, 0000000002, 0000000001, ''),
(0000000372, 0000000025, 0000000002, 0000000002, ''),
(0000000372, 0000000025, 0000000003, 0000000001, 'If required, the field `is_collapsible` can be unchecked to prevent the chevrons from being rendered. This can be useful if the list has no hierarchy as the horizontal spacing will be reduced. Note that the field `is_expanded` is ignored when `is_collapsible` is not set.'),
(0000000372, 0000000025, 0000000003, 0000000002, ''),
(0000000373, 0000000023, 0000000001, 0000000001, ''),
(0000000373, 0000000046, 0000000001, 0000000001, '0'),
(0000000373, 0000000047, 0000000001, 0000000001, '0'),
(0000000373, 0000000066, 0000000002, 0000000001, ''),
(0000000373, 0000000066, 0000000002, 0000000002, ''),
(0000000373, 0000000066, 0000000003, 0000000001, '[{\r\n  \"id\": 1,\r\n  \"title\": \"Item1\",\r\n  \"url\": \"#\",\r\n  \"children\": [{\r\n      \"id\": 2,\r\n      \"title\": \"Item1.1\"\r\n    },\r\n    {\r\n      \"id\": 3,\r\n      \"title\": \"Item1.2\",\r\n      \"children\": [{\r\n          \"id\": 4,\r\n          \"title\": \"Item1.2.1\",\r\n          \"url\": \"#\"\r\n        }]\r\n    }]\r\n},\r\n{\r\n  \"id\": 5,\r\n  \"title\": \"Item2\",\r\n  \"url\": \"#\",\r\n  \"children\": [{\r\n       \"id\": 5,\r\n       \"title\": \"Item2.1\"\r\n    }]\r\n},\r\n{\r\n  \"id\": 6,\r\n  \"title\": \"Item3\",\r\n  \"children\": [{\r\n       \"id\": 7,\r\n       \"title\": \"Item3.1\",\r\n       \"url\": \"#\"\r\n    }]\r\n}]'),
(0000000373, 0000000066, 0000000003, 0000000002, ''),
(0000000373, 0000000077, 0000000002, 0000000001, ''),
(0000000373, 0000000077, 0000000002, 0000000002, ''),
(0000000373, 0000000077, 0000000003, 0000000001, ''),
(0000000373, 0000000077, 0000000003, 0000000002, ''),
(0000000373, 0000000083, 0000000001, 0000000001, 'static-nested'),
(0000000373, 0000000084, 0000000001, 0000000001, '4'),
(0000000374, 0000000023, 0000000001, 0000000001, ''),
(0000000374, 0000000025, 0000000002, 0000000001, ''),
(0000000374, 0000000025, 0000000002, 0000000002, ''),
(0000000374, 0000000025, 0000000003, 0000000001, 'A sortable list is not hierarchical but can be sorted, new items can be added as well as items can be deleted. Note that only the visual aspects of these functions are rendered. The implementation of the functions need to be defined seperately (see [Sortable](https://github.com/RubaXa/Sortable) for more details).\r\n\r\nThe style field `is_editable` allows to enable or disable all modifications on the list. This means that the configuration for sorting, adding and deleting items only has an effect if `is_editable` is enabled.\r\n\r\nNote that the json field `children` is not supported for sortable list items. Also note that an individual css class can be attached to each item with the json field `css`. This is useful for ignoring or blocking items when dragging (see [Sortable](https://github.com/RubaXa/Sortable) for more details).\r\n\r\nFor the all examples the following json configuration is used:\r\n\r\n\r\n```\r\n[{\r\n  \"id\": 1,\r\n  \"title\": \"Item 1\"\r\n},{\r\n  \"id\": 2,\r\n  \"title\": \"Item 2\",\r\n  \"url\": \"#\",\r\n  \"css\": \"custom\"\r\n},{\r\n  \"id\": 3,\r\n  \"title\": \"Item 3\"\r\n}]\r\n```'),
(0000000374, 0000000025, 0000000003, 0000000002, ''),
(0000000375, 0000000022, 0000000002, 0000000001, ''),
(0000000375, 0000000022, 0000000002, 0000000002, ''),
(0000000375, 0000000022, 0000000003, 0000000001, 'Sortable List'),
(0000000375, 0000000022, 0000000003, 0000000002, ''),
(0000000375, 0000000023, 0000000001, 0000000001, 'mb-3'),
(0000000375, 0000000028, 0000000001, 0000000001, 'light'),
(0000000375, 0000000046, 0000000001, 0000000001, '0'),
(0000000375, 0000000047, 0000000001, 0000000001, '0'),
(0000000375, 0000000048, 0000000001, 0000000001, ''),
(0000000376, 0000000022, 0000000002, 0000000001, ''),
(0000000376, 0000000022, 0000000002, 0000000002, ''),
(0000000376, 0000000022, 0000000003, 0000000001, 'Sortable List with Add Button'),
(0000000376, 0000000022, 0000000003, 0000000002, ''),
(0000000376, 0000000023, 0000000001, 0000000001, 'mb-3'),
(0000000376, 0000000028, 0000000001, 0000000001, 'light'),
(0000000376, 0000000046, 0000000001, 0000000001, '0'),
(0000000376, 0000000047, 0000000001, 0000000001, '0'),
(0000000376, 0000000048, 0000000001, 0000000001, ''),
(0000000377, 0000000022, 0000000002, 0000000001, ''),
(0000000377, 0000000022, 0000000002, 0000000002, ''),
(0000000377, 0000000022, 0000000003, 0000000001, 'Sortable List with Delete Buttons'),
(0000000377, 0000000022, 0000000003, 0000000002, ''),
(0000000377, 0000000023, 0000000001, 0000000001, ''),
(0000000377, 0000000028, 0000000001, 0000000001, 'light'),
(0000000377, 0000000046, 0000000001, 0000000001, '0'),
(0000000377, 0000000047, 0000000001, 0000000001, '0'),
(0000000377, 0000000048, 0000000001, 0000000001, ''),
(0000000378, 0000000023, 0000000001, 0000000001, ''),
(0000000378, 0000000025, 0000000002, 0000000001, ''),
(0000000378, 0000000025, 0000000002, 0000000002, ''),
(0000000378, 0000000025, 0000000003, 0000000001, 'In this example the fields `is_sortable` and `is_editable` are both enabled. Note that in order to use the sortable functionality some javascript is required (see [Sortable](https://github.com/RubaXa/Sortable) for more details).'),
(0000000378, 0000000025, 0000000003, 0000000002, ''),
(0000000379, 0000000023, 0000000001, 0000000001, 'mb-3'),
(0000000379, 0000000066, 0000000002, 0000000001, ''),
(0000000379, 0000000066, 0000000002, 0000000002, ''),
(0000000379, 0000000066, 0000000003, 0000000001, '[{\r\n  \"id\": 1,\r\n  \"title\": \"Item 1\"\r\n},{\r\n  \"id\": 2,\r\n  \"title\": \"Item 2\",\r\n  \"url\": \"#\",\r\n  \"css\": \"custom\"\r\n},{\r\n  \"id\": 3,\r\n  \"title\": \"Item 3\"\r\n}]'),
(0000000379, 0000000066, 0000000003, 0000000002, ''),
(0000000379, 0000000078, 0000000001, 0000000001, '1'),
(0000000379, 0000000079, 0000000001, 0000000001, '1'),
(0000000379, 0000000080, 0000000001, 0000000001, ''),
(0000000379, 0000000081, 0000000002, 0000000001, ''),
(0000000379, 0000000081, 0000000002, 0000000002, ''),
(0000000379, 0000000081, 0000000003, 0000000001, ''),
(0000000379, 0000000081, 0000000003, 0000000002, ''),
(0000000379, 0000000082, 0000000001, 0000000001, ''),
(0000000380, 0000000023, 0000000001, 0000000001, ''),
(0000000380, 0000000025, 0000000002, 0000000001, ''),
(0000000380, 0000000025, 0000000002, 0000000002, ''),
(0000000380, 0000000025, 0000000003, 0000000001, 'In this example the field `is_editable` is disabled. Note that links are only shown when not in sorting mode.'),
(0000000380, 0000000025, 0000000003, 0000000002, ''),
(0000000381, 0000000023, 0000000001, 0000000001, ''),
(0000000381, 0000000066, 0000000002, 0000000001, ''),
(0000000381, 0000000066, 0000000002, 0000000002, ''),
(0000000381, 0000000066, 0000000003, 0000000001, '[{\r\n  \"id\": 1,\r\n  \"title\": \"Item 1\"\r\n},{\r\n  \"id\": 2,\r\n  \"title\": \"Item 2\",\r\n  \"url\": \"#\",\r\n  \"css\": \"custom\"\r\n},{\r\n  \"id\": 3,\r\n  \"title\": \"Item 3\"\r\n}]'),
(0000000381, 0000000066, 0000000003, 0000000002, ''),
(0000000381, 0000000078, 0000000001, 0000000001, '0'),
(0000000381, 0000000079, 0000000001, 0000000001, '0'),
(0000000381, 0000000080, 0000000001, 0000000001, ''),
(0000000381, 0000000081, 0000000002, 0000000001, ''),
(0000000381, 0000000081, 0000000002, 0000000002, ''),
(0000000381, 0000000081, 0000000003, 0000000001, ''),
(0000000381, 0000000081, 0000000003, 0000000002, ''),
(0000000381, 0000000082, 0000000001, 0000000001, ''),
(0000000382, 0000000023, 0000000001, 0000000001, ''),
(0000000382, 0000000025, 0000000002, 0000000001, ''),
(0000000382, 0000000025, 0000000002, 0000000002, ''),
(0000000382, 0000000025, 0000000003, 0000000001, 'If the field `url_add` is non-empty, a button is rendered with the label as defined by the field `label_add` (which defaults to the text **Add**) and the link target as defined by the field `url_add`.\r\nNote that the field `is_editable` must be enbled.'),
(0000000382, 0000000025, 0000000003, 0000000002, ''),
(0000000383, 0000000023, 0000000001, 0000000001, ''),
(0000000383, 0000000066, 0000000002, 0000000001, ''),
(0000000383, 0000000066, 0000000002, 0000000002, ''),
(0000000383, 0000000066, 0000000003, 0000000001, '[{\r\n  \"id\": 1,\r\n  \"title\": \"Item 1\"\r\n},{\r\n  \"id\": 2,\r\n  \"title\": \"Item 2\",\r\n  \"url\": \"#\",\r\n  \"css\": \"custom\"\r\n},{\r\n  \"id\": 3,\r\n  \"title\": \"Item 3\"\r\n}]'),
(0000000383, 0000000066, 0000000003, 0000000002, ''),
(0000000383, 0000000078, 0000000001, 0000000001, '0'),
(0000000383, 0000000079, 0000000001, 0000000001, '1'),
(0000000383, 0000000080, 0000000001, 0000000001, ''),
(0000000383, 0000000081, 0000000002, 0000000001, ''),
(0000000383, 0000000081, 0000000002, 0000000002, ''),
(0000000383, 0000000081, 0000000003, 0000000001, ''),
(0000000383, 0000000081, 0000000003, 0000000002, ''),
(0000000383, 0000000082, 0000000001, 0000000001, '#'),
(0000000384, 0000000023, 0000000001, 0000000001, ''),
(0000000384, 0000000025, 0000000002, 0000000001, ''),
(0000000384, 0000000025, 0000000002, 0000000002, ''),
(0000000384, 0000000025, 0000000003, 0000000001, 'If the field `url_del` is non-empty, on each item a delte button is rendered with a link target as defined by the field `url_del`. Note that the field `is_editable` must be enbled.'),
(0000000384, 0000000025, 0000000003, 0000000002, ''),
(0000000385, 0000000023, 0000000001, 0000000001, ''),
(0000000385, 0000000066, 0000000002, 0000000001, ''),
(0000000385, 0000000066, 0000000002, 0000000002, ''),
(0000000385, 0000000066, 0000000003, 0000000001, '[{\r\n  \"id\": 1,\r\n  \"title\": \"Item 1\"\r\n},{\r\n  \"id\": 2,\r\n  \"title\": \"Item 2\",\r\n  \"url\": \"#\",\r\n  \"css\": \"custom\"\r\n},{\r\n  \"id\": 3,\r\n  \"title\": \"Item 3\"\r\n}]'),
(0000000385, 0000000066, 0000000003, 0000000002, ''),
(0000000385, 0000000078, 0000000001, 0000000001, '0'),
(0000000385, 0000000079, 0000000001, 0000000001, '1'),
(0000000385, 0000000080, 0000000001, 0000000001, '#'),
(0000000385, 0000000081, 0000000002, 0000000001, ''),
(0000000385, 0000000081, 0000000002, 0000000002, ''),
(0000000385, 0000000081, 0000000003, 0000000001, ''),
(0000000385, 0000000081, 0000000003, 0000000002, ''),
(0000000385, 0000000082, 0000000001, 0000000001, ''),
(0000000386, 0000000008, 0000000002, 0000000001, 'Zum Login'),
(0000000386, 0000000008, 0000000002, 0000000002, ''),
(0000000386, 0000000008, 0000000003, 0000000001, 'To Login'),
(0000000386, 0000000008, 0000000003, 0000000002, ''),
(0000000386, 0000000023, 0000000001, 0000000001, ''),
(0000000386, 0000000027, 0000000001, 0000000001, '#login'),
(0000000386, 0000000028, 0000000001, 0000000001, 'primary'),
(0000000387, 0000000023, 0000000001, 0000000001, ''),
(0000000387, 0000000025, 0000000002, 0000000001, ''),
(0000000387, 0000000025, 0000000002, 0000000002, ''),
(0000000387, 0000000025, 0000000003, 0000000001, '# SelfHelp WebApp Documentation\r\n\r\nThis demo page serves the purpose of documenting the SelfHelp WebApp.\r\nThe page includes a demonstration of available [styles](https://selfhelp.psy.unibe.ch/demo/styles), provides information about the [server configuration](https://selfhelp.psy.unibe.ch/demo/configs), and gives some hints as to how the app can be [extended programatically](https://selfhelp.psy.unibe.ch/demo/extend).\r\n\r\nThe complete documentation of the source code is accessible [here](https://selfhelp.psy.unibe.ch/demo/doc/doxygen/html/index.html).'),
(0000000387, 0000000025, 0000000003, 0000000002, ''),
(0000000388, 0000000023, 0000000001, 0000000001, 'my-3'),
(0000000389, 0000000023, 0000000001, 0000000001, 'my-3'),
(0000000389, 0000000029, 0000000001, 0000000001, '0'),
(0000000390, 0000000023, 0000000001, 0000000001, ''),
(0000000391, 0000000023, 0000000001, 0000000001, ''),
(0000000391, 0000000025, 0000000002, 0000000001, ''),
(0000000391, 0000000025, 0000000002, 0000000002, ''),
(0000000391, 0000000025, 0000000003, 0000000001, '# Server Configuration\r\n\r\nTo configure some aspects of the server or create a new experiment the following documents might be of service.'),
(0000000391, 0000000025, 0000000003, 0000000002, ''),
(0000000392, 0000000023, 0000000001, 0000000001, 'my-3'),
(0000000392, 0000000029, 0000000001, 0000000001, '0'),
(0000000393, 0000000023, 0000000001, 0000000001, ''),
(0000000394, 0000000023, 0000000001, 0000000001, ''),
(0000000394, 0000000025, 0000000002, 0000000001, ''),
(0000000394, 0000000025, 0000000002, 0000000002, ''),
(0000000394, 0000000025, 0000000003, 0000000001, '# Extending the Code\r\n\r\nThe app is designed in such a way that it can be extended with new styles or custom components without having to modify existing code. '),
(0000000394, 0000000025, 0000000003, 0000000002, ''),
(0000000396, 0000000023, 0000000001, 0000000001, ''),
(0000000396, 0000000025, 0000000002, 0000000001, ''),
(0000000396, 0000000025, 0000000002, 0000000002, ''),
(0000000396, 0000000025, 0000000003, 0000000001, 'If the provided styles are not sufficient for your needs it is rather simple to create your own style. To create a new style carfully follow the steps listed below. Lets assume that the new style is called `myStyle`:\r\n\r\n##### 1. Create the Style Folder\r\nMake sure to create the new folder in the path `server/component/style/` and also make sure to give the new folder the name of the style:\r\n```\r\nmkdir sever/component/style/myStyle\r\n```\r\n##### 2. Create the Style Classes\r\nA style which is only used to represent simple data (no json) and has no input form fields only requires a view class. Such a simple style uses a generic model and component class and has no need for a controller class.\r\n\r\nThe view class must be defined in a seperate file which must be placed in the style folder. Make sure that the class file uses the name of the style (with a capital first letter), postfixed with `View.php`:\r\n```\r\ntouch server/component/style/myStyle/MyStyleView.php\r\n```\r\nIt is recommended to use an already existing style view class (e.g. `server/component/style/button/ButtonView.php`) and change it according to your needs.\r\n\r\nIt is a good practice to seperate `html` and `php` as much as possible.\r\nTherefore, all existing views use seperate \"template\" files (files that are prefixed with `tpl_`) which contain pure html structures, enriched with simple php echo statements or simple php function calls.\r\nIt is certainly possible to output html directly from php but such code is getting very hard to read and maintain very quickly.\r\n\r\nIf your style is more complex (i.e. some complex data manipulation or handling of user input) you will also need to create a component, a model, and a controller class:\r\n```\r\ntouch server/component/style/myStyle/MyStyleComponent.php\r\ntouch server/component/style/myStyle/MyStyleController.php\r\ntouch server/component/style/myStyle/MyStyleModel.php\r\n```\r\nAs an inspiration refer to the user validation style located in `server/component/style/validate/` and fimiliarize yourselv with the [Model-View-Controller (MVC)](https://en.wikipedia.org/wiki/Model%E2%80%93view%E2%80%93controller) concept.\r\n\r\n##### 3. Add the Style to the Database\r\nFor being able to access the style `myStyle` from the CMS it has to be added to the database. This can be done with a simple query (in phpmyadmin or via command line):\r\n```\r\nINSERT INTO `styles` (`name`, `id_type`) VALUES (\'myStyle\', \'1\');\r\n```\r\nIf the style only provides a view class set the column `id_type` to \'1\'.\r\nIf the style provides its own component class set the column `id_type` to \'2\'.\r\n\r\n##### 4. Create new Style Fields in the Database\r\nThere are already several fields defined and it is always a good thing to consider reusing an already existing field instead of creating a new one. However, if none of the fields match your needs a new field has to be created:\r\n```\r\nINSERT INTO `fields` (`name`, `id_type`, `display`) VALUES (\'myField\', \'3\', \'1\');\r\n```\r\nThe column `id_type` is a foreign key of the table `fieldType` and must, therefore, match one of the existing types.\r\nThe column `display` is a flag that is either set to `1` or `0`.\r\nIf set to \'1\', the CMS will render a form field for every available language and gender for this field. If set to \'0\' the CMS from will only render one form field.\r\n\r\n##### 5. Associate Style Fields with the Style in the Database\r\nFinally, fields have to be associated to the new style:\r\n```\r\nINSERT INTO `styles_fields` (`id_styles`, `id_fields`) VALUES (\'id_style\', \'id_field_1\'), (\'id_style\', \'id_field_2\'), ...,  (\'id_style\', \'id_field_n\');\r\n```\r\nThe column `id_styles` must be set to the id of the newly created style and the column `id_fields` to the id of the field wich will be associated with the new style.'),
(0000000396, 0000000025, 0000000003, 0000000002, ''),
(0000000398, 0000000023, 0000000001, 0000000001, ''),
(0000000398, 0000000025, 0000000002, 0000000001, ''),
(0000000398, 0000000025, 0000000002, 0000000002, ''),
(0000000398, 0000000025, 0000000003, 0000000001, 'Conceptually, the app consists of the following elements:\r\n\r\n- `section`: A section is a piece of content that will be rendered to a page. A page can consist of a single section or can be composed of multiple sections. A section is always associated with a `style`.\r\n- `style`: A style defines the apperance of a section and specifies the type of content that can be assigned to a section. The content is specified through `fields`.\r\n- `field`: A field defines a specific bit of content that will be rendered within a section. Each style has a set of fields and the style template defines where these fields will be rendered. However, given that multiple sections can have the same styles, while the type of a field remains always the same, the content is specific for each section.\r\n- `component`: To seperate concerns the [Model-View-Controller (MVC)](https://en.wikipedia.org/wiki/Model%E2%80%93view%E2%80%93controller) pattern is used. In order to simplify the handling of this pattern components are introduced: A component combines a model, a view, and a controller into one class which allows to encapsulate the MVC pattern without losing the aspect of seperation. Every style is a component but a component must not necessarily be a style.\r\n- `page`: A page is the root element that is requested by the browser when connecting to a specific url. This means that a page is always associated to a unique `url` and has a unique name (called `keyword`).\r\nSeveral types of pages exist:\r\n  - **Section Page**: A section page is the most common type page. It is a collection of sections that are rendered one below the other.\r\nThe content of section pages can be modified in the CMS.\r\n  - **Navigation Page**: A navigation page is a special type of section page where only one section is rendered at a time.\r\nA set of root sections, or navigation sections, is assigned to a navigation page.\r\nAn id that is postfixed to the url indicates which section is rendered.\r\n  - **Component Page**: A component page renders one single custom component.\r\nThe name of the component to render is matched by the keyword of the page.\r\n  - **Custom Page**: A custom page renders whatever is defined by a function with the name `create_\'page_keyword\'_page()` where `\'page_keyword\'` is the keyword of the page.\r\nThis function must be defined in `index.php`.\r\n- `service`: A service is a collection of funntionality that allows to manipulate certain aspects of the application. This includes a handler for database access, user permissions, link generation, user input, content parsing, etc.'),
(0000000398, 0000000025, 0000000003, 0000000002, ''),
(0000000400, 0000000023, 0000000001, 0000000001, ''),
(0000000400, 0000000025, 0000000002, 0000000001, ''),
(0000000400, 0000000025, 0000000002, 0000000002, ''),
(0000000400, 0000000025, 0000000003, 0000000001, 'Each view can be customized by adding a specific css and/or javascript file.\r\nEvery page that makes use of a view where a css or javascript file is specified automatically adds these files to the html header.\r\nThis is accomplished by overwriting the methods [`BaseView::get_css_inludes`](https://selfhelp.psy.unibe.ch/demo/doc/doxygen/html/classBaseView.html#a26d6d3eaea3a57fc702a95474c7230cb) and [`BaseView::get_js_inludes`](https://selfhelp.psy.unibe.ch/demo/doc/doxygen/html/classBaseView.html#a0272ac3735f12152a79db2f44f0b2cf6), respecively.\r\n\r\nFor example, to add a css file `myStyle.css` to the view of style `myStyle`, one would add the following lines to the class `MyStyleView`:\r\n```php\r\npublic function get_css_includes($local = array())\r\n{\r\n    $local = array(__DIR__ . \"/myStyle.css\");\r\n    return parent::get_css_includes($local);\r\n}\r\n```\r\n\r\nTo add a javascript file `myStyle.js` to the view of style `myStyle`, one would add the following lines to the class `MyStyleView`:\r\n```php\r\npublic function get_js_includes($local = array())\r\n{\r\n    $local = array(__DIR__ . \"/myStyle.js\");\r\n    return parent::get_js_includes($local);\r\n}\r\n```'),
(0000000400, 0000000025, 0000000003, 0000000002, ''),
(0000000402, 0000000023, 0000000001, 0000000001, ''),
(0000000402, 0000000025, 0000000002, 0000000001, ''),
(0000000402, 0000000025, 0000000002, 0000000002, ''),
(0000000402, 0000000025, 0000000003, 0000000001, 'Working only with styles can be rather limiting, depending on what you want to achieve.\r\nThe problem with styles is that they have a rigid interaction with fields.\r\nThis can be somewhat circumvented by using a field of type `json` which allows to specify complex data structures.\r\nDoing this, however, increases the complexity for the person filling in the content.\r\n\r\nIf database interaction must be implemented that exeeds the capability of fields there is the possibility to create a component which is not a style.\r\nWith such a component the interaction with the database can be fully customised and is not limited by style fields.\r\nHowever, there is a drawback:\r\nThe content of such components cannot be managed by the CMS.\r\n\r\nTo create a custom component the following steps must be followed. Lets assume that the new component is called `myComponent`.\r\n\r\n##### 1. Create the Component Folder\r\nMake sure to create the new folder in the path `server/component/ and also make sure to give the new folder the name of the component:\r\n\r\n```\r\nmkdir sever/component/myComponent\r\n```\r\n\r\n##### 2. Create the Component Classes\r\nThe only class that is required is the component class.\r\nHowever it is recommended to stick to the MCV pattern for reasons of separation of concerns and reusage of code.\r\n\r\nThe component class must be defined in a seperate file which must be placed in the component folder. Make sure that the class file uses the name of the component (with a capital first letter), postfixed with `Component.php`:\r\n\r\n```\r\ntouch server/component/myComponent/MyComponentComponent.php\r\n```\r\n\r\n##### 3. Create a Component Page\r\nFinally a page needs to be created which will render `myComponent`.\r\nIn the CMS create a new page of type **Component** and name it `myComponent`.\r\nFor being able to select the page type **Component** the checkbox **Advanced** must be enabled.'),
(0000000402, 0000000025, 0000000003, 0000000002, ''),
(0000000404, 0000000023, 0000000001, 0000000001, ''),
(0000000404, 0000000025, 0000000002, 0000000001, ''),
(0000000404, 0000000025, 0000000002, 0000000002, ''),
(0000000404, 0000000025, 0000000003, 0000000001, 'If working with components still is too limiting a custom page can be created.\r\nThis might be needed if the browser must serve something else than html (e.g. a generated csv file).\r\nIn such cases a custom header must be created which interferes with the provided functionality to create html pages.\r\n\r\nThe solution is to create a new page of type **Custom**.\r\nThis can be done via the CMS when enabling the checkbox **Advanced**.\r\nA custom page expects a function with the name `create_\'page_keyword\'_page` where `\'page_keyword\'` is the keyword of the custom page.\r\nThis function must be defined in the file `index.php`.\r\nThe function receives the following parameters:\r\n - `$router`: The router instance which is used to generate valid links (see class [Router](https://selfhelp.psy.unibe.ch/demo/doc/doxygen/html/classRouter.html)).\r\n - `$db`: The instance of the database handler which grants access to the DB and provides useful methods to access data (see class [PageDb](https://selfhelp.psy.unibe.ch/demo/doc/doxygen/html/classPageDb.html)).\r\n - any number of get parameters as defined by the url pattern (refer to the documentation of [Altorouter](http://altorouter.com/) for an overview of available options).\r\n\r\nTo keep things ordered, this function should create an instance of a new custom page class.\r\nPage classes are stored in the path `server/page` and it is recommended to create the new page class in this folder.'),
(0000000404, 0000000025, 0000000003, 0000000002, ''),
(0000000405, 0000000023, 0000000001, 0000000001, ''),
(0000000405, 0000000025, 0000000002, 0000000001, '![Logo University of Bern](logo/Unibe_Logo_16pt_RGB_201807.png:250x:float-left,border-0,mr-5 \"Logo University of Bern\")\r\n\r\n**Universität Bern**  \r\n**Philosophisch-humanwissenschaftliche Fakultät**\r\n\r\nFabrikstrasse 8  \r\n3012 Bern\r\n\r\nTelefon: +41 31 631 55 11\r\n\r\n**Entwicklung:** [Technologieplatform (TPF)](http://www.philhum.unibe.ch/forschung/tpf/index_ger.html)'),
(0000000405, 0000000025, 0000000002, 0000000002, ''),
(0000000405, 0000000025, 0000000003, 0000000001, '![Logo University of Bern](logo/Unibe_Logo_16pt_RGB_201807.png:250x:float-left,border-0,mr-5 \"Logo University of Bern\")\r\n\r\n**University of Bern**  \r\n**Faculty of Human Sciences**\r\n\r\nFabrikstrasse 8  \r\n3012 Bern\r\n\r\nPhone: +41 31 631 55 11\r\n\r\n**Development:** [Technologieplatform (TPF)](http://www.philhum.unibe.ch/forschung/tpf/index_ger.html)'),
(0000000405, 0000000025, 0000000003, 0000000002, ''),
(0000000406, 0000000023, 0000000001, 0000000001, ''),
(0000000407, 0000000021, 0000000001, 0000000001, '1'),
(0000000407, 0000000022, 0000000002, 0000000001, ''),
(0000000407, 0000000022, 0000000002, 0000000002, ''),
(0000000407, 0000000022, 0000000003, 0000000001, 'Impressum'),
(0000000407, 0000000022, 0000000003, 0000000002, ''),
(0000000407, 0000000023, 0000000001, 0000000001, ''),
(0000000408, 0000000022, 0000000002, 0000000001, ''),
(0000000408, 0000000022, 0000000002, 0000000002, ''),
(0000000408, 0000000022, 0000000003, 0000000001, ''),
(0000000408, 0000000022, 0000000003, 0000000002, ''),
(0000000408, 0000000023, 0000000001, 0000000001, ''),
(0000000408, 0000000028, 0000000001, 0000000001, 'light'),
(0000000408, 0000000046, 0000000001, 0000000001, '0'),
(0000000408, 0000000047, 0000000001, 0000000001, '0'),
(0000000408, 0000000048, 0000000001, 0000000001, ''),
(0000000409, 0000000022, 0000000002, 0000000001, ''),
(0000000409, 0000000022, 0000000002, 0000000002, ''),
(0000000409, 0000000022, 0000000003, 0000000001, ''),
(0000000409, 0000000022, 0000000003, 0000000002, ''),
(0000000409, 0000000023, 0000000001, 0000000001, ''),
(0000000409, 0000000028, 0000000001, 0000000001, 'light'),
(0000000409, 0000000046, 0000000001, 0000000001, '0'),
(0000000409, 0000000047, 0000000001, 0000000001, '0'),
(0000000409, 0000000048, 0000000001, 0000000001, ''),
(0000000411, 0000000023, 0000000001, 0000000001, ''),
(0000000411, 0000000025, 0000000002, 0000000001, ''),
(0000000411, 0000000025, 0000000002, 0000000002, ''),
(0000000411, 0000000025, 0000000003, 0000000001, 'A page with support for user input stores all data that was submitted by a user via html forms in the database. This data can be downloaded from the database via the export page in the admin menu.\r\n\r\nThe WebApp provides no predefined components or styles to evaluate and display this data because this heavly depends on the experiment. It is, however not very difficult to build a style or component which handles the evaluation of user input data.\r\n\r\nTo access the data stored in the database the `UserInput` service is provided. This service provides a small set of functions that allow to access and filter the user input data. Please refer to the documentation of the source code of the class [`UserInput`](https://selfhelp.psy.unibe.ch/demo/doc/doxygen/html/classUserInput.html) for more details.'),
(0000000411, 0000000025, 0000000003, 0000000002, ''),
(0000000412, 0000000003, 0000000002, 0000000001, 'Zum Login'),
(0000000412, 0000000003, 0000000003, 0000000001, 'To Login'),
(0000000412, 0000000004, 0000000002, 0000000001, 'Passwort zurücksetzen'),
(0000000412, 0000000004, 0000000003, 0000000001, 'Reset Password'),
(0000000412, 0000000005, 0000000002, 0000000001, 'Aktivierungs Email konnte nicht versendet werden.'),
(0000000412, 0000000005, 0000000003, 0000000001, 'Activation email could not be sent.'),
(0000000412, 0000000025, 0000000002, 0000000001, '# Passwort Zurücksetzen\r\n\r\nHier können sie Ihr Passwort zurücksetzen.\r\nBitte geben sie Ihre Email Adresse ein mit welcher sie bei @project registriert sind.\r\nSie werden eine Email erhalten mit einem neuen Aktivierungslink um Ihr Passwort zurück zu setzen.'),
(0000000412, 0000000025, 0000000003, 0000000001, '# Reset Password\r\n\r\nThis page allows you to reset your password.\r\nPlease enter the email address with which you are registered on @project.\r\nYou will receive an email with a new activation link which will allow you to reset the password.'),
(0000000412, 0000000035, 0000000002, 0000000001, 'Die Aktivierungs Email wurde versendet. Klicken sie auf den Aktivierungslink um Ihr Passwort zurück zu setzen.'),
(0000000412, 0000000035, 0000000003, 0000000001, 'The activation mail was sent. Click the activation link to rest your password.'),
(0000000412, 0000000044, 0000000002, 0000000001, 'Email versendet'),
(0000000412, 0000000044, 0000000003, 0000000001, 'Email Sent'),
(0000000412, 0000000055, 0000000002, 0000000001, 'Bitte Email eingeben'),
(0000000412, 0000000055, 0000000003, 0000000001, 'Please Enter Email'),
(0000000413, 0000000022, 0000000002, 0000000001, ''),
(0000000413, 0000000022, 0000000002, 0000000002, ''),
(0000000413, 0000000022, 0000000003, 0000000001, ''),
(0000000413, 0000000022, 0000000003, 0000000002, ''),
(0000000413, 0000000023, 0000000001, 0000000001, ''),
(0000000413, 0000000028, 0000000001, 0000000001, 'light'),
(0000000413, 0000000046, 0000000001, 0000000001, '0'),
(0000000413, 0000000047, 0000000001, 0000000001, '0'),
(0000000413, 0000000048, 0000000001, 0000000001, ''),
(0000000414, 0000000023, 0000000001, 0000000001, ''),
(0000000414, 0000000025, 0000000002, 0000000001, ''),
(0000000414, 0000000025, 0000000002, 0000000002, ''),
(0000000414, 0000000025, 0000000003, 0000000001, '| Frameworks & Libararies                                    | Version | License | Comments |\r\n|-|-|-|-|\r\n| [Altorouter](http://altorouter.com/)                       | 1.2.0 | [MIT](https://tldrlegal.com/license/mit-license) | [License Details](http://altorouter.com/license.html) |\r\n| [Autogrow](https://github.com/ro31337/jquery.ns-autogrow)  | 1.1.6 | [MIT](https://tldrlegal.com/license/mit-license) | |\r\n| [Bootstrap](https://getbootstrap.com/)                     | 4.1.3 | [MIT](https://tldrlegal.com/license/mit-license) | [Browser Support](https://getbootstrap.com/docs/4.0/getting-started/browsers-devices/), [License Details](https://getbootstrap.com/docs/4.1/about/license/) |\r\n| [Font Awesome](https://fontawesome.com/)                   | 5.2.0 | Code: [MIT](https://tldrlegal.com/license/mit-license), Icons: [CC](https://creativecommons.org/licenses/by/4.0/), Fonts: [OFL](https://scripts.sil.org/cms/scripts/page.php?site_id=nrsi&id=OFL) | [Browser Support](https://fontawesome.com/how-to-use/on-the-web/other-topics/browser-support), [License Details](https://fontawesome.com/license/free) |\r\n| [GUMP](https://github.com/Wixel/GUMP.git)                  | 1.5.6 | [MIT](https://tldrlegal.com/license/mit-license) | |\r\n| [jQuery](https://jquery.com/)                              | 3.3.1 | [MIT](https://tldrlegal.com/license/mit-license) | [Browser Support](https://jquery.com/browser-support/), [License Details](https://jquery.org/license/) |\r\n| [Parsedown](https://github.com/erusev/parsedown)           | 1.7.1 | [MIT](https://tldrlegal.com/license/mit-license) | |\r\n| [Sortable](https://rubaxa.github.io/Sortable/)             | 1.7.0 | [MIT](https://tldrlegal.com/license/mit-license) | |'),
(0000000414, 0000000025, 0000000003, 0000000002, ''),
(0000000415, 0000000029, 0000000001, 0000000001, '1'),
(0000000415, 0000000031, 0000000003, 0000000001, ''),
(0000000415, 0000000046, 0000000001, 0000000001, '0'),
(0000000415, 0000000047, 0000000001, 0000000001, '0'),
(0000000415, 0000000073, 0000000003, 0000000001, 'Back'),
(0000000415, 0000000074, 0000000003, 0000000001, 'Next'),
(0000000415, 0000000075, 0000000001, 0000000001, '1'),
(0000000415, 0000000077, 0000000003, 0000000001, ''),
(0000000416, 0000000022, 0000000003, 0000000001, 'The Concept Behind the Code'),
(0000000416, 0000000023, 0000000001, 0000000001, ''),
(0000000416, 0000000025, 0000000003, 0000000001, '# @title'),
(0000000417, 0000000022, 0000000003, 0000000001, 'Evaluate User Input'),
(0000000417, 0000000023, 0000000001, 0000000001, ''),
(0000000417, 0000000025, 0000000003, 0000000001, '# @title'),
(0000000418, 0000000022, 0000000003, 0000000001, 'Add a new Style'),
(0000000418, 0000000023, 0000000001, 0000000001, ''),
(0000000418, 0000000025, 0000000003, 0000000001, '# @title'),
(0000000419, 0000000022, 0000000003, 0000000001, 'Customize a View'),
(0000000419, 0000000023, 0000000001, 0000000001, ''),
(0000000419, 0000000025, 0000000003, 0000000001, '# @title'),
(0000000420, 0000000022, 0000000003, 0000000001, 'Create a Cutom Component'),
(0000000420, 0000000023, 0000000001, 0000000001, ''),
(0000000420, 0000000025, 0000000003, 0000000001, '# @title'),
(0000000421, 0000000022, 0000000003, 0000000001, 'Create a Custom Page'),
(0000000421, 0000000023, 0000000001, 0000000001, ''),
(0000000421, 0000000025, 0000000003, 0000000001, '# @title'),
(0000000422, 0000000023, 0000000001, 0000000001, ''),
(0000000422, 0000000031, 0000000003, 0000000001, ''),
(0000000422, 0000000046, 0000000001, 0000000001, '0'),
(0000000422, 0000000047, 0000000001, 0000000001, '0'),
(0000000422, 0000000066, 0000000003, 0000000001, '{\r\n   \"nav_page\": \"extend_item\"\r\n}'),
(0000000422, 0000000077, 0000000003, 0000000001, ''),
(0000000422, 0000000083, 0000000001, 0000000001, ''),
(0000000422, 0000000084, 0000000001, 0000000001, '0'),
(0000000423, 0000000022, 0000000003, 0000000001, ''),
(0000000423, 0000000023, 0000000001, 0000000001, ''),
(0000000423, 0000000028, 0000000001, 0000000001, 'light'),
(0000000423, 0000000046, 0000000001, 0000000001, '0'),
(0000000423, 0000000047, 0000000001, 0000000001, '0'),
(0000000423, 0000000048, 0000000001, 0000000001, ''),
(0000000424, 0000000022, 0000000003, 0000000001, ''),
(0000000424, 0000000023, 0000000001, 0000000001, ''),
(0000000424, 0000000028, 0000000001, 0000000001, 'light'),
(0000000424, 0000000046, 0000000001, 0000000001, '0'),
(0000000424, 0000000047, 0000000001, 0000000001, '0'),
(0000000424, 0000000048, 0000000001, 0000000001, ''),
(0000000425, 0000000023, 0000000001, 0000000001, ''),
(0000000425, 0000000025, 0000000003, 0000000001, '- [Apache Configuration](https://selfhelp.psy.unibe.ch/demo/config/config-apache)\r\n- [Database Configuration](https://selfhelp.psy.unibe.ch/demo/config/config-db)\r\n- [Mail Configuration](https://selfhelp.psy.unibe.ch/demo/config/config-mail)\r\n- [Create New Experiment](https://selfhelp.psy.unibe.ch/demo/config/new-experiment)\r\n- [Server Users](https://selfhelp.psy.unibe.ch/demo/config/users)'),
(0000000426, 0000000023, 0000000001, 0000000001, ''),
(0000000426, 0000000031, 0000000003, 0000000001, ''),
(0000000426, 0000000046, 0000000001, 0000000001, '0'),
(0000000426, 0000000047, 0000000001, 0000000001, '0'),
(0000000426, 0000000066, 0000000003, 0000000001, '[{\r\n\"id\": 1,\r\n\"title\": \"Apache Configuration\",\r\n\"url\": \"https://selfhelp.psy.unibe.ch/demo/config/config-apache\"\r\n},{\r\n\"id\": 2,\r\n\"title\": \"Database Configuration\",\r\n\"url\": \"https://selfhelp.psy.unibe.ch/demo/config/config-db\"\r\n},{\r\n\"id\": 3,\r\n\"title\": \"Mail Configuration\",\r\n\"url\": \"https://selfhelp.psy.unibe.ch/demo/config/config-mail\"\r\n},{\r\n\"id\": 4,\r\n\"title\": \"Create New Experiment\",\r\n\"url\": \"https://selfhelp.psy.unibe.ch/demo/config/new-experiment\"\r\n},{\r\n\"id\": 5,\r\n\"title\": \"Server Users\",\r\n\"url\": \"https://selfhelp.psy.unibe.ch/demo/config/users\"\r\n}]'),
(0000000426, 0000000077, 0000000003, 0000000001, ''),
(0000000426, 0000000083, 0000000001, 0000000001, ''),
(0000000426, 0000000084, 0000000001, 0000000001, '0'),
(0000000427, 0000000022, 0000000003, 0000000001, 'Navigation Lists'),
(0000000427, 0000000023, 0000000001, 0000000001, ''),
(0000000427, 0000000028, 0000000001, 0000000001, 'light'),
(0000000427, 0000000046, 0000000001, 0000000001, '0'),
(0000000427, 0000000047, 0000000001, 0000000001, '0'),
(0000000427, 0000000048, 0000000001, 0000000001, ''),
(0000000428, 0000000023, 0000000001, 0000000001, ''),
(0000000428, 0000000025, 0000000003, 0000000001, 'The style `accordionList` and `nestedList` can be used to represent the navigation hierarchy of a navigation page. To do this it is sufficient to set the field `items` to the following json string:\r\n\r\n```\r\n{ \"nav_page\": \"__page_keyword__\" }\r\n```\r\n\r\nwhere `__page_keyword__` is the keyword of a navigation page.'),
(0000000429, 0000000022, 0000000003, 0000000001, 'Responsiveness of Nested Lists'),
(0000000429, 0000000023, 0000000001, 0000000001, ''),
(0000000429, 0000000028, 0000000001, 0000000001, 'light'),
(0000000429, 0000000046, 0000000001, 0000000001, '0'),
(0000000429, 0000000047, 0000000001, 0000000001, '0'),
(0000000429, 0000000048, 0000000001, 0000000001, ''),
(0000000430, 0000000023, 0000000001, 0000000001, ''),
(0000000430, 0000000025, 0000000003, 0000000001, 'To make this style responsive the field `title_prefix` can be used. If this is set to something else than the empty string the list will be collapsed on smaller screens and this string will be prefixed to the selected item.'),
(0000000431, 0000000023, 0000000001, 0000000001, ''),
(0000000431, 0000000031, 0000000003, 0000000001, 'Responsive'),
(0000000431, 0000000046, 0000000001, 0000000001, '0'),
(0000000431, 0000000047, 0000000001, 0000000001, '0'),
(0000000431, 0000000066, 0000000003, 0000000001, '[{\r\n  \"id\": 1,\r\n  \"title\": \"Item1\",\r\n  \"url\": \"#\",\r\n  \"children\": [{\r\n      \"id\": 2,\r\n      \"title\": \"Item1.1\"\r\n    },\r\n    {\r\n      \"id\": 3,\r\n      \"title\": \"Item1.2\",\r\n      \"children\": [{\r\n          \"id\": 4,\r\n          \"title\": \"Item1.2.1\",\r\n          \"url\": \"#\"\r\n        }]\r\n    }]\r\n},\r\n{\r\n  \"id\": 5,\r\n  \"title\": \"Item2\",\r\n  \"url\": \"#\",\r\n  \"children\": [{\r\n       \"id\": 5,\r\n       \"title\": \"Item2.1\"\r\n    }]\r\n},\r\n{\r\n  \"id\": 6,\r\n  \"title\": \"Item3\",\r\n  \"children\": [{\r\n       \"id\": 7,\r\n       \"title\": \"Item3.1\",\r\n       \"url\": \"#\"\r\n    }]\r\n}]'),
(0000000431, 0000000077, 0000000003, 0000000001, ''),
(0000000431, 0000000083, 0000000001, 0000000001, 'responsive'),
(0000000431, 0000000084, 0000000001, 0000000001, '0');

-- --------------------------------------------------------

--
-- Table structure for table `sections_hierarchy`
--

CREATE TABLE `sections_hierarchy` (
  `parent` int(10) UNSIGNED ZEROFILL NOT NULL,
  `child` int(10) UNSIGNED ZEROFILL NOT NULL,
  `position` int(11) DEFAULT NULL
) ENGINE=InnoDB DEFAULT CHARSET=utf8;

--
-- Dumping data for table `sections_hierarchy`
--

INSERT INTO `sections_hierarchy` (`parent`, `child`, `position`) VALUES
(0000000001, 0000000008, 10),
(0000000001, 0000000348, 0),
(0000000003, 0000000004, NULL),
(0000000004, 0000000005, 0),
(0000000004, 0000000006, 10),
(0000000004, 0000000007, 20),
(0000000004, 0000000008, 30),
(0000000009, 0000000010, 0),
(0000000010, 0000000007, 20),
(0000000010, 0000000008, 30),
(0000000010, 0000000011, 0),
(0000000010, 0000000015, 10),
(0000000012, 0000000013, 0),
(0000000013, 0000000007, 20),
(0000000013, 0000000011, 0),
(0000000013, 0000000014, 10),
(0000000013, 0000000386, 30),
(0000000017, 0000000025, 10),
(0000000019, 0000000388, 10),
(0000000020, 0000000406, 0),
(0000000020, 0000000408, 20),
(0000000020, 0000000413, 30),
(0000000021, 0000000022, 0),
(0000000022, 0000000007, 20),
(0000000022, 0000000008, 30),
(0000000022, 0000000023, 0),
(0000000022, 0000000024, 10),
(0000000179, 0000000189, 10),
(0000000179, 0000000190, 20),
(0000000179, 0000000226, 0),
(0000000180, 0000000188, 0),
(0000000181, 0000000188, 0),
(0000000182, 0000000188, 0),
(0000000183, 0000000188, 0),
(0000000184, 0000000188, 0),
(0000000185, 0000000188, 0),
(0000000186, 0000000188, 0),
(0000000187, 0000000188, 0),
(0000000189, 0000000180, 10),
(0000000189, 0000000181, 20),
(0000000189, 0000000182, 30),
(0000000189, 0000000183, 40),
(0000000189, 0000000184, 50),
(0000000189, 0000000185, 60),
(0000000189, 0000000186, 70),
(0000000189, 0000000187, 80),
(0000000189, 0000000225, 0),
(0000000190, 0000000191, 10),
(0000000190, 0000000227, 0),
(0000000191, 0000000192, 0),
(0000000194, 0000000195, 0),
(0000000195, 0000000196, 10),
(0000000195, 0000000197, 20),
(0000000195, 0000000198, 30),
(0000000195, 0000000199, 40),
(0000000195, 0000000200, 50),
(0000000195, 0000000201, 60),
(0000000195, 0000000202, 70),
(0000000195, 0000000203, 80),
(0000000195, 0000000204, 0),
(0000000205, 0000000206, 20),
(0000000205, 0000000215, 30),
(0000000205, 0000000219, 40),
(0000000205, 0000000338, 0),
(0000000205, 0000000339, 50),
(0000000206, 0000000207, 10),
(0000000206, 0000000208, 20),
(0000000206, 0000000209, 30),
(0000000206, 0000000210, 40),
(0000000206, 0000000211, 50),
(0000000206, 0000000212, 60),
(0000000206, 0000000213, 70),
(0000000206, 0000000214, 80),
(0000000206, 0000000224, 0),
(0000000207, 0000000188, 0),
(0000000208, 0000000188, 0),
(0000000209, 0000000188, 0),
(0000000210, 0000000188, 0),
(0000000211, 0000000188, 0),
(0000000212, 0000000188, 0),
(0000000213, 0000000188, 0),
(0000000214, 0000000188, 0),
(0000000215, 0000000216, 10),
(0000000215, 0000000223, 0),
(0000000216, 0000000188, 0),
(0000000219, 0000000220, 10),
(0000000219, 0000000222, 0),
(0000000220, 0000000188, 0),
(0000000230, 0000000231, 10),
(0000000230, 0000000242, 20),
(0000000230, 0000000245, 0),
(0000000231, 0000000232, 10),
(0000000231, 0000000244, 0),
(0000000232, 0000000233, 0),
(0000000232, 0000000234, 10),
(0000000232, 0000000235, 20),
(0000000232, 0000000236, 30),
(0000000232, 0000000237, 40),
(0000000232, 0000000238, 50),
(0000000232, 0000000239, 60),
(0000000232, 0000000240, 70),
(0000000233, 0000000241, 0),
(0000000234, 0000000188, 0),
(0000000242, 0000000243, 10),
(0000000242, 0000000246, 0),
(0000000247, 0000000251, 30),
(0000000247, 0000000252, 0),
(0000000247, 0000000253, 10),
(0000000247, 0000000255, 20),
(0000000251, 0000000250, 0),
(0000000253, 0000000254, 0),
(0000000255, 0000000256, 0),
(0000000257, 0000000264, 10),
(0000000257, 0000000265, 20),
(0000000257, 0000000266, 0),
(0000000257, 0000000270, 30),
(0000000258, 0000000259, 0),
(0000000259, 0000000188, 0),
(0000000260, 0000000261, 0),
(0000000261, 0000000188, 0),
(0000000262, 0000000263, 10),
(0000000262, 0000000269, 0),
(0000000263, 0000000188, 0),
(0000000264, 0000000258, 10),
(0000000264, 0000000267, 0),
(0000000265, 0000000260, 10),
(0000000265, 0000000268, 0),
(0000000270, 0000000271, 0),
(0000000272, 0000000273, 30),
(0000000272, 0000000274, 20),
(0000000272, 0000000279, 0),
(0000000272, 0000000280, 10),
(0000000273, 0000000275, 10),
(0000000273, 0000000276, 0),
(0000000274, 0000000277, 10),
(0000000274, 0000000278, 0),
(0000000275, 0000000282, 0),
(0000000280, 0000000281, 0),
(0000000280, 0000000282, 10),
(0000000283, 0000000307, 0),
(0000000283, 0000000315, 10),
(0000000283, 0000000342, 20),
(0000000285, 0000000286, 10),
(0000000285, 0000000287, 80),
(0000000285, 0000000288, 30),
(0000000285, 0000000289, 0),
(0000000285, 0000000290, 120),
(0000000285, 0000000291, 40),
(0000000285, 0000000292, 50),
(0000000285, 0000000293, 60),
(0000000285, 0000000294, 70),
(0000000285, 0000000295, 90),
(0000000285, 0000000296, 100),
(0000000285, 0000000297, 110),
(0000000285, 0000000298, 130),
(0000000285, 0000000299, 140),
(0000000285, 0000000300, 20),
(0000000305, 0000000306, 0),
(0000000305, 0000000308, 10),
(0000000315, 0000000316, 10),
(0000000315, 0000000317, 20),
(0000000315, 0000000318, 30),
(0000000315, 0000000319, 40),
(0000000315, 0000000320, 50),
(0000000315, 0000000321, 60),
(0000000315, 0000000322, 70),
(0000000315, 0000000323, 80),
(0000000315, 0000000324, 0),
(0000000325, 0000000285, 10),
(0000000325, 0000000326, 0),
(0000000327, 0000000302, 10),
(0000000327, 0000000303, 0),
(0000000328, 0000000305, 10),
(0000000328, 0000000329, 0),
(0000000328, 0000000330, 20),
(0000000328, 0000000331, 30),
(0000000330, 0000000310, 10),
(0000000330, 0000000332, 0),
(0000000331, 0000000309, 10),
(0000000331, 0000000311, 20),
(0000000331, 0000000333, 0),
(0000000334, 0000000313, 0),
(0000000334, 0000000314, 10),
(0000000335, 0000000336, 0),
(0000000335, 0000000409, 20),
(0000000336, 0000000337, 0),
(0000000339, 0000000340, 0),
(0000000339, 0000000341, 10),
(0000000341, 0000000188, 0),
(0000000342, 0000000343, 0),
(0000000342, 0000000344, 10),
(0000000346, 0000000347, 0),
(0000000346, 0000000427, 10),
(0000000349, 0000000351, 10),
(0000000349, 0000000354, 0),
(0000000352, 0000000349, 10),
(0000000352, 0000000350, 0),
(0000000352, 0000000355, 20),
(0000000352, 0000000358, 30),
(0000000355, 0000000356, 0),
(0000000355, 0000000357, 10),
(0000000358, 0000000359, 0),
(0000000358, 0000000360, 10),
(0000000362, 0000000364, 0),
(0000000362, 0000000365, 10),
(0000000362, 0000000366, 30),
(0000000362, 0000000367, 20),
(0000000362, 0000000429, 40),
(0000000363, 0000000374, 0),
(0000000363, 0000000375, 10),
(0000000363, 0000000376, 20),
(0000000363, 0000000377, 30),
(0000000365, 0000000368, 0),
(0000000365, 0000000371, 10),
(0000000366, 0000000369, 10),
(0000000366, 0000000370, 0),
(0000000367, 0000000372, 0),
(0000000367, 0000000373, 10),
(0000000375, 0000000378, 0),
(0000000375, 0000000379, 10),
(0000000375, 0000000380, 20),
(0000000375, 0000000381, 30),
(0000000376, 0000000382, 0),
(0000000376, 0000000383, 10),
(0000000377, 0000000384, 0),
(0000000377, 0000000385, 10),
(0000000388, 0000000387, 0),
(0000000389, 0000000390, 0),
(0000000389, 0000000424, 10),
(0000000390, 0000000391, 0),
(0000000392, 0000000393, 0),
(0000000392, 0000000423, 80),
(0000000393, 0000000394, 0),
(0000000406, 0000000407, 0),
(0000000408, 0000000405, 0),
(0000000409, 0000000027, 0),
(0000000413, 0000000414, 0),
(0000000416, 0000000398, 0),
(0000000417, 0000000411, 0),
(0000000418, 0000000396, 0),
(0000000419, 0000000400, 0),
(0000000420, 0000000402, 0),
(0000000421, 0000000404, 0),
(0000000423, 0000000422, 0),
(0000000424, 0000000426, 10),
(0000000427, 0000000428, 0),
(0000000429, 0000000430, 0),
(0000000429, 0000000431, 10);

-- --------------------------------------------------------

--
-- Table structure for table `sections_navigation`
--

CREATE TABLE `sections_navigation` (
  `parent` int(10) UNSIGNED ZEROFILL NOT NULL,
  `child` int(10) UNSIGNED ZEROFILL NOT NULL,
  `id_pages` int(10) UNSIGNED ZEROFILL NOT NULL,
  `position` int(11) NOT NULL
) ENGINE=InnoDB DEFAULT CHARSET=utf8;

--
-- Dumping data for table `sections_navigation`
--

INSERT INTO `sections_navigation` (`parent`, `child`, `id_pages`, `position`) VALUES
(0000000029, 0000000179, 0000000036, 0),
(0000000029, 0000000194, 0000000036, 10),
(0000000029, 0000000205, 0000000036, 20),
(0000000029, 0000000230, 0000000036, 70),
(0000000029, 0000000247, 0000000036, 80),
(0000000029, 0000000257, 0000000036, 30),
(0000000029, 0000000262, 0000000036, 50),
(0000000029, 0000000272, 0000000036, 60),
(0000000029, 0000000283, 0000000036, 40),
(0000000029, 0000000346, 0000000036, 90),
(0000000283, 0000000325, 0000000036, 0),
(0000000283, 0000000327, 0000000036, 10),
(0000000283, 0000000328, 0000000036, 20),
(0000000283, 0000000334, 0000000036, 30),
(0000000346, 0000000352, 0000000036, 0),
(0000000346, 0000000362, 0000000036, 10),
(0000000346, 0000000363, 0000000036, 20),
(0000000415, 0000000416, 0000000043, 0),
(0000000415, 0000000417, 0000000043, 10),
(0000000415, 0000000418, 0000000043, 20),
(0000000415, 0000000419, 0000000043, 30),
(0000000415, 0000000420, 0000000043, 40),
(0000000415, 0000000421, 0000000043, 50);

-- --------------------------------------------------------

--
-- Table structure for table `styles`
--

CREATE TABLE `styles` (
  `id` int(10) UNSIGNED ZEROFILL NOT NULL,
  `name` varchar(100) NOT NULL,
  `id_type` int(10) UNSIGNED ZEROFILL NOT NULL DEFAULT '0000000001',
  `intern` tinyint(1) NOT NULL DEFAULT '0'
) ENGINE=InnoDB DEFAULT CHARSET=utf8;

--
-- Dumping data for table `styles`
--

INSERT INTO `styles` (`id`, `name`, `id_type`, `intern`) VALUES
(0000000001, 'login', 0000000002, 1),
(0000000002, 'profile', 0000000002, 1),
(0000000003, 'container', 0000000001, 0),
(0000000004, 'jumbotron', 0000000001, 0),
(0000000005, 'heading', 0000000001, 0),
(0000000006, 'markdown', 0000000001, 0),
(0000000007, 'markdownInline', 0000000001, 0),
(0000000008, 'button', 0000000001, 0),
(0000000009, 'validate', 0000000002, 1),
(0000000010, 'chat', 0000000002, 1),
(0000000011, 'alert', 0000000001, 0),
(0000000012, 'card', 0000000001, 0),
(0000000013, 'figure', 0000000001, 0),
(0000000014, 'form', 0000000001, 0),
(0000000015, 'image', 0000000001, 0),
(0000000016, 'input', 0000000001, 0),
(0000000017, 'plaintext', 0000000001, 0),
(0000000018, 'link', 0000000001, 0),
(0000000019, 'progressBar', 0000000001, 0),
(0000000020, 'quiz', 0000000001, 0),
(0000000021, 'rawText', 0000000001, 0),
(0000000022, 'select', 0000000001, 0),
(0000000023, 'slider', 0000000001, 0),
(0000000024, 'tab', 0000000001, 0),
(0000000025, 'tabs', 0000000001, 0),
(0000000026, 'textarea', 0000000001, 0),
(0000000027, 'video', 0000000001, 0),
(0000000028, 'accordionList', 0000000002, 0),
(0000000030, 'navigationContainer', 0000000001, 0),
(0000000031, 'navigationAccordion', 0000000003, 0),
(0000000032, 'nestedList', 0000000002, 0),
(0000000033, 'navigationNested', 0000000003, 0),
(0000000034, 'sortableList', 0000000001, 0),
(0000000035, 'resetPassword', 0000000002, 0);

-- --------------------------------------------------------

--
-- Table structure for table `styles_fields`
--

CREATE TABLE `styles_fields` (
  `id_styles` int(10) UNSIGNED ZEROFILL NOT NULL,
  `id_fields` int(10) UNSIGNED ZEROFILL NOT NULL
) ENGINE=InnoDB DEFAULT CHARSET=utf8;

--
-- Dumping data for table `styles_fields`
--

INSERT INTO `styles_fields` (`id_styles`, `id_fields`) VALUES
(0000000001, 0000000001),
(0000000001, 0000000002),
(0000000001, 0000000003),
(0000000001, 0000000004),
(0000000001, 0000000005),
(0000000001, 0000000006),
(0000000001, 0000000007),
(0000000003, 0000000006),
(0000000003, 0000000029),
(0000000004, 0000000006),
(0000000005, 0000000021),
(0000000005, 0000000022),
(0000000006, 0000000025),
(0000000007, 0000000026),
(0000000008, 0000000008),
(0000000008, 0000000027),
(0000000008, 0000000028),
(0000000009, 0000000002),
(0000000009, 0000000003),
(0000000009, 0000000005),
(0000000009, 0000000009),
(0000000009, 0000000022),
(0000000009, 0000000034),
(0000000009, 0000000035),
(0000000009, 0000000036),
(0000000009, 0000000037),
(0000000009, 0000000038),
(0000000009, 0000000039),
(0000000009, 0000000040),
(0000000009, 0000000041),
(0000000009, 0000000042),
(0000000009, 0000000043),
(0000000009, 0000000044),
(0000000010, 0000000005),
(0000000010, 0000000008),
(0000000010, 0000000030),
(0000000010, 0000000031),
(0000000010, 0000000032),
(0000000010, 0000000033),
(0000000011, 0000000006),
(0000000011, 0000000028),
(0000000011, 0000000045),
(0000000012, 0000000006),
(0000000012, 0000000022),
(0000000012, 0000000028),
(0000000012, 0000000046),
(0000000012, 0000000047),
(0000000012, 0000000048),
(0000000013, 0000000006),
(0000000013, 0000000049),
(0000000013, 0000000050),
(0000000014, 0000000006),
(0000000014, 0000000008),
(0000000014, 0000000027),
(0000000014, 0000000028),
(0000000014, 0000000051),
(0000000014, 0000000052),
(0000000015, 0000000022),
(0000000015, 0000000029),
(0000000015, 0000000030),
(0000000015, 0000000053),
(0000000016, 0000000008),
(0000000016, 0000000054),
(0000000016, 0000000055),
(0000000016, 0000000056),
(0000000016, 0000000057),
(0000000016, 0000000058),
(0000000017, 0000000024),
(0000000017, 0000000059),
(0000000018, 0000000008),
(0000000018, 0000000027),
(0000000019, 0000000028),
(0000000019, 0000000060),
(0000000019, 0000000061),
(0000000020, 0000000028),
(0000000020, 0000000050),
(0000000020, 0000000062),
(0000000020, 0000000063),
(0000000020, 0000000064),
(0000000020, 0000000065),
(0000000021, 0000000024),
(0000000022, 0000000008),
(0000000022, 0000000030),
(0000000022, 0000000056),
(0000000022, 0000000057),
(0000000022, 0000000058),
(0000000022, 0000000066),
(0000000022, 0000000067),
(0000000023, 0000000008),
(0000000023, 0000000057),
(0000000023, 0000000058),
(0000000023, 0000000068),
(0000000023, 0000000069),
(0000000023, 0000000070),
(0000000024, 0000000006),
(0000000024, 0000000008),
(0000000024, 0000000028),
(0000000025, 0000000006),
(0000000026, 0000000008),
(0000000026, 0000000056),
(0000000026, 0000000057),
(0000000026, 0000000058),
(0000000027, 0000000029),
(0000000027, 0000000030),
(0000000027, 0000000071),
(0000000028, 0000000031),
(0000000028, 0000000066),
(0000000028, 0000000072),
(0000000028, 0000000083),
(0000000028, 0000000084),
(0000000030, 0000000006),
(0000000030, 0000000022),
(0000000030, 0000000025),
(0000000031, 0000000029),
(0000000031, 0000000031),
(0000000031, 0000000072),
(0000000031, 0000000073),
(0000000031, 0000000074),
(0000000031, 0000000075),
(0000000032, 0000000031),
(0000000032, 0000000046),
(0000000032, 0000000047),
(0000000032, 0000000066),
(0000000032, 0000000077),
(0000000032, 0000000083),
(0000000032, 0000000084),
(0000000033, 0000000029),
(0000000033, 0000000031),
(0000000033, 0000000046),
(0000000033, 0000000047),
(0000000033, 0000000073),
(0000000033, 0000000074),
(0000000033, 0000000075),
(0000000033, 0000000077),
(0000000034, 0000000066),
(0000000034, 0000000078),
(0000000034, 0000000079),
(0000000034, 0000000080),
(0000000034, 0000000081),
(0000000034, 0000000082),
(0000000035, 0000000003),
(0000000035, 0000000004),
(0000000035, 0000000005),
(0000000035, 0000000025),
(0000000035, 0000000035),
(0000000035, 0000000044),
(0000000035, 0000000055);

-- --------------------------------------------------------

--
-- Table structure for table `styleType`
--

CREATE TABLE `styleType` (
  `id` int(10) UNSIGNED ZEROFILL NOT NULL,
  `name` varchar(100) NOT NULL
) ENGINE=InnoDB DEFAULT CHARSET=utf8;

--
-- Dumping data for table `styleType`
--

INSERT INTO `styleType` (`id`, `name`) VALUES
(0000000001, 'view'),
(0000000002, 'component'),
(0000000003, 'navigation');

-- --------------------------------------------------------

--
-- Table structure for table `users`
--

CREATE TABLE `users` (
  `id` int(10) UNSIGNED ZEROFILL NOT NULL,
  `email` varchar(100) NOT NULL,
  `name` varchar(100) DEFAULT NULL,
  `password` varchar(255) DEFAULT NULL,
  `id_genders` int(10) UNSIGNED ZEROFILL DEFAULT NULL,
  `blocked` tinyint(1) NOT NULL DEFAULT '0',
  `intern` tinyint(1) NOT NULL DEFAULT '0',
  `token` varchar(32) DEFAULT NULL
) ENGINE=InnoDB DEFAULT CHARSET=utf8;

--
-- Dumping data for table `users`
--

INSERT INTO `users` (`id`, `email`, `name`, `password`, `id_genders`, `blocked`, `intern`, `token`) VALUES
(0000000001, 'guest', '', NULL, NULL, 0, 1, NULL),
(0000000002, 'admin', 'admin', '$2y$10$lqb/Eieowq8lWTUxVrb1MOHrZ1ZDvbnU4RNvWxqP5pa8/QOdwFB8e', NULL, 1, 0, NULL),
(0000000003, 'simon.maurer@humdek.unibe.ch', 'tpf', '$2y$10$m5kpC0Thj0MlwY2A90PPCe3nQQmmMYLLOAzIttLDCZwGwQzd/ir7a', 0000000001, 0, 0, NULL);

-- --------------------------------------------------------

--
-- Table structure for table `users_groups`
--

CREATE TABLE `users_groups` (
  `id_users` int(10) UNSIGNED ZEROFILL NOT NULL,
  `id_groups` int(10) UNSIGNED ZEROFILL NOT NULL
) ENGINE=InnoDB DEFAULT CHARSET=utf8;

--
-- Dumping data for table `users_groups`
--

INSERT INTO `users_groups` (`id_users`, `id_groups`) VALUES
(0000000002, 0000000001),
(0000000003, 0000000001);

-- --------------------------------------------------------

--
-- Table structure for table `user_activity`
--

CREATE TABLE `user_activity` (
  `id` int(10) UNSIGNED ZEROFILL NOT NULL,
  `id_users` int(10) UNSIGNED ZEROFILL NOT NULL,
  `url` varchar(200) NOT NULL,
  `timestamp` datetime NOT NULL DEFAULT CURRENT_TIMESTAMP
) ENGINE=InnoDB DEFAULT CHARSET=utf8;

--
-- Dumping data for table `user_activity`
--

INSERT INTO `user_activity` (`id`, `id_users`, `url`, `timestamp`) VALUES
(0000000001, 0000000002, '/demo/styles', '2018-09-24 16:13:17'),
(0000000002, 0000000001, '/demo/styles', '2018-09-25 07:43:26'),
(0000000003, 0000000002, '/demo/styles', '2018-09-25 07:43:36'),
(0000000004, 0000000002, '/demo/style/179', '2018-09-25 07:43:39'),
(0000000005, 0000000002, '/demo/style/194', '2018-09-25 07:43:41'),
(0000000006, 0000000002, '/demo/style/205', '2018-09-25 07:43:42'),
(0000000007, 0000000002, '/demo/style/257', '2018-09-25 07:43:44'),
(0000000008, 0000000002, '/demo/style/179', '2018-09-25 07:43:48'),
(0000000009, 0000000002, '/demo/style/194', '2018-09-25 07:43:54'),
(0000000010, 0000000002, '/demo/style/205', '2018-09-25 07:43:59'),
(0000000011, 0000000002, '/demo/style/283', '2018-09-25 07:44:11'),
(0000000012, 0000000002, '/demo/style/257', '2018-09-25 07:44:12'),
(0000000013, 0000000002, '/demo/style/283', '2018-09-25 07:44:17'),
(0000000014, 0000000002, '/demo/style/325', '2018-09-25 07:44:23'),
(0000000015, 0000000002, '/demo/style/327', '2018-09-25 07:44:29'),
(0000000016, 0000000002, '/demo/style/328', '2018-09-25 07:44:33'),
(0000000017, 0000000002, '/demo/style/334', '2018-09-25 07:44:47'),
(0000000018, 0000000002, '/demo/style/262', '2018-09-25 07:44:51'),
(0000000019, 0000000002, '/demo/style/272', '2018-09-25 07:44:54'),
(0000000020, 0000000002, '/demo/style/230', '2018-09-25 07:45:09'),
(0000000021, 0000000002, '/demo/style/230', '2018-09-25 07:45:23'),
(0000000022, 0000000002, '/demo/style/247', '2018-09-25 07:45:36'),
(0000000023, 0000000002, '/demo/styles', '2018-09-25 08:02:46'),
(0000000024, 0000000002, '/demo/style/230', '2018-09-25 08:02:48'),
(0000000025, 0000000002, '/demo/styles', '2018-09-25 08:15:15'),
(0000000026, 0000000002, '/demo/style/179', '2018-09-25 08:15:16'),
(0000000027, 0000000002, '/demo/style/194', '2018-09-25 08:15:20'),
(0000000028, 0000000002, '/demo/style/205', '2018-09-25 08:15:20'),
(0000000029, 0000000002, '/demo/style/257', '2018-09-25 08:15:22'),
(0000000030, 0000000002, '/demo/style/283', '2018-09-25 08:15:22'),
(0000000031, 0000000002, '/demo/style/325', '2018-09-25 08:15:23'),
(0000000032, 0000000002, '/demo/style/327', '2018-09-25 08:15:24'),
(0000000033, 0000000002, '/demo/style/328', '2018-09-25 08:15:24'),
(0000000034, 0000000002, '/demo/style/334', '2018-09-25 08:15:25'),
(0000000035, 0000000002, '/demo/style/262', '2018-09-25 08:15:26'),
(0000000036, 0000000002, '/demo/style/272', '2018-09-25 08:15:26'),
(0000000037, 0000000002, '/demo/style/230', '2018-09-25 08:15:27'),
(0000000038, 0000000002, '/demo/style/247', '2018-09-25 08:15:28'),
(0000000039, 0000000002, '/demo/style/179', '2018-09-25 08:48:52'),
(0000000040, 0000000002, '/demo/style/194', '2018-09-25 08:48:53'),
(0000000041, 0000000002, '/demo/style/205', '2018-09-25 08:48:54'),
(0000000042, 0000000002, '/demo/style/257', '2018-09-25 08:48:55'),
(0000000043, 0000000002, '/demo/style/283', '2018-09-25 08:48:55'),
(0000000044, 0000000002, '/demo/style/272', '2018-09-25 08:48:57'),
(0000000045, 0000000002, '/demo/style/230', '2018-09-25 08:48:57'),
(0000000046, 0000000002, '/demo/style/247', '2018-09-25 08:48:58'),
(0000000047, 0000000002, '/demo/styles', '2018-09-25 08:49:59'),
(0000000048, 0000000002, '/demo/style/179', '2018-09-25 08:50:04'),
(0000000049, 0000000002, '/demo/styles', '2018-09-25 08:50:06'),
(0000000050, 0000000002, '/demo/styles', '2018-09-25 08:52:48'),
(0000000051, 0000000002, '/demo/styles', '2018-09-25 08:53:27'),
(0000000052, 0000000002, '/demo/styles', '2018-09-25 08:53:47'),
(0000000053, 0000000002, '/demo/styles', '2018-09-25 08:54:07'),
(0000000054, 0000000002, '/demo/styles', '2018-09-25 08:54:24'),
(0000000055, 0000000002, '/demo/style/194', '2018-09-25 08:54:26'),
(0000000056, 0000000002, '/demo/styles', '2018-09-25 08:54:48'),
(0000000057, 0000000002, '/demo/style/179', '2018-09-25 08:54:49'),
(0000000058, 0000000002, '/demo/style/194', '2018-09-25 08:54:52'),
(0000000059, 0000000002, '/demo/style/205', '2018-09-25 08:54:53'),
(0000000060, 0000000002, '/demo/style/325', '2018-09-25 08:54:54'),
(0000000061, 0000000002, '/demo/style/283', '2018-09-25 08:54:56'),
(0000000062, 0000000002, '/demo/style/327', '2018-09-25 08:54:57'),
(0000000063, 0000000002, '/demo/style/283', '2018-09-25 08:54:59'),
(0000000064, 0000000002, '/demo/style/325', '2018-09-25 08:55:00'),
(0000000065, 0000000002, '/demo/style/327', '2018-09-25 08:55:02'),
(0000000066, 0000000002, '/demo/style/328', '2018-09-25 08:55:03'),
(0000000067, 0000000002, '/demo/style/334', '2018-09-25 08:55:03'),
(0000000068, 0000000002, '/demo/style/262', '2018-09-25 08:55:04'),
(0000000069, 0000000002, '/demo/style/272', '2018-09-25 08:55:05'),
(0000000070, 0000000002, '/demo/style/230', '2018-09-25 08:55:06'),
(0000000071, 0000000002, '/demo/style/247', '2018-09-25 08:55:06'),
(0000000072, 0000000002, '/demo/style/283', '2018-09-25 08:55:07'),
(0000000073, 0000000002, '/demo/style/179', '2018-09-25 08:55:11'),
(0000000074, 0000000002, '/demo/style/194', '2018-09-25 08:55:13'),
(0000000075, 0000000002, '/demo/style/205', '2018-09-25 08:55:28'),
(0000000076, 0000000002, '/demo/style/179', '2018-09-25 08:55:35'),
(0000000077, 0000000002, '/demo/style/194', '2018-09-25 08:56:02'),
(0000000078, 0000000002, '/demo/style/205', '2018-09-25 08:56:17'),
(0000000079, 0000000002, '/demo/styles', '2018-09-25 09:28:19'),
(0000000080, 0000000002, '/demo/styles', '2018-09-25 09:28:19'),
(0000000081, 0000000002, '/demo/style/205', '2018-09-25 09:28:20'),
(0000000082, 0000000002, '/demo/style/205', '2018-09-25 09:28:53'),
(0000000083, 0000000002, '/demo/styles', '2018-09-25 10:17:05'),
(0000000084, 0000000002, '/demo/style/205', '2018-09-25 10:17:06'),
(0000000085, 0000000002, '/demo/style/205', '2018-09-25 10:17:11'),
(0000000086, 0000000002, '/demo/style/205', '2018-09-25 10:17:21'),
(0000000087, 0000000002, '/demo/styles', '2018-09-25 11:09:35'),
(0000000088, 0000000002, '/demo/style/179', '2018-09-25 11:09:37'),
(0000000089, 0000000002, '/demo/style/194', '2018-09-25 11:09:39'),
(0000000090, 0000000002, '/demo/style/205', '2018-09-25 11:09:40'),
(0000000091, 0000000002, '/demo/style/257', '2018-09-25 11:09:44'),
(0000000092, 0000000002, '/demo/style/325', '2018-09-25 11:09:47'),
(0000000093, 0000000001, '/demo/styles', '2018-09-25 11:22:21'),
(0000000094, 0000000001, '/demo/styles', '2018-09-25 11:22:23'),
(0000000095, 0000000001, '/demo/style/194', '2018-09-25 11:22:26'),
(0000000096, 0000000001, '/demo/style/205', '2018-09-25 11:22:28'),
(0000000097, 0000000001, '/demo/style/257', '2018-09-25 11:22:29'),
(0000000098, 0000000001, '/demo/style/346', '2018-09-25 11:22:31'),
(0000000099, 0000000002, '/demo/styles', '2018-09-25 11:25:39'),
(0000000100, 0000000002, '/demo/styles', '2018-09-25 11:26:18'),
(0000000101, 0000000002, '/demo/style/179', '2018-09-25 11:26:20'),
(0000000102, 0000000002, '/demo/styles', '2018-09-25 11:27:10'),
(0000000103, 0000000001, '/demo/style/179', '2018-09-25 11:27:34'),
(0000000104, 0000000001, '/demo/style/194', '2018-09-25 11:27:36'),
(0000000105, 0000000001, '/demo/style/205', '2018-09-25 11:27:37'),
(0000000106, 0000000001, '/demo/style/346', '2018-09-25 11:27:38'),
(0000000107, 0000000001, '/demo/style/179', '2018-09-25 11:27:39'),
(0000000108, 0000000001, '/demo/style/346', '2018-09-25 11:27:42'),
(0000000109, 0000000002, '/demo/style/179', '2018-09-25 12:02:37'),
(0000000110, 0000000003, '/demo/style/346', '2018-09-25 18:05:38'),
(0000000111, 0000000003, '/demo/style/352', '2018-09-25 18:05:40'),
(0000000112, 0000000003, '/demo/style/346', '2018-09-25 18:05:49'),
(0000000113, 0000000003, '/demo/style/346', '2018-09-25 18:07:17'),
(0000000114, 0000000003, '/demo/style/346', '2018-09-25 18:07:28'),
(0000000115, 0000000003, '/demo/style/352', '2018-09-25 18:07:32'),
(0000000116, 0000000003, '/demo/style/362', '2018-09-25 18:07:34'),
(0000000117, 0000000003, '/demo/style/363', '2018-09-25 18:07:35'),
(0000000118, 0000000003, '/demo/style/352', '2018-09-25 18:07:35'),
(0000000119, 0000000003, '/demo/style/362', '2018-09-25 18:07:38'),
(0000000120, 0000000003, '/demo/style/352', '2018-09-25 18:07:39'),
(0000000121, 0000000003, '/demo/style/362', '2018-09-25 18:07:45'),
(0000000122, 0000000003, '/demo/style/346', '2018-09-26 10:34:26'),
(0000000123, 0000000003, '/demo/style/352', '2018-09-26 10:34:33'),
(0000000124, 0000000003, '/demo/style/346', '2018-09-26 10:34:35'),
(0000000125, 0000000003, '/demo/style/352', '2018-09-26 10:34:41'),
(0000000126, 0000000003, '/demo/style/362', '2018-09-26 10:34:47'),
(0000000127, 0000000003, '/demo/style/179', '2018-09-26 10:35:06'),
(0000000128, 0000000003, '/demo/style/194', '2018-09-26 10:35:07'),
(0000000129, 0000000003, '/demo/style/205', '2018-09-26 10:35:08'),
(0000000130, 0000000003, '/demo/style/257', '2018-09-26 10:35:09'),
(0000000131, 0000000003, '/demo/style/283', '2018-09-26 10:35:11'),
(0000000132, 0000000003, '/demo/style/325', '2018-09-26 10:35:12'),
(0000000133, 0000000003, '/demo/style/283', '2018-09-26 10:35:13'),
(0000000134, 0000000003, '/demo/style/262', '2018-09-26 10:35:15'),
(0000000135, 0000000003, '/demo/style/272', '2018-09-26 10:35:16'),
(0000000136, 0000000003, '/demo/style/352', '2018-09-26 10:35:17'),
(0000000137, 0000000003, '/demo/style/346', '2018-09-26 10:35:47'),
(0000000138, 0000000001, '/demo/style/179', '2018-09-26 10:39:07'),
(0000000139, 0000000001, '/demo/style/283', '2018-09-26 10:39:12'),
(0000000140, 0000000001, '/demo/style/179', '2018-09-26 13:42:09'),
(0000000141, 0000000001, '/demo/style/194', '2018-09-26 13:42:13'),
(0000000142, 0000000001, '/demo/style/194', '2018-09-26 13:43:51'),
(0000000143, 0000000001, '/demo/style/194', '2018-09-26 13:43:58'),
(0000000144, 0000000001, '/demo/style/194', '2018-09-26 14:00:01'),
(0000000145, 0000000001, '/demo/style/194', '2018-09-26 14:00:14'),
(0000000146, 0000000001, '/demo/style/272', '2018-09-26 14:37:54'),
(0000000147, 0000000001, '/demo/style/346', '2018-09-27 09:43:59'),
(0000000148, 0000000001, '/demo/style/352', '2018-09-27 09:44:01'),
(0000000149, 0000000001, '/demo/style/257', '2018-09-27 09:44:02'),
(0000000150, 0000000001, '/demo/style/179', '2018-09-27 09:44:03'),
(0000000151, 0000000003, '/demo/styles', '2018-09-27 10:22:45'),
(0000000152, 0000000003, '/demo/style/179', '2018-09-27 10:22:48'),
(0000000153, 0000000003, '/demo/style/194', '2018-09-27 10:22:51'),
(0000000154, 0000000003, '/demo/style/205', '2018-09-27 10:22:52'),
(0000000155, 0000000003, '/demo/styles', '2018-09-27 10:22:53'),
(0000000156, 0000000003, '/demo/styles', '2018-09-27 10:33:28'),
(0000000157, 0000000003, '/demo/config', '2018-09-27 12:18:02'),
(0000000158, 0000000003, '/demo/styles', '2018-09-27 12:18:06'),
(0000000159, 0000000003, '/demo/config', '2018-09-27 12:18:07'),
(0000000160, 0000000003, '/demo/styles', '2018-09-27 12:18:11'),
(0000000161, 0000000003, '/demo/styles', '2018-09-27 12:19:17'),
(0000000162, 0000000003, '/demo/extend', '2018-09-27 12:19:20'),
(0000000163, 0000000003, '/demo/config', '2018-09-27 12:19:23'),
(0000000164, 0000000003, '/demo/extend', '2018-09-27 12:19:25'),
(0000000165, 0000000003, '/demo/configs', '2018-09-27 12:49:33'),
(0000000166, 0000000003, '/demo/configs', '2018-09-27 13:04:54'),
(0000000167, 0000000003, '/demo/configs', '2018-09-27 13:05:00'),
(0000000168, 0000000003, '/demo/configs', '2018-09-27 13:05:34'),
(0000000169, 0000000003, '/demo/configs', '2018-09-27 13:07:41'),
(0000000170, 0000000003, '/demo/configs', '2018-09-27 13:09:50'),
(0000000171, 0000000003, '/demo/configs', '2018-09-27 13:09:54'),
(0000000172, 0000000003, '/demo/configs', '2018-09-27 13:09:56'),
(0000000173, 0000000003, '/demo/configs', '2018-09-27 13:10:00'),
(0000000174, 0000000003, '/demo/configs', '2018-09-27 13:10:06'),
(0000000175, 0000000003, '/demo/configs', '2018-09-27 13:10:12'),
(0000000176, 0000000003, '/demo/configs', '2018-09-27 13:10:18'),
(0000000177, 0000000003, '/demo/configs', '2018-09-27 13:11:09'),
(0000000178, 0000000003, '/demo/styles', '2018-09-27 13:11:34'),
(0000000179, 0000000003, '/demo/style/205', '2018-09-27 13:11:35'),
(0000000180, 0000000003, '/demo/configs', '2018-09-27 13:11:37'),
(0000000181, 0000000003, '/demo/configs', '2018-09-27 13:11:47'),
(0000000182, 0000000003, '/demo/extend', '2018-09-27 13:11:52'),
(0000000183, 0000000003, '/demo/styles', '2018-09-27 13:11:53'),
(0000000184, 0000000003, '/demo/styles', '2018-09-27 13:11:58'),
(0000000185, 0000000003, '/demo/configs', '2018-09-27 13:12:25'),
(0000000186, 0000000003, '/demo/extend', '2018-09-27 13:12:28'),
(0000000187, 0000000003, '/demo/styles', '2018-09-27 13:12:30'),
(0000000188, 0000000003, '/demo/styles', '2018-09-27 13:13:00'),
(0000000189, 0000000003, '/demo/configs', '2018-09-27 13:13:06'),
(0000000190, 0000000003, '/demo/styles', '2018-09-27 13:13:18'),
(0000000191, 0000000003, '/demo/configs', '2018-09-27 13:13:20'),
(0000000192, 0000000003, '/demo/extend', '2018-09-27 13:13:23'),
(0000000193, 0000000003, '/demo/styles', '2018-09-27 13:18:15'),
(0000000194, 0000000003, '/demo/styles', '2018-09-27 13:34:01'),
(0000000195, 0000000003, '/demo/styles', '2018-09-27 13:39:46'),
(0000000196, 0000000003, '/demo/configs', '2018-09-27 13:39:48'),
(0000000197, 0000000003, '/demo/extend', '2018-09-27 13:39:51'),
(0000000198, 0000000001, '/demo/styles', '2018-09-27 13:41:27'),
(0000000199, 0000000001, '/demo/style/179', '2018-09-27 13:41:28'),
(0000000200, 0000000001, '/demo/configs', '2018-09-27 13:41:29'),
(0000000201, 0000000001, '/demo/extend', '2018-09-27 13:41:31'),
(0000000202, 0000000001, '/demo/styles', '2018-09-27 13:41:36'),
(0000000203, 0000000001, '/demo/configs', '2018-09-27 13:41:37'),
(0000000204, 0000000001, '/demo/extend', '2018-09-27 13:41:38'),
(0000000205, 0000000001, '/demo/extend', '2018-09-27 13:42:40'),
(0000000206, 0000000003, '/demo/extend', '2018-09-27 13:43:05'),
(0000000207, 0000000003, '/demo/extend', '2018-09-27 13:49:44'),
(0000000208, 0000000003, '/demo/extend', '2018-09-27 13:49:53'),
(0000000209, 0000000003, '/demo/extend', '2018-09-27 14:14:07'),
(0000000210, 0000000003, '/demo/extend', '2018-09-27 14:58:02'),
(0000000211, 0000000003, '/demo/extend', '2018-09-27 14:58:23'),
(0000000212, 0000000003, '/demo/extend', '2018-09-27 15:32:43'),
(0000000213, 0000000003, '/demo/extend', '2018-09-27 15:51:02'),
(0000000214, 0000000003, '/demo/extend', '2018-09-27 16:09:49'),
(0000000215, 0000000003, '/demo/configs', '2018-09-27 16:10:05'),
(0000000216, 0000000003, '/demo/styles', '2018-09-27 16:10:07'),
(0000000217, 0000000003, '/demo/style/179', '2018-09-27 16:10:14'),
(0000000218, 0000000003, '/demo/styles', '2018-09-27 16:10:23'),
(0000000219, 0000000003, '/demo/styles', '2018-09-27 16:12:03'),
(0000000220, 0000000003, '/demo/style/325', '2018-09-27 16:12:07'),
(0000000221, 0000000003, '/demo/style/257', '2018-09-27 16:12:09'),
(0000000222, 0000000003, '/demo/style/194', '2018-09-27 16:12:10'),
(0000000223, 0000000003, '/demo/style/179', '2018-09-27 16:12:10'),
(0000000224, 0000000003, '/demo/style/352', '2018-09-27 16:12:11'),
(0000000225, 0000000003, '/demo/style/362', '2018-09-27 16:12:12'),
(0000000226, 0000000003, '/demo/style/363', '2018-09-27 16:12:17'),
(0000000227, 0000000003, '/demo/styles', '2018-09-27 16:12:58'),
(0000000228, 0000000003, '/demo/style/257', '2018-09-27 16:13:00'),
(0000000229, 0000000003, '/demo/style/352', '2018-09-27 16:13:03'),
(0000000230, 0000000003, '/demo/extend', '2018-09-27 16:22:47'),
(0000000231, 0000000003, '/demo/extend', '2018-09-27 16:23:39'),
(0000000232, 0000000003, '/demo/configs', '2018-09-27 16:24:01'),
(0000000233, 0000000003, '/demo/configs', '2018-09-27 16:24:08'),
(0000000234, 0000000003, '/demo/extend', '2018-09-27 16:24:10'),
(0000000235, 0000000003, '/demo/styles', '2018-09-27 17:03:12'),
(0000000236, 0000000003, '/demo/configs', '2018-09-27 17:03:13'),
(0000000237, 0000000003, '/demo/extend', '2018-09-27 17:03:14'),
(0000000238, 0000000003, '/demo/styles', '2018-09-27 17:03:14'),
(0000000239, 0000000003, '/demo/extend', '2018-09-27 17:11:04'),
(0000000240, 0000000003, '/demo/styles', '2018-09-27 17:26:42'),
(0000000241, 0000000003, '/demo/styles', '2018-09-27 17:27:22'),
(0000000242, 0000000003, '/demo/style/179', '2018-09-27 17:27:25'),
(0000000243, 0000000003, '/demo/style/194', '2018-09-27 17:27:32'),
(0000000244, 0000000003, '/demo/style/205', '2018-09-27 17:27:36'),
(0000000245, 0000000003, '/demo/style/257', '2018-09-27 17:27:37'),
(0000000246, 0000000003, '/demo/style/283', '2018-09-27 17:27:38'),
(0000000247, 0000000003, '/demo/style/325', '2018-09-27 17:27:39'),
(0000000248, 0000000003, '/demo/style/327', '2018-09-27 17:27:40'),
(0000000249, 0000000003, '/demo/style/334', '2018-09-27 17:27:42'),
(0000000250, 0000000003, '/demo/style/352', '2018-09-27 17:27:43'),
(0000000251, 0000000003, '/demo/extend', '2018-09-27 17:27:51'),
(0000000252, 0000000003, '/demo/styles', '2018-09-27 17:27:52'),
(0000000253, 0000000003, '/demo/style/179', '2018-09-27 17:27:59'),
(0000000254, 0000000003, '/demo/configs', '2018-09-27 17:28:02'),
(0000000255, 0000000003, '/demo/extend', '2018-09-27 17:28:05'),
(0000000256, 0000000003, '/demo/styles', '2018-09-27 17:32:51'),
(0000000257, 0000000001, '/demo/styles', '2018-09-27 18:06:26'),
(0000000258, 0000000001, '/demo/configs', '2018-09-27 18:06:27'),
(0000000259, 0000000001, '/demo/extend', '2018-09-27 18:06:28'),
(0000000260, 0000000001, '/demo/styles', '2018-09-28 09:19:50'),
(0000000261, 0000000001, '/demo/configs', '2018-09-28 09:19:55'),
(0000000262, 0000000001, '/demo/extend', '2018-09-28 09:19:56'),
(0000000263, 0000000001, '/demo/configs', '2018-09-28 09:20:48'),
(0000000264, 0000000001, '/demo/extend', '2018-09-28 09:20:50'),
(0000000265, 0000000001, '/demo/configs', '2018-09-28 09:20:51'),
(0000000266, 0000000001, '/demo/extend', '2018-09-28 09:20:55'),
(0000000267, 0000000003, '/demo/extend', '2018-09-28 09:21:14'),
(0000000268, 0000000003, '/demo/configs', '2018-09-28 09:21:21'),
(0000000269, 0000000003, '/demo/styles', '2018-09-28 09:21:22'),
(0000000270, 0000000003, '/demo/style/179', '2018-09-28 09:21:24'),
(0000000271, 0000000003, '/demo/style/194', '2018-09-28 09:21:32'),
(0000000272, 0000000003, '/demo/style/205', '2018-09-28 09:21:32'),
(0000000273, 0000000003, '/demo/style/257', '2018-09-28 09:21:33'),
(0000000274, 0000000003, '/demo/style/283', '2018-09-28 09:21:34'),
(0000000275, 0000000003, '/demo/style/327', '2018-09-28 09:21:34'),
(0000000276, 0000000003, '/demo/style/325', '2018-09-28 09:21:35'),
(0000000277, 0000000003, '/demo/style/283', '2018-09-28 09:21:36'),
(0000000278, 0000000003, '/demo/style/272', '2018-09-28 09:21:37'),
(0000000279, 0000000003, '/demo/style/179', '2018-09-28 09:21:39'),
(0000000280, 0000000001, '/demo/extend', '2018-09-28 12:33:38'),
(0000000281, 0000000001, '/demo/styles', '2018-09-28 16:51:25'),
(0000000282, 0000000001, '/demo/style/179', '2018-09-28 16:51:32'),
(0000000283, 0000000001, '/demo/style/194', '2018-09-28 16:51:38'),
(0000000284, 0000000001, '/demo/style/205', '2018-09-28 16:51:39'),
(0000000285, 0000000001, '/demo/styles', '2018-10-01 09:17:25'),
(0000000286, 0000000001, '/demo/configs', '2018-10-01 09:17:26'),
(0000000287, 0000000001, '/demo/styles', '2018-10-01 13:44:48'),
(0000000288, 0000000001, '/demo/style/283', '2018-10-01 13:44:58'),
(0000000289, 0000000001, '/demo/styles', '2018-10-01 13:45:10'),
(0000000290, 0000000001, '/demo/style/179', '2018-10-01 13:45:13'),
(0000000291, 0000000001, '/demo/styles', '2018-10-01 13:45:19'),
(0000000292, 0000000001, '/demo/style/194', '2018-10-01 13:45:20'),
(0000000293, 0000000001, '/demo/styles', '2018-10-01 13:45:27'),
(0000000294, 0000000001, '/demo/style/205', '2018-10-01 13:45:28'),
(0000000295, 0000000001, '/demo/styles', '2018-10-01 13:45:37'),
(0000000296, 0000000001, '/demo/style/257', '2018-10-01 13:45:40'),
(0000000297, 0000000001, '/demo/styles', '2018-10-01 13:45:44'),
(0000000298, 0000000001, '/demo/style/325', '2018-10-01 13:45:48'),
(0000000299, 0000000001, '/demo/styles', '2018-10-01 13:45:53'),
(0000000300, 0000000001, '/demo/style/327', '2018-10-01 13:46:00'),
(0000000301, 0000000001, '/demo/styles', '2018-10-01 13:46:02'),
(0000000302, 0000000001, '/demo/style/328', '2018-10-01 13:46:05'),
(0000000303, 0000000001, '/demo/styles', '2018-10-01 13:46:16'),
(0000000304, 0000000001, '/demo/style/334', '2018-10-01 13:46:20'),
(0000000305, 0000000001, '/demo/styles', '2018-10-01 13:46:37'),
(0000000306, 0000000001, '/demo/style/262', '2018-10-01 13:46:39'),
(0000000307, 0000000001, '/demo/styles', '2018-10-01 13:46:41'),
(0000000308, 0000000001, '/demo/style/272', '2018-10-01 13:46:42'),
(0000000309, 0000000001, '/demo/styles', '2018-10-01 13:46:47'),
(0000000310, 0000000001, '/demo/style/230', '2018-10-01 13:46:49'),
(0000000311, 0000000001, '/demo/styles', '2018-10-01 13:47:18'),
(0000000312, 0000000001, '/demo/style/247', '2018-10-01 13:47:20'),
(0000000313, 0000000001, '/demo/styles', '2018-10-01 13:47:30'),
(0000000314, 0000000001, '/demo/style/346', '2018-10-01 13:47:32'),
(0000000315, 0000000001, '/demo/styles', '2018-10-01 13:47:37'),
(0000000316, 0000000001, '/demo/style/352', '2018-10-01 13:47:39'),
(0000000317, 0000000001, '/demo/styles', '2018-10-01 13:47:54'),
(0000000318, 0000000001, '/demo/style/362', '2018-10-01 13:47:57'),
(0000000319, 0000000001, '/demo/styles', '2018-10-01 13:48:20'),
(0000000320, 0000000001, '/demo/style/363', '2018-10-01 13:48:23'),
(0000000321, 0000000001, '/demo/style/179', '2018-10-01 13:48:37'),
(0000000322, 0000000001, '/demo/style/325', '2018-10-01 15:23:14'),
(0000000323, 0000000001, '/demo/style/283', '2018-10-01 15:23:16'),
(0000000324, 0000000001, '/demo/style/283', '2018-10-01 15:23:59'),
(0000000325, 0000000001, '/demo/style/325', '2018-10-01 15:24:02'),
(0000000326, 0000000001, '/demo/style/205', '2018-10-01 15:24:04'),
(0000000327, 0000000001, '/demo/style/194', '2018-10-01 15:24:05'),
(0000000328, 0000000001, '/demo/style/179', '2018-10-01 15:24:06'),
(0000000329, 0000000001, '/demo/style/363', '2018-10-01 15:24:08'),
(0000000330, 0000000001, '/demo/style/363', '2018-10-01 15:24:30'),
(0000000331, 0000000003, '/demo/styles', '2018-10-01 15:35:54'),
(0000000332, 0000000003, '/demo/style/179', '2018-10-01 15:35:56'),
(0000000333, 0000000003, '/demo/styles', '2018-10-01 15:39:21'),
(0000000334, 0000000003, '/demo/style/179', '2018-10-01 15:39:26'),
(0000000335, 0000000003, '/demo/style/325', '2018-10-01 15:39:32'),
(0000000336, 0000000003, '/demo/style/179', '2018-10-01 15:39:38'),
(0000000337, 0000000001, '/demo/styles', '2018-10-01 15:44:40'),
(0000000338, 0000000001, '/demo/style/179', '2018-10-01 15:44:55'),
(0000000339, 0000000001, '/demo/style/194', '2018-10-01 15:45:11'),
(0000000340, 0000000001, '/demo/style/205', '2018-10-01 15:45:22'),
(0000000341, 0000000001, '/demo/style/257', '2018-10-01 15:45:30'),
(0000000342, 0000000001, '/demo/style/283', '2018-10-01 15:45:36'),
(0000000343, 0000000001, '/demo/style/325', '2018-10-01 15:45:45'),
(0000000344, 0000000001, '/demo/style/327', '2018-10-01 15:46:37'),
(0000000345, 0000000001, '/demo/style/328', '2018-10-01 15:46:43'),
(0000000346, 0000000001, '/demo/style/334', '2018-10-01 15:47:01'),
(0000000347, 0000000001, '/demo/style/262', '2018-10-01 15:47:12'),
(0000000348, 0000000001, '/demo/style/272', '2018-10-01 15:47:17'),
(0000000349, 0000000001, '/demo/style/230', '2018-10-01 15:47:35'),
(0000000350, 0000000001, '/demo/style/247', '2018-10-01 15:47:47'),
(0000000351, 0000000001, '/demo/style/346', '2018-10-01 15:47:55'),
(0000000352, 0000000001, '/demo/style/352', '2018-10-01 15:48:05'),
(0000000353, 0000000001, '/demo/style/362', '2018-10-01 15:48:24'),
(0000000354, 0000000001, '/demo/style/363', '2018-10-01 15:48:52'),
(0000000355, 0000000001, '/demo/configs', '2018-10-01 15:49:15'),
(0000000356, 0000000003, '/demo/configs', '2018-10-01 15:56:47'),
(0000000357, 0000000003, '/demo/configs', '2018-10-01 15:56:54'),
(0000000358, 0000000003, '/demo/configs', '2018-10-01 15:56:56'),
(0000000359, 0000000001, '/demo/configs', '2018-10-01 15:57:05'),
(0000000360, 0000000001, '/demo/extend', '2018-10-01 15:57:05'),
(0000000361, 0000000001, '/demo/configs', '2018-10-01 15:57:06'),
(0000000362, 0000000001, '/demo/extend', '2018-10-01 15:57:09'),
(0000000363, 0000000003, '/demo/configs', '2018-10-01 15:59:57'),
(0000000364, 0000000003, '/demo/configs', '2018-10-01 16:00:04'),
(0000000365, 0000000003, '/demo/configs', '2018-10-01 16:00:07'),
(0000000366, 0000000003, '/demo/configs', '2018-10-01 16:00:12'),
(0000000367, 0000000003, '/demo/extend', '2018-10-01 16:00:22'),
(0000000368, 0000000003, '/demo/configs', '2018-10-01 16:00:23'),
(0000000369, 0000000003, '/demo/extend', '2018-10-01 16:00:27'),
(0000000370, 0000000003, '/demo/extend', '2018-10-01 16:01:46'),
(0000000371, 0000000003, '/demo/extend', '2018-10-01 16:02:21'),
(0000000372, 0000000003, '/demo/configs', '2018-10-01 16:26:55'),
(0000000373, 0000000003, '/demo/styles', '2018-10-01 16:26:56'),
(0000000374, 0000000003, '/demo/extend', '2018-10-01 16:26:57'),
(0000000375, 0000000003, '/demo/configs', '2018-10-01 16:26:58'),
(0000000376, 0000000003, '/demo/extend', '2018-10-01 17:29:31'),
(0000000377, 0000000003, '/demo/configs', '2018-10-01 17:29:32'),
(0000000378, 0000000003, '/demo/styles', '2018-10-01 17:29:33'),
(0000000379, 0000000003, '/demo/extend', '2018-10-01 17:48:04'),
(0000000380, 0000000003, '/demo/styles', '2018-10-01 18:12:49'),
(0000000381, 0000000003, '/demo/configs', '2018-10-01 18:12:50'),
(0000000382, 0000000001, '/demo/styles', '2018-10-02 08:51:15'),
(0000000383, 0000000001, '/demo/style/328', '2018-10-02 08:51:20'),
(0000000384, 0000000001, '/demo/extend', '2018-10-02 10:39:38'),
(0000000385, 0000000003, '/demo/styles', '2018-10-02 11:17:52'),
(0000000386, 0000000003, '/demo/extend', '2018-10-02 11:22:03'),
(0000000387, 0000000003, '/demo/configs', '2018-10-02 11:22:05'),
(0000000388, 0000000003, '/demo/extend', '2018-10-02 11:22:07'),
(0000000389, 0000000003, '/demo/extend', '2018-10-02 11:22:24'),
(0000000390, 0000000003, '/demo/extend', '2018-10-02 11:22:37'),
(0000000391, 0000000003, '/demo/extend', '2018-10-02 11:23:20'),
(0000000392, 0000000003, '/demo/configs', '2018-10-02 11:28:55'),
(0000000393, 0000000003, '/demo/styles', '2018-10-02 11:28:56'),
(0000000394, 0000000003, '/demo/style/346', '2018-10-02 11:28:58'),
(0000000395, 0000000003, '/demo/style/362', '2018-10-02 11:28:59'),
(0000000396, 0000000003, '/demo/extend', '2018-10-02 11:31:53'),
(0000000397, 0000000003, '/demo/extend/416', '2018-10-02 11:31:56'),
(0000000398, 0000000003, '/demo/extend/417', '2018-10-02 11:31:59'),
(0000000399, 0000000003, '/demo/extend/418', '2018-10-02 11:32:00'),
(0000000400, 0000000003, '/demo/extend/419', '2018-10-02 11:32:02'),
(0000000401, 0000000003, '/demo/extend/420', '2018-10-02 11:32:03'),
(0000000402, 0000000003, '/demo/extend/421', '2018-10-02 11:32:03'),
(0000000403, 0000000003, '/demo/extend/416', '2018-10-02 11:32:06'),
(0000000404, 0000000003, '/demo/extend/417', '2018-10-02 11:32:08'),
(0000000405, 0000000003, '/demo/configs', '2018-10-02 11:32:10'),
(0000000406, 0000000003, '/demo/extend', '2018-10-02 11:32:12'),
(0000000407, 0000000003, '/demo/extend', '2018-10-02 11:33:41'),
(0000000408, 0000000003, '/demo/extend', '2018-10-02 11:35:48'),
(0000000409, 0000000003, '/demo/extend/416', '2018-10-02 11:35:50'),
(0000000410, 0000000003, '/demo/extend/417', '2018-10-02 11:35:51'),
(0000000411, 0000000003, '/demo/extend/418', '2018-10-02 11:35:52'),
(0000000412, 0000000003, '/demo/extend/419', '2018-10-02 11:35:55'),
(0000000413, 0000000003, '/demo/extend/420', '2018-10-02 11:35:57'),
(0000000414, 0000000003, '/demo/extend/421', '2018-10-02 11:35:58'),
(0000000415, 0000000003, '/demo/configs', '2018-10-02 11:36:00'),
(0000000416, 0000000003, '/demo/extend', '2018-10-02 11:36:05'),
(0000000417, 0000000003, '/demo/extend', '2018-10-02 11:37:30'),
(0000000418, 0000000003, '/demo/configs', '2018-10-02 11:37:32'),
(0000000419, 0000000003, '/demo/extend', '2018-10-02 11:37:34'),
(0000000420, 0000000003, '/demo/configs', '2018-10-02 11:37:36'),
(0000000421, 0000000003, '/demo/styles', '2018-10-02 11:37:39'),
(0000000422, 0000000003, '/demo/extend', '2018-10-02 11:37:42'),
(0000000423, 0000000003, '/demo/extend', '2018-10-02 11:37:47'),
(0000000424, 0000000003, '/demo/configs', '2018-10-02 11:41:44'),
(0000000425, 0000000003, '/demo/extend', '2018-10-02 11:41:52'),
(0000000426, 0000000003, '/demo/configs', '2018-10-02 11:41:54'),
(0000000427, 0000000003, '/demo/extend', '2018-10-02 11:41:55'),
(0000000428, 0000000003, '/demo/extend/416', '2018-10-02 11:41:58'),
(0000000429, 0000000003, '/demo/configs', '2018-10-02 11:42:00'),
(0000000430, 0000000003, '/demo/configs', '2018-10-02 11:42:03'),
(0000000431, 0000000003, '/demo/configs', '2018-10-02 11:42:07'),
(0000000432, 0000000003, '/demo/configs', '2018-10-02 11:42:54'),
(0000000433, 0000000003, '/demo/configs', '2018-10-02 11:43:01'),
(0000000434, 0000000003, '/demo/configs', '2018-10-02 11:43:35'),
(0000000435, 0000000003, '/demo/configs', '2018-10-02 11:43:49'),
(0000000436, 0000000003, '/demo/extend', '2018-10-02 11:43:55'),
(0000000437, 0000000003, '/demo/extend/416', '2018-10-02 11:43:57'),
(0000000438, 0000000003, '/demo/extend/417', '2018-10-02 11:43:58'),
(0000000439, 0000000003, '/demo/extend/418', '2018-10-02 11:43:59'),
(0000000440, 0000000003, '/demo/extend/419', '2018-10-02 11:44:01'),
(0000000441, 0000000003, '/demo/extend/420', '2018-10-02 11:44:01'),
(0000000442, 0000000003, '/demo/extend/421', '2018-10-02 11:44:02'),
(0000000443, 0000000003, '/demo/configs', '2018-10-02 11:44:04'),
(0000000444, 0000000003, '/demo/styles', '2018-10-02 11:44:08'),
(0000000445, 0000000003, '/demo/style/179', '2018-10-02 11:44:09'),
(0000000446, 0000000003, '/demo/configs', '2018-10-02 11:44:11'),
(0000000447, 0000000003, '/demo/configs', '2018-10-02 11:44:14'),
(0000000448, 0000000003, '/demo/extend', '2018-10-02 11:44:20'),
(0000000449, 0000000003, '/demo/configs', '2018-10-02 11:44:21'),
(0000000450, 0000000003, '/demo/configs', '2018-10-02 11:44:23'),
(0000000451, 0000000001, '/demo/extend', '2018-10-02 11:46:12'),
(0000000452, 0000000001, '/demo/extend', '2018-10-02 11:46:24'),
(0000000453, 0000000003, '/demo/styles', '2018-10-02 11:47:59'),
(0000000454, 0000000003, '/demo/configs', '2018-10-02 11:48:02'),
(0000000455, 0000000003, '/demo/extend', '2018-10-02 11:48:03'),
(0000000456, 0000000003, '/demo/extend/416', '2018-10-02 11:48:06'),
(0000000457, 0000000003, '/demo/extend/417', '2018-10-02 11:48:07'),
(0000000458, 0000000003, '/demo/extend/418', '2018-10-02 11:48:08'),
(0000000459, 0000000003, '/demo/configs', '2018-10-02 11:48:10'),
(0000000460, 0000000003, '/demo/extend', '2018-10-02 11:49:31'),
(0000000461, 0000000003, '/demo/extend/416', '2018-10-02 11:49:35'),
(0000000462, 0000000003, '/demo/configs', '2018-10-02 11:49:37'),
(0000000463, 0000000003, '/demo/configs', '2018-10-02 11:49:44'),
(0000000464, 0000000003, '/demo/configs', '2018-10-02 11:49:47'),
(0000000465, 0000000003, '/demo/styles', '2018-10-02 11:49:49'),
(0000000466, 0000000003, '/demo/style/179', '2018-10-02 11:49:51'),
(0000000467, 0000000003, '/demo/style/194', '2018-10-02 11:49:55'),
(0000000468, 0000000003, '/demo/style/205', '2018-10-02 11:49:56'),
(0000000469, 0000000003, '/demo/style/257', '2018-10-02 11:50:02'),
(0000000470, 0000000003, '/demo/style/283', '2018-10-02 11:50:04'),
(0000000471, 0000000003, '/demo/style/257', '2018-10-02 11:50:05'),
(0000000472, 0000000003, '/demo/style/346', '2018-10-02 11:50:10'),
(0000000473, 0000000003, '/demo/style/363', '2018-10-02 11:50:20'),
(0000000474, 0000000001, '/demo/styles', '2018-10-02 11:51:35'),
(0000000475, 0000000001, '/demo/style/363', '2018-10-02 11:51:43'),
(0000000476, 0000000001, '/demo/style/363', '2018-10-02 11:51:52'),
(0000000477, 0000000001, '/demo/style/363', '2018-10-02 11:51:53'),
(0000000478, 0000000001, '/demo/extend', '2018-10-02 11:53:06'),
(0000000479, 0000000001, '/demo/styles', '2018-10-02 11:53:11'),
(0000000480, 0000000003, '/demo/configs', '2018-10-02 12:02:58'),
(0000000481, 0000000003, '/demo/styles', '2018-10-02 12:02:59'),
(0000000482, 0000000003, '/demo/style/346', '2018-10-02 12:03:01'),
(0000000483, 0000000003, '/demo/style/363', '2018-10-02 12:03:03'),
(0000000484, 0000000003, '/demo/style/363', '2018-10-02 12:03:06'),
(0000000485, 0000000003, '/demo/style/363', '2018-10-02 12:03:12'),
(0000000486, 0000000003, '/demo/style/363', '2018-10-02 12:03:52'),
(0000000487, 0000000003, '/demo/style/363', '2018-10-02 12:03:54'),
(0000000488, 0000000003, '/demo/style/363', '2018-10-02 12:06:12'),
(0000000489, 0000000003, '/demo/style/363', '2018-10-02 12:06:26'),
(0000000490, 0000000003, '/demo/styles', '2018-10-02 12:07:59'),
(0000000491, 0000000003, '/demo/styles', '2018-10-02 12:14:01'),
(0000000492, 0000000003, '/demo/configs', '2018-10-02 12:14:03'),
(0000000493, 0000000003, '/demo/extend', '2018-10-02 12:14:04'),
(0000000494, 0000000001, '/demo/configs', '2018-10-02 12:14:11'),
(0000000495, 0000000001, '/demo/styles', '2018-10-02 12:14:12'),
(0000000496, 0000000001, '/demo/style/363', '2018-10-02 12:14:16'),
(0000000497, 0000000001, '/demo/extend', '2018-10-02 14:02:27'),
(0000000498, 0000000001, '/demo/configs', '2018-10-02 14:02:30'),
(0000000499, 0000000001, '/demo/styles', '2018-10-02 14:09:23'),
(0000000500, 0000000001, '/demo/extend', '2018-10-02 14:26:24'),
(0000000501, 0000000001, '/demo/styles', '2018-10-02 14:26:29'),
(0000000502, 0000000001, '/demo/configs', '2018-10-02 14:26:29'),
(0000000503, 0000000001, '/demo/styles', '2018-10-02 16:44:52'),
(0000000504, 0000000001, '/demo/configs', '2018-10-02 16:44:53'),
(0000000505, 0000000001, '/demo/extend', '2018-10-02 16:44:54'),
(0000000506, 0000000003, '/demo/styles', '2018-10-02 16:48:23'),
(0000000507, 0000000003, '/demo/configs', '2018-10-02 16:48:28'),
(0000000508, 0000000003, '/demo/extend', '2018-10-02 16:48:30'),
(0000000509, 0000000003, '/demo/extend', '2018-10-02 16:48:38'),
(0000000510, 0000000003, '/demo/extend/416', '2018-10-02 16:48:39'),
(0000000511, 0000000003, '/demo/extend/417', '2018-10-02 16:48:41'),
(0000000512, 0000000003, '/demo/extend/418', '2018-10-02 16:48:43'),
(0000000513, 0000000003, '/demo/extend/416', '2018-10-02 16:48:58'),
(0000000514, 0000000003, '/demo/extend/416', '2018-10-02 16:52:09'),
(0000000515, 0000000003, '/demo/extend/416', '2018-10-02 16:52:35'),
(0000000516, 0000000003, '/demo/extend/417', '2018-10-02 16:52:38'),
(0000000517, 0000000003, '/demo/extend/418', '2018-10-02 16:52:39'),
(0000000518, 0000000003, '/demo/extend', '2018-10-02 16:52:40'),
(0000000519, 0000000003, '/demo/extend/416', '2018-10-02 16:52:41'),
(0000000520, 0000000003, '/demo/extend/417', '2018-10-02 16:52:44'),
(0000000521, 0000000003, '/demo/extend/418', '2018-10-02 16:52:45'),
(0000000522, 0000000003, '/demo/extend/418', '2018-10-02 16:54:35'),
(0000000523, 0000000003, '/demo/extend/416', '2018-10-02 16:54:37'),
(0000000524, 0000000003, '/demo/extend/417', '2018-10-02 16:54:38'),
(0000000525, 0000000003, '/demo/extend/418', '2018-10-02 16:54:39'),
(0000000526, 0000000003, '/demo/extend/419', '2018-10-02 16:54:40'),
(0000000527, 0000000003, '/demo/extend/419', '2018-10-02 16:55:23'),
(0000000528, 0000000003, '/demo/extend/416', '2018-10-02 16:55:25'),
(0000000529, 0000000003, '/demo/extend/416', '2018-10-02 16:56:56'),
(0000000530, 0000000003, '/demo/extend/417', '2018-10-02 16:56:57'),
(0000000531, 0000000003, '/demo/extend/416', '2018-10-02 16:56:58'),
(0000000532, 0000000003, '/demo/extend/416', '2018-10-02 16:59:10'),
(0000000533, 0000000003, '/demo/extend/417', '2018-10-02 16:59:48'),
(0000000534, 0000000003, '/demo/extend/416', '2018-10-02 16:59:49'),
(0000000535, 0000000003, '/demo/configs', '2018-10-02 16:59:50'),
(0000000536, 0000000003, '/demo/styles', '2018-10-02 16:59:52'),
(0000000537, 0000000003, '/demo/styles', '2018-10-02 17:00:07'),
(0000000538, 0000000003, '/demo/styles', '2018-10-02 17:00:33'),
(0000000539, 0000000003, '/demo/style/179', '2018-10-02 17:00:35'),
(0000000540, 0000000003, '/demo/extend', '2018-10-02 17:00:38'),
(0000000541, 0000000003, '/demo/extend/416', '2018-10-02 17:00:40'),
(0000000542, 0000000003, '/demo/configs', '2018-10-02 17:00:41'),
(0000000543, 0000000003, '/demo/configs', '2018-10-02 17:00:44'),
(0000000544, 0000000003, '/demo/configs', '2018-10-02 17:00:47'),
(0000000545, 0000000003, '/demo/styles', '2018-10-02 17:00:49'),
(0000000546, 0000000003, '/demo/style/179', '2018-10-02 17:00:50'),
(0000000547, 0000000003, '/demo/configs', '2018-10-02 17:01:30'),
(0000000548, 0000000003, '/demo/styles', '2018-10-02 17:01:31'),
(0000000549, 0000000003, '/demo/style/179', '2018-10-02 17:01:33'),
(0000000550, 0000000003, '/demo/style/194', '2018-10-02 17:01:41'),
(0000000551, 0000000003, '/demo/style/205', '2018-10-02 17:01:42'),
(0000000552, 0000000003, '/demo/style/205', '2018-10-02 17:03:43'),
(0000000553, 0000000003, '/demo/style/257', '2018-10-02 17:03:50'),
(0000000554, 0000000003, '/demo/style/257', '2018-10-02 17:05:00'),
(0000000555, 0000000003, '/demo/style/283', '2018-10-02 17:05:02'),
(0000000556, 0000000003, '/demo/style/283', '2018-10-02 17:05:23'),
(0000000557, 0000000003, '/demo/style/325', '2018-10-02 17:05:25'),
(0000000558, 0000000003, '/demo/style/327', '2018-10-02 17:05:30'),
(0000000559, 0000000003, '/demo/style/328', '2018-10-02 17:05:31'),
(0000000560, 0000000003, '/demo/style/328', '2018-10-02 17:05:57'),
(0000000561, 0000000003, '/demo/style/334', '2018-10-02 17:06:00'),
(0000000562, 0000000003, '/demo/style/262', '2018-10-02 17:06:02'),
(0000000563, 0000000003, '/demo/style/272', '2018-10-02 17:06:03'),
(0000000564, 0000000003, '/demo/style/272', '2018-10-02 17:08:24'),
(0000000565, 0000000003, '/demo/style/272', '2018-10-02 17:08:57'),
(0000000566, 0000000003, '/demo/style/230', '2018-10-02 17:09:32'),
(0000000567, 0000000003, '/demo/style/247', '2018-10-02 17:09:46'),
(0000000568, 0000000003, '/demo/style/230', '2018-10-02 17:09:50'),
(0000000569, 0000000003, '/demo/style/247', '2018-10-02 17:09:59'),
(0000000570, 0000000003, '/demo/style/247', '2018-10-02 17:10:23'),
(0000000571, 0000000003, '/demo/style/346', '2018-10-02 17:10:30'),
(0000000572, 0000000003, '/demo/style/352', '2018-10-02 17:10:33'),
(0000000573, 0000000003, '/demo/style/352', '2018-10-02 17:11:20'),
(0000000574, 0000000003, '/demo/style/362', '2018-10-02 17:11:24'),
(0000000575, 0000000003, '/demo/style/362', '2018-10-02 17:11:53'),
(0000000576, 0000000003, '/demo/style/363', '2018-10-02 17:11:57'),
(0000000577, 0000000003, '/demo/style/363', '2018-10-02 17:12:22'),
(0000000578, 0000000003, '/demo/style/257', '2018-10-02 17:12:28'),
(0000000579, 0000000003, '/demo/style/352', '2018-10-02 17:12:37'),
(0000000580, 0000000003, '/demo/style/362', '2018-10-02 17:12:50'),
(0000000581, 0000000003, '/demo/style/363', '2018-10-02 17:12:58'),
(0000000582, 0000000003, '/demo/extend', '2018-10-02 17:14:38'),
(0000000583, 0000000003, '/demo/extend/416', '2018-10-02 17:14:40'),
(0000000584, 0000000003, '/demo/extend/417', '2018-10-02 17:14:43'),
(0000000585, 0000000003, '/demo/extend', '2018-10-02 17:15:44'),
(0000000586, 0000000003, '/demo/extend/416', '2018-10-02 17:15:45'),
(0000000587, 0000000003, '/demo/extend/417', '2018-10-02 17:15:47'),
(0000000588, 0000000003, '/demo/extend/418', '2018-10-02 17:15:49'),
(0000000589, 0000000003, '/demo/extend/419', '2018-10-02 17:15:51'),
(0000000590, 0000000003, '/demo/extend/420', '2018-10-02 17:15:52'),
(0000000591, 0000000003, '/demo/extend/421', '2018-10-02 17:15:53'),
(0000000592, 0000000003, '/demo/configs', '2018-10-02 17:15:55'),
(0000000593, 0000000003, '/demo/styles', '2018-10-02 17:15:58'),
(0000000594, 0000000003, '/demo/style/179', '2018-10-02 17:15:59'),
(0000000595, 0000000003, '/demo/style/179', '2018-10-02 17:17:10'),
(0000000596, 0000000003, '/demo/styles', '2018-10-02 17:18:53'),
(0000000597, 0000000003, '/demo/style/179', '2018-10-02 17:18:54'),
(0000000598, 0000000003, '/demo/style/194', '2018-10-02 17:18:55'),
(0000000599, 0000000003, '/demo/style/205', '2018-10-02 17:18:56'),
(0000000600, 0000000003, '/demo/style/257', '2018-10-02 17:18:57'),
(0000000601, 0000000003, '/demo/style/283', '2018-10-02 17:18:59'),
(0000000602, 0000000003, '/demo/style/325', '2018-10-02 17:19:00'),
(0000000603, 0000000003, '/demo/style/327', '2018-10-02 17:19:01'),
(0000000604, 0000000003, '/demo/style/328', '2018-10-02 17:19:02'),
(0000000605, 0000000003, '/demo/style/334', '2018-10-02 17:19:02'),
(0000000606, 0000000003, '/demo/style/262', '2018-10-02 17:19:03'),
(0000000607, 0000000003, '/demo/style/272', '2018-10-02 17:19:04'),
(0000000608, 0000000003, '/demo/style/230', '2018-10-02 17:19:05'),
(0000000609, 0000000003, '/demo/style/247', '2018-10-02 17:19:06'),
(0000000610, 0000000003, '/demo/style/346', '2018-10-02 17:19:07'),
(0000000611, 0000000003, '/demo/style/352', '2018-10-02 17:19:07'),
(0000000612, 0000000003, '/demo/style/362', '2018-10-02 17:19:08'),
(0000000613, 0000000003, '/demo/style/363', '2018-10-02 17:19:09'),
(0000000614, 0000000003, '/demo/configs', '2018-10-02 17:19:12'),
(0000000615, 0000000003, '/demo/extend', '2018-10-02 17:25:39'),
(0000000616, 0000000003, '/demo/configs', '2018-10-02 17:25:40'),
(0000000617, 0000000003, '/demo/configs', '2018-10-02 17:25:42'),
(0000000618, 0000000003, '/demo/extend', '2018-10-02 17:25:43'),
(0000000619, 0000000003, '/demo/extend/416', '2018-10-02 17:25:44'),
(0000000620, 0000000003, '/demo/extend/417', '2018-10-02 17:25:46'),
(0000000621, 0000000003, '/demo/extend/418', '2018-10-02 17:25:47'),
(0000000622, 0000000003, '/demo/extend/419', '2018-10-02 17:25:48'),
(0000000623, 0000000003, '/demo/extend/420', '2018-10-02 17:25:48'),
(0000000624, 0000000003, '/demo/extend/421', '2018-10-02 17:25:49'),
(0000000625, 0000000003, '/demo/configs', '2018-10-02 17:27:39'),
(0000000626, 0000000003, '/demo/extend', '2018-10-02 18:21:47'),
(0000000627, 0000000003, '/demo/styles', '2018-10-02 18:24:02'),
(0000000628, 0000000003, '/demo/style/362', '2018-10-02 18:24:07'),
(0000000629, 0000000003, '/demo/styles', '2018-10-02 18:28:49'),
(0000000630, 0000000003, '/demo/style/346', '2018-10-02 18:28:50'),
(0000000631, 0000000001, '/demo/styles', '2018-10-03 09:07:45'),
(0000000632, 0000000001, '/demo/style/362', '2018-10-03 09:07:50'),
(0000000633, 0000000001, '/demo/style/363', '2018-10-03 09:07:58'),
(0000000634, 0000000001, '/demo/configs', '2018-10-03 09:08:03'),
(0000000635, 0000000001, '/demo/extend', '2018-10-03 09:08:05'),
(0000000636, 0000000001, '/demo/extend', '2018-10-03 09:09:26'),
(0000000637, 0000000001, '/demo/configs', '2018-10-03 09:09:28'),
(0000000638, 0000000001, '/demo/styles', '2018-10-03 09:16:14'),
(0000000639, 0000000001, '/demo/extend', '2018-10-03 09:16:17'),
(0000000640, 0000000001, '/demo/extend/416', '2018-10-03 09:16:20'),
(0000000641, 0000000001, '/demo/extend', '2018-10-03 09:16:26'),
(0000000642, 0000000001, '/demo/configs', '2018-10-03 09:16:28'),
(0000000643, 0000000001, '/demo/styles', '2018-10-03 09:16:31'),
(0000000644, 0000000001, '/demo/style/179', '2018-10-03 09:16:32'),
(0000000645, 0000000001, '/demo/extend', '2018-10-03 09:16:34'),
(0000000646, 0000000001, '/demo/extend/417', '2018-10-03 09:16:35'),
(0000000647, 0000000001, '/demo/extend', '2018-10-03 09:17:14'),
(0000000648, 0000000001, '/demo/extend/416', '2018-10-03 09:17:15'),
(0000000649, 0000000001, '/demo/extend/417', '2018-10-03 09:17:16'),
(0000000650, 0000000001, '/demo/extend/418', '2018-10-03 09:17:16'),
(0000000651, 0000000001, '/demo/extend/419', '2018-10-03 09:17:17'),
(0000000652, 0000000001, '/demo/extend/420', '2018-10-03 09:17:18'),
(0000000653, 0000000001, '/demo/extend/421', '2018-10-03 09:17:18'),
(0000000654, 0000000001, '/demo/configs', '2018-10-03 09:17:20'),
(0000000655, 0000000001, '/demo/styles', '2018-10-03 09:17:21'),
(0000000656, 0000000001, '/demo/styles', '2018-10-03 09:17:24'),
(0000000657, 0000000001, '/demo/configs', '2018-10-03 09:17:26'),
(0000000658, 0000000001, '/demo/extend', '2018-10-03 09:17:27'),
(0000000659, 0000000003, '/demo/extend', '2018-10-03 09:20:24'),
(0000000660, 0000000003, '/demo/extend/416', '2018-10-03 09:20:26'),
(0000000661, 0000000003, '/demo/styles', '2018-10-03 09:20:27'),
(0000000662, 0000000003, '/demo/style/205', '2018-10-03 09:20:28'),
(0000000663, 0000000001, '/demo/extend', '2018-10-03 09:25:25'),
(0000000664, 0000000001, '/demo/configs', '2018-10-03 09:25:26'),
(0000000665, 0000000001, '/demo/styles', '2018-10-03 09:39:47'),
(0000000666, 0000000001, '/demo/configs', '2018-10-03 09:39:50'),
(0000000667, 0000000001, '/demo/extend', '2018-10-03 09:39:54'),
(0000000668, 0000000001, '/demo/extend/416', '2018-10-03 09:40:02'),
(0000000669, 0000000001, '/demo/extend', '2018-10-03 09:47:43'),
(0000000670, 0000000001, '/demo/extend/418', '2018-10-03 09:47:44'),
(0000000671, 0000000001, '/demo/extend/419', '2018-10-03 09:47:45'),
(0000000672, 0000000001, '/demo/extend/420', '2018-10-03 09:47:47'),
(0000000673, 0000000001, '/demo/extend/421', '2018-10-03 09:47:57'),
(0000000674, 0000000001, '/demo/extend/420', '2018-10-03 09:48:13'),
(0000000675, 0000000001, '/demo/extend/419', '2018-10-03 09:48:14'),
(0000000676, 0000000001, '/demo/extend/420', '2018-10-03 09:48:15'),
(0000000677, 0000000001, '/demo/styles', '2018-10-03 09:48:58'),
(0000000678, 0000000001, '/demo/style/179', '2018-10-03 09:49:00'),
(0000000679, 0000000001, '/demo/style/352', '2018-10-03 09:49:15'),
(0000000680, 0000000003, '/demo/extend', '2018-10-03 09:51:01'),
(0000000681, 0000000003, '/demo/extend/418', '2018-10-03 09:55:34'),
(0000000682, 0000000003, '/demo/extend/420', '2018-10-03 10:20:05'),
(0000000683, 0000000003, '/demo/extend/418', '2018-10-03 10:20:46'),
(0000000684, 0000000003, '/demo/extend/420', '2018-10-03 10:21:13'),
(0000000685, 0000000003, '/demo/extend/421', '2018-10-03 10:23:00'),
(0000000686, 0000000003, '/demo/configs', '2018-10-03 10:51:28'),
(0000000687, 0000000003, '/demo/styles', '2018-10-03 11:19:05'),
(0000000688, 0000000003, '/demo/style/179', '2018-10-03 11:19:07'),
(0000000689, 0000000003, '/demo/styles', '2018-10-03 11:43:11'),
(0000000690, 0000000003, '/demo/extend', '2018-10-03 11:43:12'),
(0000000691, 0000000003, '/demo/extend/416', '2018-10-03 11:43:14'),
(0000000692, 0000000003, '/demo/extend', '2018-10-03 11:43:37'),
(0000000693, 0000000003, '/demo/extend', '2018-10-03 11:43:46'),
(0000000694, 0000000003, '/demo/configs', '2018-10-03 11:54:33'),
(0000000695, 0000000001, '/demo/styles', '2018-10-03 12:26:45'),
(0000000696, 0000000001, '/demo/configs', '2018-10-03 12:26:46'),
(0000000697, 0000000001, '/demo/extend', '2018-10-03 12:26:47'),
(0000000698, 0000000001, '/demo/styles', '2018-10-03 12:26:55'),
(0000000699, 0000000001, '/demo/extend', '2018-10-03 12:26:58'),
(0000000700, 0000000001, '/demo/styles', '2018-10-03 12:27:02'),
(0000000701, 0000000001, '/demo/extend', '2018-10-03 12:27:09'),
(0000000702, 0000000003, '/demo/styles', '2018-10-03 12:27:23'),
(0000000703, 0000000003, '/demo/configs', '2018-10-03 12:27:24'),
(0000000704, 0000000003, '/demo/extend', '2018-10-03 12:29:39'),
(0000000705, 0000000003, '/demo/styles', '2018-10-03 12:30:09'),
(0000000706, 0000000003, '/demo/configs', '2018-10-03 12:30:10'),
(0000000707, 0000000003, '/demo/styles', '2018-10-03 12:30:11'),
(0000000708, 0000000003, '/demo/style/327', '2018-10-03 12:30:13'),
(0000000709, 0000000003, '/demo/styles', '2018-10-03 12:32:32'),
(0000000710, 0000000001, '/demo/styles', '2018-10-03 12:34:29'),
(0000000711, 0000000001, '/demo/styles', '2018-10-03 12:34:33'),
(0000000712, 0000000001, '/demo/configs', '2018-10-03 12:34:34'),
(0000000713, 0000000001, '/demo/extend', '2018-10-03 12:34:35'),
(0000000714, 0000000001, '/demo/styles', '2018-10-03 12:35:24'),
(0000000715, 0000000001, '/demo/configs', '2018-10-03 12:35:24'),
(0000000716, 0000000001, '/demo/extend', '2018-10-03 12:35:25'),
(0000000717, 0000000002, '/demo/styles', '2018-10-03 12:42:09'),
(0000000718, 0000000002, '/demo/configs', '2018-10-03 12:42:11'),
(0000000719, 0000000002, '/demo/extend', '2018-10-03 12:42:11'),
(0000000720, 0000000002, '/demo/extend', '2018-10-03 12:42:18'),
(0000000721, 0000000002, '/demo/extend/416', '2018-10-03 12:42:26'),
(0000000722, 0000000002, '/demo/styles', '2018-10-03 12:57:33'),
(0000000723, 0000000002, '/demo/configs', '2018-10-03 12:57:34'),
(0000000724, 0000000001, '/demo/styles', '2018-10-03 12:58:26'),
(0000000725, 0000000003, '/demo/styles', '2018-10-03 12:59:14'),
(0000000726, 0000000003, '/demo/styles', '2018-10-03 12:59:21'),
(0000000727, 0000000001, '/demo/styles', '2018-10-03 13:13:44'),
(0000000728, 0000000001, '/demo/styles', '2018-10-03 13:45:27'),
(0000000729, 0000000001, '/demo/configs', '2018-10-03 13:45:27'),
(0000000730, 0000000001, '/demo/extend', '2018-10-03 13:45:28'),
(0000000731, 0000000001, '/demo/styles', '2018-10-03 13:51:25'),
(0000000732, 0000000001, '/demo/configs', '2018-10-03 13:51:25'),
(0000000733, 0000000001, '/demo/extend', '2018-10-03 13:51:26'),
(0000000734, 0000000001, '/demo/styles', '2018-10-03 13:56:30'),
(0000000735, 0000000001, '/demo/extend', '2018-10-03 13:58:09'),
(0000000736, 0000000003, '/demo/extend', '2018-10-03 13:58:19'),
(0000000737, 0000000003, '/demo/configs', '2018-10-03 13:58:19'),
(0000000738, 0000000003, '/demo/styles', '2018-10-03 13:58:20'),
(0000000739, 0000000001, '/demo/extend', '2018-10-03 14:17:17'),
(0000000740, 0000000001, '/demo/configs', '2018-10-03 14:17:19'),
(0000000741, 0000000001, '/demo/styles', '2018-10-03 14:17:20'),
(0000000742, 0000000001, '/demo/configs', '2018-10-03 14:25:06'),
(0000000743, 0000000001, '/demo/extend', '2018-10-03 14:25:06'),
(0000000744, 0000000001, '/demo/extend/416', '2018-10-03 14:25:08'),
(0000000745, 0000000001, '/demo/styles', '2018-10-03 14:28:40'),
(0000000746, 0000000001, '/demo/extend', '2018-10-03 14:29:08'),
(0000000747, 0000000001, '/demo/styles', '2018-10-03 14:31:45'),
(0000000748, 0000000001, '/demo/extend', '2018-10-03 14:33:05'),
(0000000749, 0000000001, '/demo/configs', '2018-10-03 14:33:07'),
(0000000750, 0000000001, '/demo/configs', '2018-10-03 14:33:28'),
(0000000751, 0000000001, '/demo/extend', '2018-10-03 14:38:03'),
(0000000752, 0000000001, '/demo/extend/416', '2018-10-03 14:56:49'),
(0000000753, 0000000001, '/demo/extend/416', '2018-10-03 15:00:56'),
(0000000754, 0000000001, '/demo/styles', '2018-10-03 15:16:43'),
(0000000755, 0000000001, '/demo/configs', '2018-10-03 15:16:44'),
(0000000756, 0000000001, '/demo/extend', '2018-10-03 15:16:45'),
(0000000757, 0000000001, '/demo/style/179', '2018-10-03 15:17:44'),
(0000000758, 0000000001, '/demo/style/194', '2018-10-03 15:17:45'),
(0000000759, 0000000001, '/demo/style/205', '2018-10-03 15:17:46'),
(0000000760, 0000000001, '/demo/style/257', '2018-10-03 15:17:47'),
(0000000761, 0000000001, '/demo/style/283', '2018-10-03 15:17:48'),
(0000000762, 0000000001, '/demo/style/325', '2018-10-03 15:17:49'),
(0000000763, 0000000001, '/demo/style/327', '2018-10-03 15:17:50'),
(0000000764, 0000000001, '/demo/style/328', '2018-10-03 15:17:51'),
(0000000765, 0000000001, '/demo/style/334', '2018-10-03 15:17:52'),
(0000000766, 0000000001, '/demo/style/262', '2018-10-03 15:17:53'),
(0000000767, 0000000001, '/demo/style/272', '2018-10-03 15:17:53'),
(0000000768, 0000000001, '/demo/style/230', '2018-10-03 15:17:54'),
(0000000769, 0000000001, '/demo/style/247', '2018-10-03 15:17:55');
INSERT INTO `user_activity` (`id`, `id_users`, `url`, `timestamp`) VALUES
(0000000770, 0000000001, '/demo/style/346', '2018-10-03 15:17:56'),
(0000000771, 0000000001, '/demo/style/352', '2018-10-03 15:17:57'),
(0000000772, 0000000001, '/demo/style/362', '2018-10-03 15:17:58'),
(0000000773, 0000000001, '/demo/style/363', '2018-10-03 15:18:00'),
(0000000774, 0000000001, '/demo/extend/416', '2018-10-03 15:18:01'),
(0000000775, 0000000001, '/demo/extend/417', '2018-10-03 15:18:01'),
(0000000776, 0000000001, '/demo/extend/418', '2018-10-03 15:18:02'),
(0000000777, 0000000001, '/demo/extend/419', '2018-10-03 15:18:03'),
(0000000778, 0000000001, '/demo/extend/420', '2018-10-03 15:18:03'),
(0000000779, 0000000001, '/demo/extend/421', '2018-10-03 15:18:04'),
(0000000780, 0000000001, '/demo/styles', '2018-10-03 15:18:07'),
(0000000781, 0000000001, '/demo/configs', '2018-10-03 15:18:08'),
(0000000782, 0000000001, '/demo/extend', '2018-10-03 15:18:08'),
(0000000783, 0000000001, '/demo/style/179', '2018-10-03 15:18:30'),
(0000000784, 0000000001, '/demo/style/194', '2018-10-03 15:18:31'),
(0000000785, 0000000001, '/demo/style/205', '2018-10-03 15:18:32'),
(0000000786, 0000000001, '/demo/style/257', '2018-10-03 15:18:33'),
(0000000787, 0000000001, '/demo/style/283', '2018-10-03 15:18:34'),
(0000000788, 0000000001, '/demo/style/325', '2018-10-03 15:18:35'),
(0000000789, 0000000001, '/demo/style/327', '2018-10-03 15:18:36'),
(0000000790, 0000000001, '/demo/style/328', '2018-10-03 15:18:36'),
(0000000791, 0000000001, '/demo/style/334', '2018-10-03 15:18:37'),
(0000000792, 0000000001, '/demo/style/262', '2018-10-03 15:18:38'),
(0000000793, 0000000001, '/demo/style/272', '2018-10-03 15:18:39'),
(0000000794, 0000000001, '/demo/style/230', '2018-10-03 15:18:40'),
(0000000795, 0000000001, '/demo/style/247', '2018-10-03 15:18:41'),
(0000000796, 0000000001, '/demo/style/346', '2018-10-03 15:18:42'),
(0000000797, 0000000001, '/demo/style/352', '2018-10-03 15:18:43'),
(0000000798, 0000000001, '/demo/style/362', '2018-10-03 15:18:44'),
(0000000799, 0000000001, '/demo/style/363', '2018-10-03 15:18:45'),
(0000000800, 0000000001, '/demo/extend/416', '2018-10-03 15:18:48'),
(0000000801, 0000000001, '/demo/extend/417', '2018-10-03 15:18:48'),
(0000000802, 0000000001, '/demo/extend/418', '2018-10-03 15:18:49'),
(0000000803, 0000000001, '/demo/extend/419', '2018-10-03 15:18:50'),
(0000000804, 0000000001, '/demo/extend/420', '2018-10-03 15:18:50'),
(0000000805, 0000000001, '/demo/extend/421', '2018-10-03 15:18:51'),
(0000000806, 0000000001, '/demo/configs', '2018-10-03 15:43:50'),
(0000000807, 0000000001, '/demo/extend', '2018-10-03 15:43:50'),
(0000000808, 0000000001, '/demo/extend/416', '2018-10-03 15:43:50'),
(0000000809, 0000000001, '/demo/extend/417', '2018-10-03 15:43:50'),
(0000000810, 0000000001, '/demo/extend/418', '2018-10-03 15:43:50'),
(0000000811, 0000000001, '/demo/extend/419', '2018-10-03 15:43:50'),
(0000000812, 0000000001, '/demo/extend/420', '2018-10-03 15:43:50'),
(0000000813, 0000000001, '/demo/extend/421', '2018-10-03 15:43:50'),
(0000000814, 0000000001, '/demo/style/179', '2018-10-03 15:43:51'),
(0000000815, 0000000001, '/demo/style/194', '2018-10-03 15:43:51'),
(0000000816, 0000000001, '/demo/style/205', '2018-10-03 15:43:51'),
(0000000817, 0000000001, '/demo/style/230', '2018-10-03 15:43:51'),
(0000000818, 0000000001, '/demo/style/247', '2018-10-03 15:43:51'),
(0000000819, 0000000001, '/demo/style/257', '2018-10-03 15:43:51'),
(0000000820, 0000000001, '/demo/style/262', '2018-10-03 15:43:51'),
(0000000821, 0000000001, '/demo/style/272', '2018-10-03 15:43:51'),
(0000000822, 0000000001, '/demo/style/283', '2018-10-03 15:43:51'),
(0000000823, 0000000001, '/demo/style/325', '2018-10-03 15:43:52'),
(0000000824, 0000000001, '/demo/style/327', '2018-10-03 15:43:52'),
(0000000825, 0000000001, '/demo/style/328', '2018-10-03 15:43:52'),
(0000000826, 0000000001, '/demo/style/334', '2018-10-03 15:43:52'),
(0000000827, 0000000001, '/demo/style/346', '2018-10-03 15:43:52'),
(0000000828, 0000000001, '/demo/style/352', '2018-10-03 15:43:52'),
(0000000829, 0000000001, '/demo/style/362', '2018-10-03 15:43:52'),
(0000000830, 0000000001, '/demo/style/363', '2018-10-03 15:43:52'),
(0000000831, 0000000001, '/demo/styles', '2018-10-03 15:43:52'),
(0000000832, 0000000001, '/demo/configs', '2018-10-03 15:43:54'),
(0000000833, 0000000001, '/demo/extend', '2018-10-03 15:44:07'),
(0000000834, 0000000001, '/demo/extend/416', '2018-10-03 15:44:07'),
(0000000835, 0000000001, '/demo/extend/417', '2018-10-03 15:44:07'),
(0000000836, 0000000001, '/demo/extend/418', '2018-10-03 15:44:07'),
(0000000837, 0000000001, '/demo/extend/419', '2018-10-03 15:44:07'),
(0000000838, 0000000001, '/demo/extend/420', '2018-10-03 15:44:07'),
(0000000839, 0000000001, '/demo/extend/421', '2018-10-03 15:44:07'),
(0000000840, 0000000001, '/demo/style/179', '2018-10-03 15:44:08'),
(0000000841, 0000000001, '/demo/style/194', '2018-10-03 15:44:08'),
(0000000842, 0000000001, '/demo/style/205', '2018-10-03 15:44:08'),
(0000000843, 0000000001, '/demo/style/230', '2018-10-03 15:44:08'),
(0000000844, 0000000001, '/demo/style/247', '2018-10-03 15:44:08'),
(0000000845, 0000000001, '/demo/style/257', '2018-10-03 15:44:08'),
(0000000846, 0000000001, '/demo/style/262', '2018-10-03 15:44:08'),
(0000000847, 0000000001, '/demo/style/272', '2018-10-03 15:44:08'),
(0000000848, 0000000001, '/demo/style/283', '2018-10-03 15:44:09'),
(0000000849, 0000000001, '/demo/style/325', '2018-10-03 15:44:09'),
(0000000850, 0000000001, '/demo/style/327', '2018-10-03 15:44:09'),
(0000000851, 0000000001, '/demo/style/328', '2018-10-03 15:44:09'),
(0000000852, 0000000001, '/demo/style/334', '2018-10-03 15:44:09'),
(0000000853, 0000000001, '/demo/style/346', '2018-10-03 15:44:09'),
(0000000854, 0000000001, '/demo/style/352', '2018-10-03 15:44:09'),
(0000000855, 0000000001, '/demo/style/362', '2018-10-03 15:44:09'),
(0000000856, 0000000001, '/demo/style/363', '2018-10-03 15:44:10'),
(0000000857, 0000000001, '/demo/styles', '2018-10-03 15:44:10'),
(0000000858, 0000000001, '/demo/styles', '2018-10-03 17:02:33'),
(0000000859, 0000000001, '/demo/style/257', '2018-10-03 17:02:35'),
(0000000860, 0000000001, '/demo/style/362', '2018-10-03 17:03:01'),
(0000000861, 0000000003, '/demo/styles', '2018-10-03 17:11:55'),
(0000000862, 0000000003, '/demo/style/346', '2018-10-03 17:11:57'),
(0000000863, 0000000003, '/demo/style/362', '2018-10-03 17:11:58'),
(0000000864, 0000000003, '/demo/style/362', '2018-10-03 17:12:13'),
(0000000865, 0000000003, '/demo/style/352', '2018-10-03 17:15:38'),
(0000000866, 0000000003, '/demo/style/362', '2018-10-03 17:15:48'),
(0000000867, 0000000003, '/demo/styles', '2018-10-03 17:26:30'),
(0000000868, 0000000003, '/demo/style/362', '2018-10-03 17:26:33'),
(0000000869, 0000000003, '/demo/style/257', '2018-10-03 17:38:51'),
(0000000870, 0000000001, '/demo/extend', '2018-10-04 08:52:42'),
(0000000871, 0000000001, '/demo/configs', '2018-10-04 08:52:43'),
(0000000872, 0000000001, '/demo/configs', '2018-10-04 08:55:08'),
(0000000873, 0000000001, '/demo/configs', '2018-10-04 08:56:21'),
(0000000874, 0000000001, '/demo/configs', '2018-10-04 09:27:42'),
(0000000875, 0000000001, '/demo/styles', '2018-10-04 09:28:18'),
(0000000876, 0000000001, '/demo/styles', '2018-10-04 09:28:21'),
(0000000877, 0000000001, '/demo/configs', '2018-10-04 09:28:22'),
(0000000878, 0000000001, '/demo/extend', '2018-10-04 09:28:22'),
(0000000879, 0000000001, '/demo/configs', '2018-10-04 10:04:48'),
(0000000880, 0000000001, '/demo/configs', '2018-10-04 10:19:55'),
(0000000881, 0000000001, '/demo/configs', '2018-10-04 10:20:00'),
(0000000882, 0000000001, '/demo/configs', '2018-10-04 10:20:04'),
(0000000883, 0000000001, '/demo/extend', '2018-10-04 10:24:56'),
(0000000884, 0000000001, '/demo/configs', '2018-10-04 10:25:03'),
(0000000885, 0000000001, '/demo/configs', '2018-10-04 10:56:42'),
(0000000886, 0000000001, '/demo/configs', '2018-10-04 11:01:45'),
(0000000887, 0000000001, '/demo/configs', '2018-10-04 11:01:54'),
(0000000888, 0000000001, '/demo/configs', '2018-10-04 11:02:08');

-- --------------------------------------------------------

--
-- Table structure for table `user_input`
--

CREATE TABLE `user_input` (
  `id` int(10) UNSIGNED ZEROFILL NOT NULL,
  `id_users` int(10) UNSIGNED ZEROFILL NOT NULL,
  `id_sections` int(10) UNSIGNED ZEROFILL NOT NULL,
  `value` longtext NOT NULL,
  `edit_time` datetime NOT NULL DEFAULT CURRENT_TIMESTAMP
) ENGINE=InnoDB DEFAULT CHARSET=utf8;

--
-- Indexes for dumped tables
--

--
-- Indexes for table `acl_groups`
--
ALTER TABLE `acl_groups`
  ADD PRIMARY KEY (`id_groups`,`id_pages`),
  ADD KEY `id_pages` (`id_pages`) USING BTREE,
  ADD KEY `id_groups` (`id_groups`) USING BTREE;

--
-- Indexes for table `acl_users`
--
ALTER TABLE `acl_users`
  ADD PRIMARY KEY (`id_users`,`id_pages`),
  ADD KEY `id_users` (`id_users`),
  ADD KEY `id_pages` (`id_pages`);

--
-- Indexes for table `actions`
--
ALTER TABLE `actions`
  ADD PRIMARY KEY (`id`);

--
-- Indexes for table `chat`
--
ALTER TABLE `chat`
  ADD PRIMARY KEY (`id`),
  ADD KEY `id_snd` (`id_snd`) USING BTREE,
  ADD KEY `id_rcv` (`id_rcv`) USING BTREE;

--
-- Indexes for table `fields`
--
ALTER TABLE `fields`
  ADD PRIMARY KEY (`id`),
  ADD KEY `id_type` (`id_type`);

--
-- Indexes for table `fieldType`
--
ALTER TABLE `fieldType`
  ADD PRIMARY KEY (`id`);

--
-- Indexes for table `genders`
--
ALTER TABLE `genders`
  ADD PRIMARY KEY (`id`);

--
-- Indexes for table `groups`
--
ALTER TABLE `groups`
  ADD PRIMARY KEY (`id`);

--
-- Indexes for table `languages`
--
ALTER TABLE `languages`
  ADD PRIMARY KEY (`id`);

--
-- Indexes for table `pages`
--
ALTER TABLE `pages`
  ADD PRIMARY KEY (`id`),
  ADD UNIQUE KEY `keyword` (`keyword`),
  ADD KEY `parent` (`parent`),
  ADD KEY `id_actions` (`id_actions`),
  ADD KEY `id_navigation_section` (`id_navigation_section`),
  ADD KEY `id_type` (`id_type`);

--
-- Indexes for table `pages_fields_translation`
--
ALTER TABLE `pages_fields_translation`
  ADD PRIMARY KEY (`id_pages`,`id_fields`,`id_languages`),
  ADD KEY `id_pages` (`id_pages`),
  ADD KEY `id_fields` (`id_fields`),
  ADD KEY `id_languages` (`id_languages`);

--
-- Indexes for table `pages_sections`
--
ALTER TABLE `pages_sections`
  ADD PRIMARY KEY (`id_pages`,`id_sections`),
  ADD KEY `id_pages` (`id_pages`),
  ADD KEY `id_sections` (`id_sections`);

--
-- Indexes for table `pageType`
--
ALTER TABLE `pageType`
  ADD PRIMARY KEY (`id`);

--
-- Indexes for table `sections`
--
ALTER TABLE `sections`
  ADD PRIMARY KEY (`id`),
  ADD KEY `id_styles` (`id_styles`),
  ADD KEY `owner` (`owner`);

--
-- Indexes for table `sections_fields_translation`
--
ALTER TABLE `sections_fields_translation`
  ADD PRIMARY KEY (`id_sections`,`id_fields`,`id_languages`,`id_genders`),
  ADD KEY `id_sections` (`id_sections`),
  ADD KEY `id_fields` (`id_fields`),
  ADD KEY `id_languages` (`id_languages`),
  ADD KEY `id_genders` (`id_genders`);

--
-- Indexes for table `sections_hierarchy`
--
ALTER TABLE `sections_hierarchy`
  ADD PRIMARY KEY (`parent`,`child`),
  ADD KEY `parent` (`parent`),
  ADD KEY `child` (`child`);

--
-- Indexes for table `sections_navigation`
--
ALTER TABLE `sections_navigation`
  ADD PRIMARY KEY (`parent`,`child`),
  ADD KEY `child` (`child`),
  ADD KEY `parent` (`parent`),
  ADD KEY `id_pages` (`id_pages`);

--
-- Indexes for table `styles`
--
ALTER TABLE `styles`
  ADD PRIMARY KEY (`id`),
  ADD KEY `id_type` (`id_type`);

--
-- Indexes for table `styles_fields`
--
ALTER TABLE `styles_fields`
  ADD PRIMARY KEY (`id_styles`,`id_fields`),
  ADD KEY `id_styles` (`id_styles`),
  ADD KEY `id_fields` (`id_fields`);

--
-- Indexes for table `styleType`
--
ALTER TABLE `styleType`
  ADD PRIMARY KEY (`id`);

--
-- Indexes for table `users`
--
ALTER TABLE `users`
  ADD PRIMARY KEY (`id`),
  ADD UNIQUE KEY `email` (`email`),
  ADD KEY `id_genders` (`id_genders`);

--
-- Indexes for table `users_groups`
--
ALTER TABLE `users_groups`
  ADD PRIMARY KEY (`id_users`,`id_groups`),
  ADD KEY `id_users` (`id_users`),
  ADD KEY `id_groups` (`id_groups`);

--
-- Indexes for table `user_activity`
--
ALTER TABLE `user_activity`
  ADD PRIMARY KEY (`id`),
  ADD KEY `id_users` (`id_users`);

--
-- Indexes for table `user_input`
--
ALTER TABLE `user_input`
  ADD PRIMARY KEY (`id`),
  ADD KEY `id_users` (`id_users`),
  ADD KEY `id_sections` (`id_sections`);

--
-- AUTO_INCREMENT for dumped tables
--

--
-- AUTO_INCREMENT for table `actions`
--
ALTER TABLE `actions`
  MODIFY `id` int(10) UNSIGNED ZEROFILL NOT NULL AUTO_INCREMENT, AUTO_INCREMENT=4;
--
-- AUTO_INCREMENT for table `chat`
--
ALTER TABLE `chat`
  MODIFY `id` int(10) UNSIGNED ZEROFILL NOT NULL AUTO_INCREMENT;
--
-- AUTO_INCREMENT for table `fields`
--
ALTER TABLE `fields`
  MODIFY `id` int(10) UNSIGNED ZEROFILL NOT NULL AUTO_INCREMENT, AUTO_INCREMENT=85;
--
-- AUTO_INCREMENT for table `fieldType`
--
ALTER TABLE `fieldType`
  MODIFY `id` int(10) UNSIGNED ZEROFILL NOT NULL AUTO_INCREMENT, AUTO_INCREMENT=11;
--
-- AUTO_INCREMENT for table `genders`
--
ALTER TABLE `genders`
  MODIFY `id` int(10) UNSIGNED ZEROFILL NOT NULL AUTO_INCREMENT, AUTO_INCREMENT=3;
--
-- AUTO_INCREMENT for table `groups`
--
ALTER TABLE `groups`
  MODIFY `id` int(10) UNSIGNED ZEROFILL NOT NULL AUTO_INCREMENT, AUTO_INCREMENT=4;
--
-- AUTO_INCREMENT for table `languages`
--
ALTER TABLE `languages`
  MODIFY `id` int(10) UNSIGNED ZEROFILL NOT NULL AUTO_INCREMENT, AUTO_INCREMENT=4;
--
-- AUTO_INCREMENT for table `pages`
--
ALTER TABLE `pages`
  MODIFY `id` int(10) UNSIGNED ZEROFILL NOT NULL AUTO_INCREMENT, AUTO_INCREMENT=44;
--
-- AUTO_INCREMENT for table `pageType`
--
ALTER TABLE `pageType`
  MODIFY `id` int(10) UNSIGNED ZEROFILL NOT NULL AUTO_INCREMENT, AUTO_INCREMENT=4;
--
-- AUTO_INCREMENT for table `sections`
--
ALTER TABLE `sections`
  MODIFY `id` int(10) UNSIGNED ZEROFILL NOT NULL AUTO_INCREMENT, AUTO_INCREMENT=432;
--
-- AUTO_INCREMENT for table `styles`
--
ALTER TABLE `styles`
  MODIFY `id` int(10) UNSIGNED ZEROFILL NOT NULL AUTO_INCREMENT, AUTO_INCREMENT=36;
--
-- AUTO_INCREMENT for table `styleType`
--
ALTER TABLE `styleType`
  MODIFY `id` int(10) UNSIGNED ZEROFILL NOT NULL AUTO_INCREMENT, AUTO_INCREMENT=4;
--
-- AUTO_INCREMENT for table `users`
--
ALTER TABLE `users`
  MODIFY `id` int(10) UNSIGNED ZEROFILL NOT NULL AUTO_INCREMENT, AUTO_INCREMENT=4;
--
-- AUTO_INCREMENT for table `user_activity`
--
ALTER TABLE `user_activity`
  MODIFY `id` int(10) UNSIGNED ZEROFILL NOT NULL AUTO_INCREMENT, AUTO_INCREMENT=889;
--
-- AUTO_INCREMENT for table `user_input`
--
ALTER TABLE `user_input`
  MODIFY `id` int(10) UNSIGNED ZEROFILL NOT NULL AUTO_INCREMENT;
--
-- Constraints for dumped tables
--

--
-- Constraints for table `acl_groups`
--
ALTER TABLE `acl_groups`
  ADD CONSTRAINT `fk_acl_groups_id_groups` FOREIGN KEY (`id_groups`) REFERENCES `groups` (`id`) ON DELETE CASCADE ON UPDATE CASCADE,
  ADD CONSTRAINT `fk_acl_groups_id_pages` FOREIGN KEY (`id_pages`) REFERENCES `pages` (`id`) ON DELETE CASCADE ON UPDATE CASCADE;

--
-- Constraints for table `acl_users`
--
ALTER TABLE `acl_users`
  ADD CONSTRAINT `acl_fk_id_pages` FOREIGN KEY (`id_pages`) REFERENCES `pages` (`id`) ON DELETE CASCADE ON UPDATE CASCADE,
  ADD CONSTRAINT `acl_fk_id_users` FOREIGN KEY (`id_users`) REFERENCES `users` (`id`) ON DELETE CASCADE ON UPDATE CASCADE;

--
-- Constraints for table `chat`
--
ALTER TABLE `chat`
  ADD CONSTRAINT `fk_chat_id_rcv_user` FOREIGN KEY (`id_rcv`) REFERENCES `users` (`id`) ON DELETE CASCADE ON UPDATE CASCADE,
  ADD CONSTRAINT `fk_chat_id_send` FOREIGN KEY (`id_snd`) REFERENCES `users` (`id`) ON DELETE CASCADE ON UPDATE CASCADE;

--
-- Constraints for table `fields`
--
ALTER TABLE `fields`
  ADD CONSTRAINT `fields_fk_id_type` FOREIGN KEY (`id_type`) REFERENCES `fieldType` (`id`) ON DELETE CASCADE ON UPDATE CASCADE;

--
-- Constraints for table `pages`
--
ALTER TABLE `pages`
  ADD CONSTRAINT `pages_fk_id_actions` FOREIGN KEY (`id_actions`) REFERENCES `actions` (`id`) ON DELETE CASCADE ON UPDATE CASCADE,
  ADD CONSTRAINT `pages_fk_id_navigation_section` FOREIGN KEY (`id_navigation_section`) REFERENCES `sections` (`id`) ON DELETE CASCADE ON UPDATE CASCADE,
  ADD CONSTRAINT `pages_fk_id_type` FOREIGN KEY (`id_type`) REFERENCES `pageType` (`id`) ON DELETE CASCADE ON UPDATE CASCADE,
  ADD CONSTRAINT `pages_fk_parent` FOREIGN KEY (`parent`) REFERENCES `pages` (`id`) ON DELETE SET NULL ON UPDATE CASCADE;

--
-- Constraints for table `pages_fields_translation`
--
ALTER TABLE `pages_fields_translation`
  ADD CONSTRAINT `pages_fields_translation_fk_id_fields` FOREIGN KEY (`id_fields`) REFERENCES `fields` (`id`) ON DELETE CASCADE ON UPDATE CASCADE,
  ADD CONSTRAINT `pages_fields_translation_fk_id_languages` FOREIGN KEY (`id_languages`) REFERENCES `languages` (`id`) ON DELETE CASCADE ON UPDATE CASCADE,
  ADD CONSTRAINT `pages_fields_translation_fk_id_pages` FOREIGN KEY (`id_pages`) REFERENCES `pages` (`id`) ON DELETE CASCADE ON UPDATE CASCADE;

--
-- Constraints for table `pages_sections`
--
ALTER TABLE `pages_sections`
  ADD CONSTRAINT `pages_sections_fk_id_pages` FOREIGN KEY (`id_pages`) REFERENCES `pages` (`id`) ON DELETE CASCADE ON UPDATE CASCADE,
  ADD CONSTRAINT `pages_sections_fk_id_sections` FOREIGN KEY (`id_sections`) REFERENCES `sections` (`id`) ON DELETE CASCADE ON UPDATE CASCADE;

--
-- Constraints for table `sections`
--
ALTER TABLE `sections`
  ADD CONSTRAINT `sections_fk_id_styles` FOREIGN KEY (`id_styles`) REFERENCES `styles` (`id`) ON DELETE CASCADE ON UPDATE CASCADE,
  ADD CONSTRAINT `sections_fk_owner` FOREIGN KEY (`owner`) REFERENCES `users` (`id`) ON DELETE CASCADE ON UPDATE CASCADE;

--
-- Constraints for table `sections_fields_translation`
--
ALTER TABLE `sections_fields_translation`
  ADD CONSTRAINT `sections_fields_translation_fk_id_fields` FOREIGN KEY (`id_fields`) REFERENCES `fields` (`id`) ON DELETE CASCADE ON UPDATE CASCADE,
  ADD CONSTRAINT `sections_fields_translation_fk_id_genders` FOREIGN KEY (`id_genders`) REFERENCES `genders` (`id`) ON DELETE CASCADE ON UPDATE CASCADE,
  ADD CONSTRAINT `sections_fields_translation_fk_id_languages` FOREIGN KEY (`id_languages`) REFERENCES `languages` (`id`) ON DELETE CASCADE ON UPDATE CASCADE,
  ADD CONSTRAINT `sections_fields_translation_fk_id_sections` FOREIGN KEY (`id_sections`) REFERENCES `sections` (`id`) ON DELETE CASCADE ON UPDATE CASCADE;

--
-- Constraints for table `sections_hierarchy`
--
ALTER TABLE `sections_hierarchy`
  ADD CONSTRAINT `sections_hierarchy_fk_child` FOREIGN KEY (`child`) REFERENCES `sections` (`id`) ON DELETE CASCADE ON UPDATE CASCADE,
  ADD CONSTRAINT `sections_hierarchy_fk_parent` FOREIGN KEY (`parent`) REFERENCES `sections` (`id`) ON DELETE CASCADE ON UPDATE CASCADE;

--
-- Constraints for table `sections_navigation`
--
ALTER TABLE `sections_navigation`
  ADD CONSTRAINT `sections_navigation_fk_child` FOREIGN KEY (`child`) REFERENCES `sections` (`id`) ON DELETE CASCADE ON UPDATE CASCADE,
  ADD CONSTRAINT `sections_navigation_fk_id_pages` FOREIGN KEY (`id_pages`) REFERENCES `pages` (`id`) ON DELETE CASCADE ON UPDATE CASCADE,
  ADD CONSTRAINT `sections_navigation_fk_parent` FOREIGN KEY (`parent`) REFERENCES `sections` (`id`) ON DELETE CASCADE ON UPDATE CASCADE;

--
-- Constraints for table `styles`
--
ALTER TABLE `styles`
  ADD CONSTRAINT `styles_fk_id_type` FOREIGN KEY (`id_type`) REFERENCES `styleType` (`id`) ON DELETE CASCADE ON UPDATE CASCADE;

--
-- Constraints for table `styles_fields`
--
ALTER TABLE `styles_fields`
  ADD CONSTRAINT `styles_fields_fk_id_fields` FOREIGN KEY (`id_fields`) REFERENCES `fields` (`id`) ON DELETE CASCADE ON UPDATE CASCADE,
  ADD CONSTRAINT `styles_fields_fk_id_styles` FOREIGN KEY (`id_styles`) REFERENCES `styles` (`id`) ON DELETE CASCADE ON UPDATE CASCADE;

--
-- Constraints for table `users`
--
ALTER TABLE `users`
  ADD CONSTRAINT `fk_users_id_genders` FOREIGN KEY (`id_genders`) REFERENCES `genders` (`id`) ON DELETE CASCADE ON UPDATE CASCADE;

--
-- Constraints for table `users_groups`
--
ALTER TABLE `users_groups`
  ADD CONSTRAINT `fk_users_groups_id_groups` FOREIGN KEY (`id_groups`) REFERENCES `groups` (`id`) ON DELETE CASCADE ON UPDATE CASCADE,
  ADD CONSTRAINT `fk_users_groups_id_users` FOREIGN KEY (`id_users`) REFERENCES `users` (`id`) ON DELETE CASCADE ON UPDATE CASCADE;

--
-- Constraints for table `user_activity`
--
ALTER TABLE `user_activity`
  ADD CONSTRAINT `fk_user_activity_fk_id_users` FOREIGN KEY (`id_users`) REFERENCES `users` (`id`) ON DELETE CASCADE ON UPDATE CASCADE;

--
-- Constraints for table `user_input`
--
ALTER TABLE `user_input`
  ADD CONSTRAINT `user_input_fk_id_sections` FOREIGN KEY (`id_sections`) REFERENCES `sections` (`id`) ON DELETE CASCADE ON UPDATE CASCADE,
  ADD CONSTRAINT `user_input_fk_id_users` FOREIGN KEY (`id_users`) REFERENCES `users` (`id`) ON DELETE CASCADE ON UPDATE CASCADE;

/*!40101 SET CHARACTER_SET_CLIENT=@OLD_CHARACTER_SET_CLIENT */;
/*!40101 SET CHARACTER_SET_RESULTS=@OLD_CHARACTER_SET_RESULTS */;
/*!40101 SET COLLATION_CONNECTION=@OLD_COLLATION_CONNECTION */;
